<?xml version="1.0" ?>
<kml xmlns="http://www.opengis.net/kml/2.2">
  <Document>
    <name>Wien - Behörden, Polizei &amp; Botschaften</name>
    <Style id="Behörde">
      <IconStyle>
        <color>ff0000ff</color>
        <Icon>
          <href>http://maps.google.com/mapfiles/kml/pushpin/blue-pushpin.png</href>
        </Icon>
      </IconStyle>
    </Style>
    <Style id="Polizei">
      <IconStyle>
        <color>ff0000ff</color>
        <Icon>
          <href>http://maps.google.com/mapfiles/kml/pushpin/red-pushpin.png</href>
        </Icon>
      </IconStyle>
    </Style>
    <Style id="Botschaft">
      <IconStyle>
        <color>ff00ff00</color>
        <Icon>
          <href>http://maps.google.com/mapfiles/kml/pushpin/grn-pushpin.png</href>
        </Icon>
      </IconStyle>
    </Style>
    <Style id="Konsulat">
      <IconStyle>
        <color>ff00a5ff</color>
        <Icon>
          <href>http://maps.google.com/mapfiles/kml/pushpin/ylw-pushpin.png</href>
        </Icon>
      </IconStyle>
    </Style>
    <Placemark>
      <name>Polizeiinspektion Klosterneuburg</name>
      <description>Kategorie: Polizei&lt;br&gt;Quelle: OSM</description>
      <styleUrl>#Polizei</styleUrl>
      <Point>
        <coordinates>16.3247974,48.3027379,0</coordinates>
      </Point>
    </Placemark>
    <Placemark>
      <name>Polizeiinspektion Hermann-Bahr-Straße</name>
      <description>Kategorie: Polizei&lt;br&gt;Quelle: OSM</description>
      <styleUrl>#Polizei</styleUrl>
      <Point>
        <coordinates>16.397782,48.2603366,0</coordinates>
      </Point>
    </Placemark>
    <Placemark>
      <name>Polizeiinspektion Julius-Tandler-Platz</name>
      <description>Kategorie: Polizei&lt;br&gt;Quelle: OSM</description>
      <styleUrl>#Polizei</styleUrl>
      <Point>
        <coordinates>16.3616079,48.2268302,0</coordinates>
      </Point>
    </Placemark>
    <Placemark>
      <name>Polizeiinspektion Halirschgasse</name>
      <description>Kategorie: Polizei&lt;br&gt;Quelle: OSM</description>
      <styleUrl>#Polizei</styleUrl>
      <Point>
        <coordinates>16.3172112,48.2245351,0</coordinates>
      </Point>
    </Placemark>
    <Placemark>
      <name>Polizeiinspektion Wattgasse</name>
      <description>Kategorie: Polizei&lt;br&gt;Quelle: OSM</description>
      <styleUrl>#Polizei</styleUrl>
      <Point>
        <coordinates>16.3185825,48.2138108,0</coordinates>
      </Point>
    </Placemark>
    <Placemark>
      <name>Polizeiinspektion Taubstummengasse</name>
      <description>Kategorie: Polizei&lt;br&gt;Quelle: OSM</description>
      <styleUrl>#Polizei</styleUrl>
      <Point>
        <coordinates>16.3712124,48.1949532,0</coordinates>
      </Point>
    </Placemark>
    <Placemark>
      <name>Polizeiinspektion Arndtstraße</name>
      <description>Kategorie: Polizei&lt;br&gt;Quelle: OSM</description>
      <styleUrl>#Polizei</styleUrl>
      <Point>
        <coordinates>16.3384946,48.1844501,0</coordinates>
      </Point>
    </Placemark>
    <Placemark>
      <name>Polizeiinspektion Preindlgasse</name>
      <description>Kategorie: Polizei&lt;br&gt;Quelle: OSM</description>
      <styleUrl>#Polizei</styleUrl>
      <Point>
        <coordinates>16.2773139,48.1896505,0</coordinates>
      </Point>
    </Placemark>
    <Placemark>
      <name>Polizeiinspektion Kummergasse 7</name>
      <description>Kategorie: Polizei&lt;br&gt;Quelle: OSM</description>
      <styleUrl>#Polizei</styleUrl>
      <Point>
        <coordinates>16.4171153,48.2936466,0</coordinates>
      </Point>
    </Placemark>
    <Placemark>
      <name>Polizeiinspektion Hufelandgasse</name>
      <description>Kategorie: Polizei&lt;br&gt;Quelle: OSM</description>
      <styleUrl>#Polizei</styleUrl>
      <Point>
        <coordinates>16.3287947,48.1825814,0</coordinates>
      </Point>
    </Placemark>
    <Placemark>
      <name>Polizeiinspektion St. Andrä-Wördern</name>
      <description>Kategorie: Polizei&lt;br&gt;Quelle: OSM</description>
      <styleUrl>#Polizei</styleUrl>
      <Point>
        <coordinates>16.2102895,48.3229126,0</coordinates>
      </Point>
    </Placemark>
    <Placemark>
      <name>Polizeiinspektion Brandstätte</name>
      <description>Kategorie: Polizei&lt;br&gt;Quelle: OSM</description>
      <styleUrl>#Polizei</styleUrl>
      <Point>
        <coordinates>16.3721568,48.2096291,0</coordinates>
      </Point>
    </Placemark>
    <Placemark>
      <name>Polizeiinspektion Urban-Loritz-Platz</name>
      <description>Kategorie: Polizei&lt;br&gt;Quelle: OSM</description>
      <styleUrl>#Polizei</styleUrl>
      <Point>
        <coordinates>16.3389976,48.2016104,0</coordinates>
      </Point>
    </Placemark>
    <Placemark>
      <name>Polizeiinspektion Martinstraße</name>
      <description>Kategorie: Polizei&lt;br&gt;Quelle: OSM</description>
      <styleUrl>#Polizei</styleUrl>
      <Point>
        <coordinates>16.3410521,48.221146,0</coordinates>
      </Point>
    </Placemark>
    <Placemark>
      <name>Polizeiinspektion Deutschmeisterplatz</name>
      <description>Kategorie: Polizei&lt;br&gt;Quelle: OSM</description>
      <styleUrl>#Polizei</styleUrl>
      <Point>
        <coordinates>16.3683346,48.2172491,0</coordinates>
      </Point>
    </Placemark>
    <Placemark>
      <name>Polizeiinspektion Am Platz</name>
      <description>Kategorie: Polizei&lt;br&gt;Quelle: OSM</description>
      <styleUrl>#Polizei</styleUrl>
      <Point>
        <coordinates>16.3024572,48.1859197,0</coordinates>
      </Point>
    </Placemark>
    <Placemark>
      <name>Polizeikommissariat Landstraße</name>
      <description>Kategorie: Polizei&lt;br&gt;Quelle: OSM</description>
      <styleUrl>#Polizei</styleUrl>
      <Point>
        <coordinates>16.3935941,48.1965299,0</coordinates>
      </Point>
    </Placemark>
    <Placemark>
      <name>Polizeiinspektion Schottenring</name>
      <description>Kategorie: Polizei&lt;br&gt;Quelle: OSM</description>
      <styleUrl>#Polizei</styleUrl>
      <Point>
        <coordinates>16.3640547,48.2150193,0</coordinates>
      </Point>
    </Placemark>
    <Placemark>
      <name>Polizeiinspektion Brunnengasse</name>
      <description>Kategorie: Polizei&lt;br&gt;Quelle: OSM</description>
      <styleUrl>#Polizei</styleUrl>
      <Point>
        <coordinates>16.3359478,48.2101305,0</coordinates>
      </Point>
    </Placemark>
    <Placemark>
      <name>Polizeiinspektion Stumpergasse</name>
      <description>Kategorie: Polizei&lt;br&gt;Quelle: OSM</description>
      <styleUrl>#Polizei</styleUrl>
      <Point>
        <coordinates>16.3442121,48.1943158,0</coordinates>
      </Point>
    </Placemark>
    <Placemark>
      <name>Polizeiinspektion Kandlgasse 4</name>
      <description>Kategorie: Polizei&lt;br&gt;Quelle: OSM</description>
      <styleUrl>#Polizei</styleUrl>
      <Point>
        <coordinates>16.3463546,48.2029028,0</coordinates>
      </Point>
    </Placemark>
    <Placemark>
      <name>Polizeiinspektion Otto-Wagner-Platz</name>
      <description>Kategorie: Polizei&lt;br&gt;Quelle: OSM</description>
      <styleUrl>#Polizei</styleUrl>
      <Point>
        <coordinates>16.355414,48.2159576,0</coordinates>
      </Point>
    </Placemark>
    <Placemark>
      <name>Polizeiinspektion Trillergasse 6</name>
      <description>Kategorie: Polizei&lt;br&gt;Quelle: OSM</description>
      <styleUrl>#Polizei</styleUrl>
      <Point>
        <coordinates>16.4052706,48.2730296,0</coordinates>
      </Point>
    </Placemark>
    <Placemark>
      <name>Polizeiinspektion Albert-Schweitzer-Gasse</name>
      <description>Kategorie: Polizei&lt;br&gt;Quelle: OSM</description>
      <styleUrl>#Polizei</styleUrl>
      <Point>
        <coordinates>16.2193643,48.2077584,0</coordinates>
      </Point>
    </Placemark>
    <Placemark>
      <name>Polizeiinspektion Linzer Straße</name>
      <description>Kategorie: Polizei&lt;br&gt;Quelle: OSM</description>
      <styleUrl>#Polizei</styleUrl>
      <Point>
        <coordinates>16.2599092,48.2016976,0</coordinates>
      </Point>
    </Placemark>
    <Placemark>
      <name>Polizeiinspektion Wurmsergasse</name>
      <description>Kategorie: Polizei&lt;br&gt;Quelle: OSM</description>
      <styleUrl>#Polizei</styleUrl>
      <Point>
        <coordinates>16.3205427,48.1984455,0</coordinates>
      </Point>
    </Placemark>
    <Placemark>
      <name>Polizeiinspektion Goethegasse</name>
      <description>Kategorie: Polizei&lt;br&gt;Quelle: OSM</description>
      <styleUrl>#Polizei</styleUrl>
      <Point>
        <coordinates>16.3673603,48.2039882,0</coordinates>
      </Point>
    </Placemark>
    <Placemark>
      <name>Polizeiinspektion Kärntnertorpassage (Karlsplatz)</name>
      <description>Kategorie: Polizei&lt;br&gt;Quelle: OSM</description>
      <styleUrl>#Polizei</styleUrl>
      <Point>
        <coordinates>16.3687463,48.2000933,0</coordinates>
      </Point>
    </Placemark>
    <Placemark>
      <name>Polizeiinspektion Laurenzerberg</name>
      <description>Kategorie: Polizei&lt;br&gt;Quelle: OSM</description>
      <styleUrl>#Polizei</styleUrl>
      <Point>
        <coordinates>16.3782126,48.210514,0</coordinates>
      </Point>
    </Placemark>
    <Placemark>
      <name>Polizeiinspektion Fiakerplatz</name>
      <description>Kategorie: Polizei&lt;br&gt;Quelle: OSM</description>
      <styleUrl>#Polizei</styleUrl>
      <Point>
        <coordinates>16.404323,48.1962717,0</coordinates>
      </Point>
    </Placemark>
    <Placemark>
      <name>Polizeiinspektion Schönbrunner Straße</name>
      <description>Kategorie: Polizei&lt;br&gt;Quelle: OSM</description>
      <styleUrl>#Polizei</styleUrl>
      <Point>
        <coordinates>16.3571336,48.1926668,0</coordinates>
      </Point>
    </Placemark>
    <Placemark>
      <name>Polizeiinspektion Viktor-Christ-Gasse 19</name>
      <description>Kategorie: Polizei&lt;br&gt;Quelle: OSM</description>
      <styleUrl>#Polizei</styleUrl>
      <Point>
        <coordinates>16.3578303,48.1882011,0</coordinates>
      </Point>
    </Placemark>
    <Placemark>
      <name>Polizeiinspektion Kopernikusgasse</name>
      <description>Kategorie: Polizei&lt;br&gt;Quelle: OSM</description>
      <styleUrl>#Polizei</styleUrl>
      <Point>
        <coordinates>16.3531232,48.1970661,0</coordinates>
      </Point>
    </Placemark>
    <Placemark>
      <name>Polizeiinspektion Stiftgasse</name>
      <description>Kategorie: Polizei&lt;br&gt;Quelle: OSM</description>
      <styleUrl>#Polizei</styleUrl>
      <Point>
        <coordinates>16.3550906,48.2019725,0</coordinates>
      </Point>
    </Placemark>
    <Placemark>
      <name>Polizeiinspektion Fuhrmannsgasse</name>
      <description>Kategorie: Polizei&lt;br&gt;Quelle: OSM</description>
      <styleUrl>#Polizei</styleUrl>
      <Point>
        <coordinates>16.3477691,48.2106213,0</coordinates>
      </Point>
    </Placemark>
    <Placemark>
      <name>Polizeiinspektion Boltzmanngasse</name>
      <description>Kategorie: Polizei&lt;br&gt;Quelle: OSM</description>
      <styleUrl>#Polizei</styleUrl>
      <Point>
        <coordinates>16.3565302,48.2236817,0</coordinates>
      </Point>
    </Placemark>
    <Placemark>
      <name>Polizeiinspektion Ada-Christen-Gasse</name>
      <description>Kategorie: Polizei&lt;br&gt;Quelle: OSM</description>
      <styleUrl>#Polizei</styleUrl>
      <Point>
        <coordinates>16.3829852,48.1505426,0</coordinates>
      </Point>
    </Placemark>
    <Placemark>
      <name>Polizeiinspektion Favoritenstraße</name>
      <description>Kategorie: Polizei&lt;br&gt;Quelle: OSM</description>
      <styleUrl>#Polizei</styleUrl>
      <Point>
        <coordinates>16.3828052,48.1638844,0</coordinates>
      </Point>
    </Placemark>
    <Placemark>
      <name>Polizeiinspektion Sibeliusstraße</name>
      <description>Kategorie: Polizei&lt;br&gt;Quelle: OSM</description>
      <styleUrl>#Polizei</styleUrl>
      <Point>
        <coordinates>16.3622918,48.1594888,0</coordinates>
      </Point>
    </Placemark>
    <Placemark>
      <name>Polizeiinspektion Van-der-Nüll-Gasse</name>
      <description>Kategorie: Polizei&lt;br&gt;Quelle: OSM</description>
      <styleUrl>#Polizei</styleUrl>
      <Point>
        <coordinates>16.3698964,48.1790402,0</coordinates>
      </Point>
    </Placemark>
    <Placemark>
      <name>Polizeiinspektion Zohmanngasse</name>
      <description>Kategorie: Polizei&lt;br&gt;Quelle: OSM</description>
      <styleUrl>#Polizei</styleUrl>
      <Point>
        <coordinates>16.3632153,48.1698236,0</coordinates>
      </Point>
    </Placemark>
    <Placemark>
      <name>Polizeiinspektion Kaiser-Ebersdorfer Straße</name>
      <description>Kategorie: Polizei&lt;br&gt;Quelle: OSM</description>
      <styleUrl>#Polizei</styleUrl>
      <Point>
        <coordinates>16.4643617,48.1599124,0</coordinates>
      </Point>
    </Placemark>
    <Placemark>
      <name>Polizeiinspektion Sedlitzkygasse</name>
      <description>Kategorie: Polizei&lt;br&gt;Quelle: OSM</description>
      <styleUrl>#Polizei</styleUrl>
      <Point>
        <coordinates>16.4132812,48.1751419,0</coordinates>
      </Point>
    </Placemark>
    <Placemark>
      <name>Polizeiinspektion Am Schöpfwerk</name>
      <description>Kategorie: Polizei&lt;br&gt;Quelle: OSM</description>
      <styleUrl>#Polizei</styleUrl>
      <Point>
        <coordinates>16.3260182,48.1608891,0</coordinates>
      </Point>
    </Placemark>
    <Placemark>
      <name>Polizeiinspektion Hohenbergstraße</name>
      <description>Kategorie: Polizei&lt;br&gt;Quelle: OSM</description>
      <styleUrl>#Polizei</styleUrl>
      <Point>
        <coordinates>16.3245129,48.1742284,0</coordinates>
      </Point>
    </Placemark>
    <Placemark>
      <name>Polizeiinspektion Tannengasse</name>
      <description>Kategorie: Polizei&lt;br&gt;Quelle: OSM</description>
      <styleUrl>#Polizei</styleUrl>
      <Point>
        <coordinates>16.3321594,48.1978528,0</coordinates>
      </Point>
    </Placemark>
    <Placemark>
      <name>Polizeiinspektion Westbahnhof</name>
      <description>Kategorie: Polizei&lt;br&gt;Quelle: OSM</description>
      <styleUrl>#Polizei</styleUrl>
      <Point>
        <coordinates>16.3374977,48.1961979,0</coordinates>
      </Point>
    </Placemark>
    <Placemark>
      <name>Polizeiinspektion Koppstraße</name>
      <description>Kategorie: Polizei&lt;br&gt;Quelle: OSM</description>
      <styleUrl>#Polizei</styleUrl>
      <Point>
        <coordinates>16.3333694,48.2065283,0</coordinates>
      </Point>
    </Placemark>
    <Placemark>
      <name>Polizeiinspektion Rötzergasse</name>
      <description>Kategorie: Polizei&lt;br&gt;Quelle: OSM</description>
      <styleUrl>#Polizei</styleUrl>
      <Point>
        <coordinates>16.3312899,48.2194992,0</coordinates>
      </Point>
    </Placemark>
    <Placemark>
      <name>Polizeiinspektion Schulgasse</name>
      <description>Kategorie: Polizei&lt;br&gt;Quelle: OSM</description>
      <styleUrl>#Polizei</styleUrl>
      <Point>
        <coordinates>16.3342889,48.2274574,0</coordinates>
      </Point>
    </Placemark>
    <Placemark>
      <name>Polizeiinspektion Billrothstraße</name>
      <description>Kategorie: Polizei&lt;br&gt;Quelle: OSM</description>
      <styleUrl>#Polizei</styleUrl>
      <Point>
        <coordinates>16.3434501,48.2450639,0</coordinates>
      </Point>
    </Placemark>
    <Placemark>
      <name>Polizeiinspektion Krottenbachstraße</name>
      <description>Kategorie: Polizei&lt;br&gt;Quelle: OSM</description>
      <styleUrl>#Polizei</styleUrl>
      <Point>
        <coordinates>16.3280341,48.2421294,0</coordinates>
      </Point>
    </Placemark>
    <Placemark>
      <name>Polizeiinspektion Pappenheimgasse</name>
      <description>Kategorie: Polizei&lt;br&gt;Quelle: OSM</description>
      <styleUrl>#Polizei</styleUrl>
      <Point>
        <coordinates>16.3694915,48.2340087,0</coordinates>
      </Point>
    </Placemark>
    <Placemark>
      <name>Polizeiinspektion Leopoldsgasse 18</name>
      <description>Kategorie: Polizei&lt;br&gt;Quelle: OSM</description>
      <styleUrl>#Polizei</styleUrl>
      <Point>
        <coordinates>16.3764388,48.2196097,0</coordinates>
      </Point>
    </Placemark>
    <Placemark>
      <name>Polizeiinspektion Tempelgasse</name>
      <description>Kategorie: Polizei&lt;br&gt;Quelle: OSM</description>
      <styleUrl>#Polizei</styleUrl>
      <Point>
        <coordinates>16.3851787,48.2135816,0</coordinates>
      </Point>
    </Placemark>
    <Placemark>
      <name>Polizeiinspektion Anton-Baumgartner-Straße</name>
      <description>Kategorie: Polizei&lt;br&gt;Quelle: OSM</description>
      <styleUrl>#Polizei</styleUrl>
      <Point>
        <coordinates>16.3136701,48.1500646,0</coordinates>
      </Point>
    </Placemark>
    <Placemark>
      <name>Polizeiinspektion Donaufelder Straße</name>
      <description>Kategorie: Polizei&lt;br&gt;Quelle: OSM</description>
      <styleUrl>#Polizei</styleUrl>
      <Point>
        <coordinates>16.4199332,48.2532887,0</coordinates>
      </Point>
    </Placemark>
    <Placemark>
      <name>Polizeiinspektion Kürschnergasse</name>
      <description>Kategorie: Polizei&lt;br&gt;Quelle: OSM</description>
      <styleUrl>#Polizei</styleUrl>
      <Point>
        <coordinates>16.4470161,48.2738771,0</coordinates>
      </Point>
    </Placemark>
    <Placemark>
      <name>Polizeiinspektion Lange Allee</name>
      <description>Kategorie: Polizei&lt;br&gt;Quelle: OSM</description>
      <styleUrl>#Polizei</styleUrl>
      <Point>
        <coordinates>16.4469741,48.2276346,0</coordinates>
      </Point>
    </Placemark>
    <Placemark>
      <name>Polizeiinspektion Langobardenstraße</name>
      <description>Kategorie: Polizei&lt;br&gt;Quelle: OSM</description>
      <styleUrl>#Polizei</styleUrl>
      <Point>
        <coordinates>16.4766986,48.2176819,0</coordinates>
      </Point>
    </Placemark>
    <Placemark>
      <name>Polizeiinspektion Puchgasse</name>
      <description>Kategorie: Polizei&lt;br&gt;Quelle: OSM</description>
      <styleUrl>#Polizei</styleUrl>
      <Point>
        <coordinates>16.4552785,48.2607502,0</coordinates>
      </Point>
    </Placemark>
    <Placemark>
      <name>Polizeiinspektion Sonnenallee</name>
      <description>Kategorie: Polizei&lt;br&gt;Quelle: OSM</description>
      <styleUrl>#Polizei</styleUrl>
      <Point>
        <coordinates>16.5031512,48.2243333,0</coordinates>
      </Point>
    </Placemark>
    <Placemark>
      <name>Polizeiinspektion Rudolf-Nurejew-Promenade</name>
      <description>Kategorie: Polizei&lt;br&gt;Quelle: OSM</description>
      <styleUrl>#Polizei</styleUrl>
      <Point>
        <coordinates>16.415072,48.2295471,0</coordinates>
      </Point>
    </Placemark>
    <Placemark>
      <name>Polizeiinspektion Mauerbach</name>
      <description>Kategorie: Polizei&lt;br&gt;Quelle: OSM</description>
      <styleUrl>#Polizei</styleUrl>
      <Point>
        <coordinates>16.1923219,48.232835,0</coordinates>
      </Point>
    </Placemark>
    <Placemark>
      <name>Servicezentrum help.gv.at</name>
      <description>Kategorie: Behörde&lt;br&gt;Quelle: OSM</description>
      <styleUrl>#Behörde</styleUrl>
      <Point>
        <coordinates>16.3643382,48.2082803,0</coordinates>
      </Point>
    </Placemark>
    <Placemark>
      <name>Polizeiinspektion Purkersdorf</name>
      <description>Kategorie: Polizei&lt;br&gt;Quelle: OSM</description>
      <styleUrl>#Polizei</styleUrl>
      <Point>
        <coordinates>16.1777589,48.2088105,0</coordinates>
      </Point>
    </Placemark>
    <Placemark>
      <name>Sicherheitsakademie</name>
      <description>Kategorie: Behörde&lt;br&gt;Quelle: OSM</description>
      <styleUrl>#Behörde</styleUrl>
      <Point>
        <coordinates>16.3789132,48.1999343,0</coordinates>
      </Point>
    </Placemark>
    <Placemark>
      <name>Standesamt Wien Favoriten, 10., 11.Bezirk - MA 26</name>
      <description>Kategorie: Behörde&lt;br&gt;Quelle: OSM</description>
      <styleUrl>#Behörde</styleUrl>
      <Point>
        <coordinates>16.3748553,48.1784886,0</coordinates>
      </Point>
    </Placemark>
    <Placemark>
      <name>Studienbeihilfenbehörde</name>
      <description>Kategorie: Behörde&lt;br&gt;Quelle: OSM</description>
      <styleUrl>#Behörde</styleUrl>
      <Point>
        <coordinates>16.3655087,48.1786195,0</coordinates>
      </Point>
    </Placemark>
    <Placemark>
      <name>Berufsfeuerwehr Wien</name>
      <description>Kategorie: Behörde&lt;br&gt;Quelle: OSM</description>
      <styleUrl>#Behörde</styleUrl>
      <Point>
        <coordinates>16.3680432,48.2118519,0</coordinates>
      </Point>
    </Placemark>
    <Placemark>
      <name>AgrarMarkt Austria</name>
      <description>Kategorie: Behörde&lt;br&gt;Quelle: OSM</description>
      <styleUrl>#Behörde</styleUrl>
      <Point>
        <coordinates>16.3810293,48.2353781,0</coordinates>
      </Point>
    </Placemark>
    <Placemark>
      <name>Österreichisches Patentamt</name>
      <description>Kategorie: Behörde&lt;br&gt;Quelle: OSM</description>
      <styleUrl>#Behörde</styleUrl>
      <Point>
        <coordinates>16.3839702,48.2333601,0</coordinates>
      </Point>
    </Placemark>
    <Placemark>
      <name>Bundesministerium für Land- und Forstwirtschaft, Klima- und Umweltschutz, Regionen und Wasserwirtschaft</name>
      <description>Kategorie: Behörde&lt;br&gt;Quelle: OSM</description>
      <styleUrl>#Behörde</styleUrl>
      <Point>
        <coordinates>16.3828867,48.209433,0</coordinates>
      </Point>
    </Placemark>
    <Placemark>
      <name>Bundesministerium für Wirtschaft, Energie und Tourismus</name>
      <description>Kategorie: Behörde&lt;br&gt;Quelle: OSM</description>
      <styleUrl>#Behörde</styleUrl>
      <Point>
        <coordinates>16.3831529,48.210353,0</coordinates>
      </Point>
    </Placemark>
    <Placemark>
      <name>Bundesministerium für Kunst, Kultur, öffentlichen Dienst und Sport</name>
      <description>Kategorie: Behörde&lt;br&gt;Quelle: OSM</description>
      <styleUrl>#Behörde</styleUrl>
      <Point>
        <coordinates>16.3860146,48.2103668,0</coordinates>
      </Point>
    </Placemark>
    <Placemark>
      <name>Bundesministerium für Innovation, Mobilität und Infrastruktur</name>
      <description>Kategorie: Behörde&lt;br&gt;Quelle: OSM</description>
      <styleUrl>#Behörde</styleUrl>
      <Point>
        <coordinates>16.3854545,48.2107645,0</coordinates>
      </Point>
    </Placemark>
    <Placemark>
      <name>Polizeiinspektion Maroltingergasse 79</name>
      <description>Kategorie: Polizei&lt;br&gt;Quelle: OSM</description>
      <styleUrl>#Polizei</styleUrl>
      <Point>
        <coordinates>16.3064567,48.2140372,0</coordinates>
      </Point>
    </Placemark>
    <Placemark>
      <name>Autobahnpolizeiinspektion Schwechat</name>
      <description>Kategorie: Polizei&lt;br&gt;Quelle: OSM</description>
      <styleUrl>#Polizei</styleUrl>
      <Point>
        <coordinates>16.5507777,48.1282146,0</coordinates>
      </Point>
    </Placemark>
    <Placemark>
      <name>Polizeiinspektion Vorgartenstraße</name>
      <description>Kategorie: Polizei&lt;br&gt;Quelle: OSM</description>
      <styleUrl>#Polizei</styleUrl>
      <Point>
        <coordinates>16.379986,48.2434186,0</coordinates>
      </Point>
    </Placemark>
    <Placemark>
      <name>Wirtschaftskammer Niederösterreich - Büro Wien</name>
      <description>Kategorie: Behörde&lt;br&gt;Quelle: OSM</description>
      <styleUrl>#Behörde</styleUrl>
      <Point>
        <coordinates>16.3688214,48.1897264,0</coordinates>
      </Point>
    </Placemark>
    <Placemark>
      <name>Rechnungshof Österreich</name>
      <description>Kategorie: Behörde&lt;br&gt;Quelle: OSM</description>
      <styleUrl>#Behörde</styleUrl>
      <Point>
        <coordinates>16.3876194,48.2125318,0</coordinates>
      </Point>
    </Placemark>
    <Placemark>
      <name>MA 65</name>
      <description>Kategorie: Behörde&lt;br&gt;Quelle: OSM</description>
      <styleUrl>#Behörde</styleUrl>
      <Point>
        <coordinates>16.38757,48.2011068,0</coordinates>
      </Point>
    </Placemark>
    <Placemark>
      <name>Österreichisches Staatsarchiv</name>
      <description>Kategorie: Behörde&lt;br&gt;Quelle: OSM</description>
      <styleUrl>#Behörde</styleUrl>
      <Point>
        <coordinates>16.4122988,48.1917282,0</coordinates>
      </Point>
    </Placemark>
    <Placemark>
      <name>Polizeiinspektion Nußdorfer Platz</name>
      <description>Kategorie: Polizei&lt;br&gt;Quelle: OSM</description>
      <styleUrl>#Polizei</styleUrl>
      <Point>
        <coordinates>16.3669805,48.2599898,0</coordinates>
      </Point>
    </Placemark>
    <Placemark>
      <name>Bundesministerium für Bildung, Wissenschaft und Forschung</name>
      <description>Kategorie: Behörde&lt;br&gt;Quelle: OSM</description>
      <styleUrl>#Behörde</styleUrl>
      <Point>
        <coordinates>16.3631465,48.2100478,0</coordinates>
      </Point>
    </Placemark>
    <Placemark>
      <name>Bundesministerium für Wissenschaft und Forschung</name>
      <description>Kategorie: Behörde&lt;br&gt;Quelle: OSM</description>
      <styleUrl>#Behörde</styleUrl>
      <Point>
        <coordinates>16.3658845,48.2111431,0</coordinates>
      </Point>
    </Placemark>
    <Placemark>
      <name>Wiener Umweltschutzabteilung - MA 22</name>
      <description>Kategorie: Behörde&lt;br&gt;Quelle: OSM</description>
      <styleUrl>#Behörde</styleUrl>
      <Point>
        <coordinates>16.3788793,48.2378444,0</coordinates>
      </Point>
    </Placemark>
    <Placemark>
      <name>Polizeiinspektion Storchengasse</name>
      <description>Kategorie: Polizei&lt;br&gt;Quelle: OSM</description>
      <styleUrl>#Polizei</styleUrl>
      <Point>
        <coordinates>16.3328768,48.1852244,0</coordinates>
      </Point>
    </Placemark>
    <Placemark>
      <name>MA42 Wiener Stadtgärten</name>
      <description>Kategorie: Behörde&lt;br&gt;Quelle: OSM</description>
      <styleUrl>#Behörde</styleUrl>
      <Point>
        <coordinates>16.3792813,48.2375156,0</coordinates>
      </Point>
    </Placemark>
    <Placemark>
      <name>Polizeiinspektion Quadenstraße</name>
      <description>Kategorie: Polizei&lt;br&gt;Quelle: OSM</description>
      <styleUrl>#Polizei</styleUrl>
      <Point>
        <coordinates>16.4760171,48.2371013,0</coordinates>
      </Point>
    </Placemark>
    <Placemark>
      <name>Bezirksgesundheitsamt</name>
      <description>Kategorie: Behörde&lt;br&gt;Quelle: OSM</description>
      <styleUrl>#Behörde</styleUrl>
      <Point>
        <coordinates>16.413856,48.1755839,0</coordinates>
      </Point>
    </Placemark>
    <Placemark>
      <name>Polizei Bürgerservicestelle</name>
      <description>Kategorie: Polizei&lt;br&gt;Quelle: OSM</description>
      <styleUrl>#Polizei</styleUrl>
      <Point>
        <coordinates>16.4132739,48.1753943,0</coordinates>
      </Point>
    </Placemark>
    <Placemark>
      <name>Mag Elf</name>
      <description>Kategorie: Behörde&lt;br&gt;Quelle: OSM</description>
      <styleUrl>#Behörde</styleUrl>
      <Point>
        <coordinates>16.4134993,48.1754962,0</coordinates>
      </Point>
    </Placemark>
    <Placemark>
      <name>Bürgerdienst Kundenzentrum Simmering</name>
      <description>Kategorie: Behörde&lt;br&gt;Quelle: OSM</description>
      <styleUrl>#Behörde</styleUrl>
      <Point>
        <coordinates>16.4136146,48.175532,0</coordinates>
      </Point>
    </Placemark>
    <Placemark>
      <name>Polizeikommisariat Simmering</name>
      <description>Kategorie: Polizei&lt;br&gt;Quelle: OSM</description>
      <styleUrl>#Polizei</styleUrl>
      <Point>
        <coordinates>16.4131667,48.1753477,0</coordinates>
      </Point>
    </Placemark>
    <Placemark>
      <name>Wiener Wohnen</name>
      <description>Kategorie: Behörde&lt;br&gt;Quelle: OSM</description>
      <styleUrl>#Behörde</styleUrl>
      <Point>
        <coordinates>16.4079071,48.1816025,0</coordinates>
      </Point>
    </Placemark>
    <Placemark>
      <name>Bundesministerium für Arbeit, Soziales, Gesundheit, Pflege und Konsumentenschutz</name>
      <description>Kategorie: Behörde&lt;br&gt;Quelle: OSM</description>
      <styleUrl>#Behörde</styleUrl>
      <Point>
        <coordinates>16.3831148,48.2090607,0</coordinates>
      </Point>
    </Placemark>
    <Placemark>
      <name>Volksanwaltschaft</name>
      <description>Kategorie: Behörde&lt;br&gt;Quelle: OSM</description>
      <styleUrl>#Behörde</styleUrl>
      <Point>
        <coordinates>16.3750067,48.2068692,0</coordinates>
      </Point>
    </Placemark>
    <Placemark>
      <name>MA40 - Sozialamt</name>
      <description>Kategorie: Behörde&lt;br&gt;Quelle: OSM</description>
      <styleUrl>#Behörde</styleUrl>
      <Point>
        <coordinates>16.3793761,48.2380049,0</coordinates>
      </Point>
    </Placemark>
    <Placemark>
      <name>MBA Bezirksamt Brigittenau</name>
      <description>Kategorie: Behörde&lt;br&gt;Quelle: OSM</description>
      <styleUrl>#Behörde</styleUrl>
      <Point>
        <coordinates>16.3710639,48.2330276,0</coordinates>
      </Point>
    </Placemark>
    <Placemark>
      <name>Magistratisches Bezirksamt, 10.Bezirk (1100 Wien)</name>
      <description>Kategorie: Behörde&lt;br&gt;Quelle: OSM</description>
      <styleUrl>#Behörde</styleUrl>
      <Point>
        <coordinates>16.3740102,48.1787585,0</coordinates>
      </Point>
    </Placemark>
    <Placemark>
      <name>Polizeiinspektion Am Hauptbahnhof</name>
      <description>Kategorie: Polizei&lt;br&gt;Quelle: OSM</description>
      <styleUrl>#Polizei</styleUrl>
      <Point>
        <coordinates>16.3772906,48.1839423,0</coordinates>
      </Point>
    </Placemark>
    <Placemark>
      <name>Wohnberatung Wien</name>
      <description>Kategorie: Behörde&lt;br&gt;Quelle: OSM</description>
      <styleUrl>#Behörde</styleUrl>
      <Point>
        <coordinates>16.4194688,48.1857705,0</coordinates>
      </Point>
    </Placemark>
    <Placemark>
      <name>Bundesfinanzakademie</name>
      <description>Kategorie: Behörde&lt;br&gt;Quelle: OSM</description>
      <styleUrl>#Behörde</styleUrl>
      <Point>
        <coordinates>16.3772858,48.1830983,0</coordinates>
      </Point>
    </Placemark>
    <Placemark>
      <name>Generalprokuratur</name>
      <description>Kategorie: Behörde&lt;br&gt;Quelle: OSM</description>
      <styleUrl>#Behörde</styleUrl>
      <Point>
        <coordinates>16.3569732,48.2062915,0</coordinates>
      </Point>
    </Placemark>
    <Placemark>
      <name>Oberstaatsanwaltschaft Wien</name>
      <description>Kategorie: Behörde&lt;br&gt;Quelle: OSM</description>
      <styleUrl>#Behörde</styleUrl>
      <Point>
        <coordinates>16.3571272,48.2062107,0</coordinates>
      </Point>
    </Placemark>
    <Placemark>
      <name>MA 40 - Sozialzentrum Walcherstraße (für die Bezirke 1-9 und 14) (obdachlos - Jahrgang mit Endziffer 0, 1 und 5)</name>
      <description>Kategorie: Behörde&lt;br&gt;Quelle: OSM</description>
      <styleUrl>#Behörde</styleUrl>
      <Point>
        <coordinates>16.3976288,48.2240476,0</coordinates>
      </Point>
    </Placemark>
    <Placemark>
      <name>KFZ Zulassungsstelle</name>
      <description>Kategorie: Behörde&lt;br&gt;Quelle: OSM</description>
      <styleUrl>#Behörde</styleUrl>
      <Point>
        <coordinates>16.2936989,48.1241304,0</coordinates>
      </Point>
    </Placemark>
    <Placemark>
      <name>MA 50 - Wohnungskommission</name>
      <description>Kategorie: Behörde&lt;br&gt;Quelle: OSM</description>
      <styleUrl>#Behörde</styleUrl>
      <Point>
        <coordinates>16.3362444,48.187712,0</coordinates>
      </Point>
    </Placemark>
    <Placemark>
      <name>Fonds Soziales Wien</name>
      <description>Kategorie: Behörde&lt;br&gt;Quelle: OSM</description>
      <styleUrl>#Behörde</styleUrl>
      <Point>
        <coordinates>16.3367073,48.1876379,0</coordinates>
      </Point>
    </Placemark>
    <Placemark>
      <name>wieder wohnen - Fonds Soziales Wien</name>
      <description>Kategorie: Behörde&lt;br&gt;Quelle: OSM</description>
      <styleUrl>#Behörde</styleUrl>
      <Point>
        <coordinates>16.3367967,48.1878577,0</coordinates>
      </Point>
    </Placemark>
    <Placemark>
      <name>Pflege- und Betreuungsdienste - Fonds Soziales Wien</name>
      <description>Kategorie: Behörde&lt;br&gt;Quelle: OSM</description>
      <styleUrl>#Behörde</styleUrl>
      <Point>
        <coordinates>16.3372758,48.1881135,0</coordinates>
      </Point>
    </Placemark>
    <Placemark>
      <name>OBS</name>
      <description>Kategorie: Behörde&lt;br&gt;Quelle: OSM</description>
      <styleUrl>#Behörde</styleUrl>
      <Point>
        <coordinates>16.3657509,48.1987375,0</coordinates>
      </Point>
    </Placemark>
    <Placemark>
      <name>Bildungszentrum Sicherheit</name>
      <description>Kategorie: Behörde&lt;br&gt;Quelle: OSM</description>
      <styleUrl>#Behörde</styleUrl>
      <Point>
        <coordinates>16.3630019,48.2199113,0</coordinates>
      </Point>
    </Placemark>
    <Placemark>
      <name>Verkehrsamt Wien</name>
      <description>Kategorie: Polizei&lt;br&gt;Quelle: OSM</description>
      <styleUrl>#Polizei</styleUrl>
      <Point>
        <coordinates>16.4029361,48.2000699,0</coordinates>
      </Point>
    </Placemark>
    <Placemark>
      <name>Bundesministerium für Landesverteidigung</name>
      <description>Kategorie: Behörde&lt;br&gt;Quelle: OSM</description>
      <styleUrl>#Behörde</styleUrl>
      <Point>
        <coordinates>16.3686237,48.2186247,0</coordinates>
      </Point>
    </Placemark>
    <Placemark>
      <name>Montanbehörde Ost</name>
      <description>Kategorie: Behörde&lt;br&gt;Quelle: OSM</description>
      <styleUrl>#Behörde</styleUrl>
      <Point>
        <coordinates>16.3651038,48.2317256,0</coordinates>
      </Point>
    </Placemark>
    <Placemark>
      <name>Zollstelle Flughafen Wien Reisendenabfertigung</name>
      <description>Kategorie: Behörde&lt;br&gt;Quelle: OSM</description>
      <styleUrl>#Behörde</styleUrl>
      <Point>
        <coordinates>16.562818,48.1192381,0</coordinates>
      </Point>
    </Placemark>
    <Placemark>
      <name>Polizeiinspektion Lainzer Straße</name>
      <description>Kategorie: Polizei&lt;br&gt;Quelle: OSM</description>
      <styleUrl>#Polizei</styleUrl>
      <Point>
        <coordinates>16.2841821,48.1763661,0</coordinates>
      </Point>
    </Placemark>
    <Placemark>
      <name>Marktaufsicht</name>
      <description>Kategorie: Behörde&lt;br&gt;Quelle: OSM</description>
      <styleUrl>#Behörde</styleUrl>
      <Point>
        <coordinates>16.3330837,48.1804691,0</coordinates>
      </Point>
    </Placemark>
    <Placemark>
      <name>European Patent Office - Vienna</name>
      <description>Kategorie: Behörde&lt;br&gt;Quelle: OSM</description>
      <styleUrl>#Behörde</styleUrl>
      <Point>
        <coordinates>16.3825481,48.1946253,0</coordinates>
      </Point>
    </Placemark>
    <Placemark>
      <name>International Atomic Energy Agency</name>
      <description>Kategorie: Behörde&lt;br&gt;Quelle: OSM</description>
      <styleUrl>#Behörde</styleUrl>
      <Point>
        <coordinates>16.4159904,48.2339406,0</coordinates>
      </Point>
    </Placemark>
    <Placemark>
      <name>United Nations Industrial Development Organization</name>
      <description>Kategorie: Behörde&lt;br&gt;Quelle: OSM</description>
      <styleUrl>#Behörde</styleUrl>
      <Point>
        <coordinates>16.4179189,48.234548,0</coordinates>
      </Point>
    </Placemark>
    <Placemark>
      <name>United Nations Office in Vienna</name>
      <description>Kategorie: Behörde&lt;br&gt;Quelle: OSM</description>
      <styleUrl>#Behörde</styleUrl>
      <Point>
        <coordinates>16.4188738,48.2350482,0</coordinates>
      </Point>
    </Placemark>
    <Placemark>
      <name>Basis.Kultur.Wien</name>
      <description>Kategorie: Behörde&lt;br&gt;Quelle: OSM</description>
      <styleUrl>#Behörde</styleUrl>
      <Point>
        <coordinates>16.3312559,48.2030677,0</coordinates>
      </Point>
    </Placemark>
    <Placemark>
      <name>Polizeiinspektion Ziegelofenweg 25</name>
      <description>Kategorie: Polizei&lt;br&gt;Quelle: OSM</description>
      <styleUrl>#Polizei</styleUrl>
      <Point>
        <coordinates>16.390868,48.2892691,0</coordinates>
      </Point>
    </Placemark>
    <Placemark>
      <name>Polizeiinspektion Purkytgasse</name>
      <description>Kategorie: Polizei&lt;br&gt;Quelle: OSM</description>
      <styleUrl>#Polizei</styleUrl>
      <Point>
        <coordinates>16.3341316,48.1500009,0</coordinates>
      </Point>
    </Placemark>
    <Placemark>
      <name>Stadtgartenamt</name>
      <description>Kategorie: Behörde&lt;br&gt;Quelle: OSM</description>
      <styleUrl>#Behörde</styleUrl>
      <Point>
        <coordinates>16.3578463,48.2434604,0</coordinates>
      </Point>
    </Placemark>
    <Placemark>
      <name>MA 28 - Straßenverwaltung und Straßenbau</name>
      <description>Kategorie: Behörde&lt;br&gt;Quelle: OSM</description>
      <styleUrl>#Behörde</styleUrl>
      <Point>
        <coordinates>16.3180666,48.2220309,0</coordinates>
      </Point>
    </Placemark>
    <Placemark>
      <name>MA 40 - Sozialzentrum Lemböckgasse (für die Bezirke 10, 13 und 23)</name>
      <description>Kategorie: Behörde&lt;br&gt;Quelle: OSM</description>
      <styleUrl>#Behörde</styleUrl>
      <Point>
        <coordinates>16.3109872,48.1355666,0</coordinates>
      </Point>
    </Placemark>
    <Placemark>
      <name>Unbekannt</name>
      <description>Kategorie: Behörde&lt;br&gt;Quelle: OSM</description>
      <styleUrl>#Behörde</styleUrl>
      <Point>
        <coordinates>16.3226979,48.1876548,0</coordinates>
      </Point>
    </Placemark>
    <Placemark>
      <name>Polizeiinspektion Breitenfurt bei Wien</name>
      <description>Kategorie: Polizei&lt;br&gt;Quelle: OSM</description>
      <styleUrl>#Polizei</styleUrl>
      <Point>
        <coordinates>16.1947,48.1360487,0</coordinates>
      </Point>
    </Placemark>
    <Placemark>
      <name>Polizeiinspektion Leyserstraße</name>
      <description>Kategorie: Polizei&lt;br&gt;Quelle: OSM</description>
      <styleUrl>#Polizei</styleUrl>
      <Point>
        <coordinates>16.3027329,48.1984959,0</coordinates>
      </Point>
    </Placemark>
    <Placemark>
      <name>Bezirksvorstehung Döbling</name>
      <description>Kategorie: Behörde&lt;br&gt;Quelle: OSM</description>
      <styleUrl>#Behörde</styleUrl>
      <Point>
        <coordinates>16.34329,48.2459699,0</coordinates>
      </Point>
    </Placemark>
    <Placemark>
      <name>Zentrales Fundservice der Stadt Wien</name>
      <description>Kategorie: Behörde&lt;br&gt;Quelle: OSM</description>
      <styleUrl>#Behörde</styleUrl>
      <Point>
        <coordinates>16.3541914,48.1810615,0</coordinates>
      </Point>
    </Placemark>
    <Placemark>
      <name>FRA</name>
      <description>Kategorie: Behörde&lt;br&gt;Quelle: OSM</description>
      <styleUrl>#Behörde</styleUrl>
      <Point>
        <coordinates>16.3825681,48.1948852,0</coordinates>
      </Point>
    </Placemark>
    <Placemark>
      <name>Stadtkasse Stadthauptkasse</name>
      <description>Kategorie: Behörde&lt;br&gt;Quelle: OSM</description>
      <styleUrl>#Behörde</styleUrl>
      <Point>
        <coordinates>16.3565369,48.2107027,0</coordinates>
      </Point>
    </Placemark>
    <Placemark>
      <name>Marktamt</name>
      <description>Kategorie: Behörde&lt;br&gt;Quelle: OSM</description>
      <styleUrl>#Behörde</styleUrl>
      <Point>
        <coordinates>16.3360622,48.2132663,0</coordinates>
      </Point>
    </Placemark>
    <Placemark>
      <name>Arbeitsinspektorat f d 1. Aufsichtsbezirk zuständig f d 1.2. 3. u 20. Bezirk</name>
      <description>Kategorie: Behörde&lt;br&gt;Quelle: OSM</description>
      <styleUrl>#Behörde</styleUrl>
      <Point>
        <coordinates>16.3768073,48.2025977,0</coordinates>
      </Point>
    </Placemark>
    <Placemark>
      <name>Datenschutzbehörde</name>
      <description>Kategorie: Behörde&lt;br&gt;Quelle: OSM</description>
      <styleUrl>#Behörde</styleUrl>
      <Point>
        <coordinates>16.3879237,48.1973216,0</coordinates>
      </Point>
    </Placemark>
    <Placemark>
      <name>IAEA Support Services</name>
      <description>Kategorie: Behörde&lt;br&gt;Quelle: OSM</description>
      <styleUrl>#Behörde</styleUrl>
      <Point>
        <coordinates>16.4161304,48.235762,0</coordinates>
      </Point>
    </Placemark>
    <Placemark>
      <name>Bundesamt für Fremdenwesen und Asyl - Direktion</name>
      <description>Kategorie: Behörde&lt;br&gt;Quelle: OSM</description>
      <styleUrl>#Behörde</styleUrl>
      <Point>
        <coordinates>16.4131103,48.1841414,0</coordinates>
      </Point>
    </Placemark>
    <Placemark>
      <name>Bundesagentur für Betreuungs- und Unterstützungsleistungen GmbH</name>
      <description>Kategorie: Behörde&lt;br&gt;Quelle: OSM</description>
      <styleUrl>#Behörde</styleUrl>
      <Point>
        <coordinates>16.4131766,48.1839203,0</coordinates>
      </Point>
    </Placemark>
    <Placemark>
      <name>Kammer der Steuerberater und Wirtschaftsprüfer</name>
      <description>Kategorie: Behörde&lt;br&gt;Quelle: OSM</description>
      <styleUrl>#Behörde</styleUrl>
      <Point>
        <coordinates>16.3787664,48.1868732,0</coordinates>
      </Point>
    </Placemark>
    <Placemark>
      <name>Bundesdenkmalamt</name>
      <description>Kategorie: Behörde&lt;br&gt;Quelle: OSM</description>
      <styleUrl>#Behörde</styleUrl>
      <Point>
        <coordinates>16.3658699,48.2070422,0</coordinates>
      </Point>
    </Placemark>
    <Placemark>
      <name>Bundesbeschaffung GmbH</name>
      <description>Kategorie: Behörde&lt;br&gt;Quelle: OSM</description>
      <styleUrl>#Behörde</styleUrl>
      <Point>
        <coordinates>16.3992575,48.2232929,0</coordinates>
      </Point>
    </Placemark>
    <Placemark>
      <name>Bekleidungswirtschaftsfonds der Exekutive</name>
      <description>Kategorie: Behörde&lt;br&gt;Quelle: OSM</description>
      <styleUrl>#Behörde</styleUrl>
      <Point>
        <coordinates>16.3037673,48.1330613,0</coordinates>
      </Point>
    </Placemark>
    <Placemark>
      <name>Bundeswarnzentrale</name>
      <description>Kategorie: Behörde&lt;br&gt;Quelle: OSM</description>
      <styleUrl>#Behörde</styleUrl>
      <Point>
        <coordinates>16.3659159,48.2089954,0</coordinates>
      </Point>
    </Placemark>
    <Placemark>
      <name>Polizeiinspektion Perchtoldsdorf</name>
      <description>Kategorie: Polizei&lt;br&gt;Quelle: OSM</description>
      <styleUrl>#Polizei</styleUrl>
      <Point>
        <coordinates>16.2663813,48.1178489,0</coordinates>
      </Point>
    </Placemark>
    <Placemark>
      <name>Polizeiinspektion Schwechat Wiener Straße</name>
      <description>Kategorie: Polizei&lt;br&gt;Quelle: OSM</description>
      <styleUrl>#Polizei</styleUrl>
      <Point>
        <coordinates>16.4741855,48.1420451,0</coordinates>
      </Point>
    </Placemark>
    <Placemark>
      <name>Polizeikommissariat Schwechat</name>
      <description>Kategorie: Polizei&lt;br&gt;Quelle: OSM</description>
      <styleUrl>#Polizei</styleUrl>
      <Point>
        <coordinates>16.4743164,48.1419084,0</coordinates>
      </Point>
    </Placemark>
    <Placemark>
      <name>United Nations Office for Outer Space Affairs</name>
      <description>Kategorie: Behörde&lt;br&gt;Quelle: OSM</description>
      <styleUrl>#Behörde</styleUrl>
      <Point>
        <coordinates>16.4171899,48.2335838,0</coordinates>
      </Point>
    </Placemark>
    <Placemark>
      <name>Magistratisches Bezirksamt für den 16. Bezirk</name>
      <description>Kategorie: Behörde&lt;br&gt;Quelle: OSM</description>
      <styleUrl>#Behörde</styleUrl>
      <Point>
        <coordinates>16.3270197,48.2093768,0</coordinates>
      </Point>
    </Placemark>
    <Placemark>
      <name>Bundesministerium für Justiz</name>
      <description>Kategorie: Behörde&lt;br&gt;Quelle: OSM</description>
      <styleUrl>#Behörde</styleUrl>
      <Point>
        <coordinates>16.3557724,48.2057698,0</coordinates>
      </Point>
    </Placemark>
    <Placemark>
      <name>Zollstelle Wien/Post</name>
      <description>Kategorie: Behörde&lt;br&gt;Quelle: OSM</description>
      <styleUrl>#Behörde</styleUrl>
      <Point>
        <coordinates>16.3637803,48.1339689,0</coordinates>
      </Point>
    </Placemark>
    <Placemark>
      <name>Zollstelle Hafen Wien</name>
      <description>Kategorie: Behörde&lt;br&gt;Quelle: OSM</description>
      <styleUrl>#Behörde</styleUrl>
      <Point>
        <coordinates>16.4583899,48.1830804,0</coordinates>
      </Point>
    </Placemark>
    <Placemark>
      <name>Zollstelle Wien Außenstelle</name>
      <description>Kategorie: Behörde&lt;br&gt;Quelle: OSM</description>
      <styleUrl>#Behörde</styleUrl>
      <Point>
        <coordinates>16.3848263,48.2088756,0</coordinates>
      </Point>
    </Placemark>
    <Placemark>
      <name>Zollstelle Wien</name>
      <description>Kategorie: Behörde&lt;br&gt;Quelle: OSM</description>
      <styleUrl>#Behörde</styleUrl>
      <Point>
        <coordinates>16.401981,48.1767705,0</coordinates>
      </Point>
    </Placemark>
    <Placemark>
      <name>Zollstelle Flughafen Wien Güterabfertigung</name>
      <description>Kategorie: Behörde&lt;br&gt;Quelle: OSM</description>
      <styleUrl>#Behörde</styleUrl>
      <Point>
        <coordinates>16.5530223,48.1233812,0</coordinates>
      </Point>
    </Placemark>
    <Placemark>
      <name>Zollstelle Flughafen Wien</name>
      <description>Kategorie: Behörde&lt;br&gt;Quelle: OSM</description>
      <styleUrl>#Behörde</styleUrl>
      <Point>
        <coordinates>16.5649313,48.1224717,0</coordinates>
      </Point>
    </Placemark>
    <Placemark>
      <name>BH Tulln Außenstelle Herrengasse</name>
      <description>Kategorie: Behörde&lt;br&gt;Quelle: OSM</description>
      <styleUrl>#Behörde</styleUrl>
      <Point>
        <coordinates>16.3649867,48.2101282,0</coordinates>
      </Point>
    </Placemark>
    <Placemark>
      <name>Österreichischer Integrations Fonds</name>
      <description>Kategorie: Behörde&lt;br&gt;Quelle: OSM</description>
      <styleUrl>#Behörde</styleUrl>
      <Point>
        <coordinates>16.3885609,48.2040149,0</coordinates>
      </Point>
    </Placemark>
    <Placemark>
      <name>Kindergärten Wien - MA 10</name>
      <description>Kategorie: Behörde&lt;br&gt;Quelle: OSM</description>
      <styleUrl>#Behörde</styleUrl>
      <Point>
        <coordinates>16.412242,48.1929666,0</coordinates>
      </Point>
    </Placemark>
    <Placemark>
      <name>Die Agenda Favoriten</name>
      <description>Kategorie: Behörde&lt;br&gt;Quelle: OSM</description>
      <styleUrl>#Behörde</styleUrl>
      <Point>
        <coordinates>16.3800337,48.1723046,0</coordinates>
      </Point>
    </Placemark>
    <Placemark>
      <name>Mag elf</name>
      <description>Kategorie: Behörde&lt;br&gt;Quelle: OSM</description>
      <styleUrl>#Behörde</styleUrl>
      <Point>
        <coordinates>16.3790648,48.1816054,0</coordinates>
      </Point>
    </Placemark>
    <Placemark>
      <name>Landesverkehrsabteilung Wien</name>
      <description>Kategorie: Polizei&lt;br&gt;Quelle: OSM</description>
      <styleUrl>#Polizei</styleUrl>
      <Point>
        <coordinates>16.365896,48.2173311,0</coordinates>
      </Point>
    </Placemark>
    <Placemark>
      <name>Bundesministerium für Kunst, Kultur, öffentlichen Dienst und Sport: Sektion III – Öffentlicher Dienst und Verwaltungsinnovation</name>
      <description>Kategorie: Behörde&lt;br&gt;Quelle: OSM</description>
      <styleUrl>#Behörde</styleUrl>
      <Point>
        <coordinates>16.3665139,48.2130259,0</coordinates>
      </Point>
    </Placemark>
    <Placemark>
      <name>Polizeiinspektion Dresdner Straße</name>
      <description>Kategorie: Polizei&lt;br&gt;Quelle: OSM</description>
      <styleUrl>#Polizei</styleUrl>
      <Point>
        <coordinates>16.3827962,48.2337904,0</coordinates>
      </Point>
    </Placemark>
    <Placemark>
      <name>Bundesrat</name>
      <description>Kategorie: Behörde&lt;br&gt;Quelle: OSM</description>
      <styleUrl>#Behörde</styleUrl>
      <Point>
        <coordinates>16.357828,48.2081387,0</coordinates>
      </Point>
    </Placemark>
    <Placemark>
      <name>Nationalrat</name>
      <description>Kategorie: Behörde&lt;br&gt;Quelle: OSM</description>
      <styleUrl>#Behörde</styleUrl>
      <Point>
        <coordinates>16.3582646,48.2075778,0</coordinates>
      </Point>
    </Placemark>
    <Placemark>
      <name>Kongresszentrum Hofburg</name>
      <description>Kategorie: Behörde&lt;br&gt;Quelle: OSM</description>
      <styleUrl>#Behörde</styleUrl>
      <Point>
        <coordinates>16.3651416,48.2065346,0</coordinates>
      </Point>
    </Placemark>
    <Placemark>
      <name>Flugpolizei</name>
      <description>Kategorie: Polizei&lt;br&gt;Quelle: OSM</description>
      <styleUrl>#Polizei</styleUrl>
      <Point>
        <coordinates>16.3227951,48.1729695,0</coordinates>
      </Point>
    </Placemark>
    <Placemark>
      <name>Sicherheitsakademie</name>
      <description>Kategorie: Polizei&lt;br&gt;Quelle: OSM</description>
      <styleUrl>#Polizei</styleUrl>
      <Point>
        <coordinates>16.379055,48.1994596,0</coordinates>
      </Point>
    </Placemark>
    <Placemark>
      <name>Kommando Militärpolizei</name>
      <description>Kategorie: Polizei&lt;br&gt;Quelle: OSM</description>
      <styleUrl>#Polizei</styleUrl>
      <Point>
        <coordinates>16.3090083,48.1733068,0</coordinates>
      </Point>
    </Placemark>
    <Placemark>
      <name>Wirtschaftskammer Wien</name>
      <description>Kategorie: Behörde&lt;br&gt;Quelle: OSM</description>
      <styleUrl>#Behörde</styleUrl>
      <Point>
        <coordinates>16.3926074,48.2210527,0</coordinates>
      </Point>
    </Placemark>
    <Placemark>
      <name>Gleichbehandlungsanwaltschaft</name>
      <description>Kategorie: Behörde&lt;br&gt;Quelle: OSM</description>
      <styleUrl>#Behörde</styleUrl>
      <Point>
        <coordinates>16.3963066,48.2228373,0</coordinates>
      </Point>
    </Placemark>
    <Placemark>
      <name>Wega Spezialpolizei</name>
      <description>Kategorie: Polizei&lt;br&gt;Quelle: OSM</description>
      <styleUrl>#Polizei</styleUrl>
      <Point>
        <coordinates>16.3653684,48.2177276,0</coordinates>
      </Point>
    </Placemark>
    <Placemark>
      <name>Bereitschaftspolizei</name>
      <description>Kategorie: Polizei&lt;br&gt;Quelle: OSM</description>
      <styleUrl>#Polizei</styleUrl>
      <Point>
        <coordinates>16.3662484,48.2168826,0</coordinates>
      </Point>
    </Placemark>
    <Placemark>
      <name>Viktor-Adler Markt amt</name>
      <description>Kategorie: Behörde&lt;br&gt;Quelle: OSM</description>
      <styleUrl>#Behörde</styleUrl>
      <Point>
        <coordinates>16.376053,48.1765715,0</coordinates>
      </Point>
    </Placemark>
    <Placemark>
      <name>Wiener Wasser Außendienststelle</name>
      <description>Kategorie: Behörde&lt;br&gt;Quelle: OSM</description>
      <styleUrl>#Behörde</styleUrl>
      <Point>
        <coordinates>16.3502017,48.2367874,0</coordinates>
      </Point>
    </Placemark>
    <Placemark>
      <name>Polizeistation</name>
      <description>Kategorie: Polizei&lt;br&gt;Quelle: OSM</description>
      <styleUrl>#Polizei</styleUrl>
      <Point>
        <coordinates>16.5606208,48.1208863,0</coordinates>
      </Point>
    </Placemark>
    <Placemark>
      <name>Stadtteilmanagement Nordbahnhof / Nordwestbahnhof</name>
      <description>Kategorie: Behörde&lt;br&gt;Quelle: OSM</description>
      <styleUrl>#Behörde</styleUrl>
      <Point>
        <coordinates>16.3884345,48.2265293,0</coordinates>
      </Point>
    </Placemark>
    <Placemark>
      <name>Österreichische Staatsdruckerei</name>
      <description>Kategorie: Behörde&lt;br&gt;Quelle: OSM</description>
      <styleUrl>#Behörde</styleUrl>
      <Point>
        <coordinates>16.3545262,48.1400056,0</coordinates>
      </Point>
    </Placemark>
    <Placemark>
      <name>Rundfunk und Telekom Regulierungs-GmbH</name>
      <description>Kategorie: Behörde&lt;br&gt;Quelle: OSM</description>
      <styleUrl>#Behörde</styleUrl>
      <Point>
        <coordinates>16.349827,48.1976212,0</coordinates>
      </Point>
    </Placemark>
    <Placemark>
      <name>Parlamentsdirektion</name>
      <description>Kategorie: Behörde&lt;br&gt;Quelle: OSM</description>
      <styleUrl>#Behörde</styleUrl>
      <Point>
        <coordinates>16.381952,48.2095954,0</coordinates>
      </Point>
    </Placemark>
    <Placemark>
      <name>Stadtpolizeikommando Schwechat</name>
      <description>Kategorie: Polizei&lt;br&gt;Quelle: OSM</description>
      <styleUrl>#Polizei</styleUrl>
      <Point>
        <coordinates>16.5625039,48.1222801,0</coordinates>
      </Point>
    </Placemark>
    <Placemark>
      <name>Kinder- und Jugendhilfe, MA11</name>
      <description>Kategorie: Behörde&lt;br&gt;Quelle: OSM</description>
      <styleUrl>#Behörde</styleUrl>
      <Point>
        <coordinates>16.4016709,48.1983453,0</coordinates>
      </Point>
    </Placemark>
    <Placemark>
      <name>E-Control</name>
      <description>Kategorie: Behörde&lt;br&gt;Quelle: OSM</description>
      <styleUrl>#Behörde</styleUrl>
      <Point>
        <coordinates>16.3708319,48.2140941,0</coordinates>
      </Point>
    </Placemark>
    <Placemark>
      <name>Nationale Anti-Doping Agentur Austria</name>
      <description>Kategorie: Behörde&lt;br&gt;Quelle: OSM</description>
      <styleUrl>#Behörde</styleUrl>
      <Point>
        <coordinates>16.3777271,48.1836807,0</coordinates>
      </Point>
    </Placemark>
    <Placemark>
      <name>Artothek des Bundes</name>
      <description>Kategorie: Behörde&lt;br&gt;Quelle: OSM</description>
      <styleUrl>#Behörde</styleUrl>
      <Point>
        <coordinates>16.3838818,48.1855247,0</coordinates>
      </Point>
    </Placemark>
    <Placemark>
      <name>Bundesstelle für die Positivprädikatisierung von Computer- und Konsolenspielen</name>
      <description>Kategorie: Behörde&lt;br&gt;Quelle: OSM</description>
      <styleUrl>#Behörde</styleUrl>
      <Point>
        <coordinates>16.3822635,48.2125665,0</coordinates>
      </Point>
    </Placemark>
    <Placemark>
      <name>Finanzprokuratur</name>
      <description>Kategorie: Behörde&lt;br&gt;Quelle: OSM</description>
      <styleUrl>#Behörde</styleUrl>
      <Point>
        <coordinates>16.3752123,48.2068052,0</coordinates>
      </Point>
    </Placemark>
    <Placemark>
      <name>Österreichischer Integrationsfonds</name>
      <description>Kategorie: Behörde&lt;br&gt;Quelle: OSM</description>
      <styleUrl>#Behörde</styleUrl>
      <Point>
        <coordinates>16.4050952,48.1937678,0</coordinates>
      </Point>
    </Placemark>
    <Placemark>
      <name>Schienen-Control</name>
      <description>Kategorie: Behörde&lt;br&gt;Quelle: OSM</description>
      <styleUrl>#Behörde</styleUrl>
      <Point>
        <coordinates>16.3649039,48.1999295,0</coordinates>
      </Point>
    </Placemark>
    <Placemark>
      <name>Bundesministerium Land- und Forstwirtschaft, Klima- und Umweltschutz, Regionen und Wasserwirtschaft</name>
      <description>Kategorie: Behörde&lt;br&gt;Quelle: OSM</description>
      <styleUrl>#Behörde</styleUrl>
      <Point>
        <coordinates>16.3845151,48.2079451,0</coordinates>
      </Point>
    </Placemark>
    <Placemark>
      <name>Rechnungshof</name>
      <description>Kategorie: Behörde&lt;br&gt;Quelle: OSM</description>
      <styleUrl>#Behörde</styleUrl>
      <Point>
        <coordinates>16.3881467,48.2126054,0</coordinates>
      </Point>
    </Placemark>
    <Placemark>
      <name>LPD Außenstelle Logistik</name>
      <description>Kategorie: Polizei&lt;br&gt;Quelle: OSM</description>
      <styleUrl>#Polizei</styleUrl>
      <Point>
        <coordinates>16.3718192,48.2827731,0</coordinates>
      </Point>
    </Placemark>
    <Placemark>
      <name>Mobilitätsagentur Wien</name>
      <description>Kategorie: Behörde&lt;br&gt;Quelle: OSM</description>
      <styleUrl>#Behörde</styleUrl>
      <Point>
        <coordinates>16.3783638,48.2164929,0</coordinates>
      </Point>
    </Placemark>
    <Placemark>
      <name>MA 39 - Prüf-, Inspektions- und Zertifizierungsstelle der Stadt Wien</name>
      <description>Kategorie: Behörde&lt;br&gt;Quelle: OSM</description>
      <styleUrl>#Behörde</styleUrl>
      <Point>
        <coordinates>16.4064082,48.1844195,0</coordinates>
      </Point>
    </Placemark>
    <Placemark>
      <name>Magistratsabteilung 6 - Buchhaltungsabteilung 32 - Strafen</name>
      <description>Kategorie: Behörde&lt;br&gt;Quelle: OSM</description>
      <styleUrl>#Behörde</styleUrl>
      <Point>
        <coordinates>16.4068115,48.1840802,0</coordinates>
      </Point>
    </Placemark>
    <Placemark>
      <name>Wiener Kinder und Jugendhilfe</name>
      <description>Kategorie: Behörde&lt;br&gt;Quelle: OSM</description>
      <styleUrl>#Behörde</styleUrl>
      <Point>
        <coordinates>16.3120356,48.2146313,0</coordinates>
      </Point>
    </Placemark>
    <Placemark>
      <name>Magistratsabteilung 46</name>
      <description>Kategorie: Behörde&lt;br&gt;Quelle: OSM</description>
      <styleUrl>#Behörde</styleUrl>
      <Point>
        <coordinates>16.3319846,48.1810972,0</coordinates>
      </Point>
    </Placemark>
    <Placemark>
      <name>Polizeiinspektion Keplergasse (Ersatzquartier Columbusgasse)</name>
      <description>Kategorie: Polizei&lt;br&gt;Quelle: OSM</description>
      <styleUrl>#Polizei</styleUrl>
      <Point>
        <coordinates>16.374616,48.1808473,0</coordinates>
      </Point>
    </Placemark>
    <Placemark>
      <name>Niederösterreichische Landarbeiterkammer</name>
      <description>Kategorie: Behörde&lt;br&gt;Quelle: OSM</description>
      <styleUrl>#Behörde</styleUrl>
      <Point>
        <coordinates>16.3707493,48.2052221,0</coordinates>
      </Point>
    </Placemark>
    <Placemark>
      <name>Bundeskanzleramt</name>
      <description>Kategorie: Behörde&lt;br&gt;Quelle: OSM</description>
      <styleUrl>#Behörde</styleUrl>
      <Point>
        <coordinates>16.3822156,48.2124993,0</coordinates>
      </Point>
    </Placemark>
    <Placemark>
      <name>Bundesministerium für Land- und Forstwirtschaft, Klima- und Umweltschutz, Regionen und Wasserwirtschaft</name>
      <description>Kategorie: Behörde&lt;br&gt;Quelle: OSM</description>
      <styleUrl>#Behörde</styleUrl>
      <Point>
        <coordinates>16.3783708,48.2067077,0</coordinates>
      </Point>
    </Placemark>
    <Placemark>
      <name>MA 35 - Einwanderung und Staatsbürgerschaft</name>
      <description>Kategorie: Behörde&lt;br&gt;Quelle: OSM</description>
      <styleUrl>#Behörde</styleUrl>
      <Point>
        <coordinates>16.3852058,48.2322822,0</coordinates>
      </Point>
    </Placemark>
    <Placemark>
      <name>MA 35 - Staatsbürgerschaftsevidenz</name>
      <description>Kategorie: Behörde&lt;br&gt;Quelle: OSM</description>
      <styleUrl>#Behörde</styleUrl>
      <Point>
        <coordinates>16.3844743,48.233124,0</coordinates>
      </Point>
    </Placemark>
    <Placemark>
      <name>Bundesamt für Soziales und Behindertenwesen - Sozialministeriumservice</name>
      <description>Kategorie: Behörde&lt;br&gt;Quelle: OSM</description>
      <styleUrl>#Behörde</styleUrl>
      <Point>
        <coordinates>16.3626141,48.2030162,0</coordinates>
      </Point>
    </Placemark>
    <Placemark>
      <name>POLIZEI</name>
      <description>Kategorie: Polizei&lt;br&gt;Quelle: OSM</description>
      <styleUrl>#Polizei</styleUrl>
      <Point>
        <coordinates>16.3682545,48.217399,0</coordinates>
      </Point>
    </Placemark>
    <Placemark>
      <name>AMS Lemböckgasse</name>
      <description>Kategorie: Behörde&lt;br&gt;Quelle: OSM</description>
      <styleUrl>#Behörde</styleUrl>
      <Point>
        <coordinates>16.3102632,48.1343939,0</coordinates>
      </Point>
    </Placemark>
    <Placemark>
      <name>Rektorat</name>
      <description>Kategorie: Behörde&lt;br&gt;Quelle: OSM</description>
      <styleUrl>#Behörde</styleUrl>
      <Point>
        <coordinates>16.3367758,48.2365654,0</coordinates>
      </Point>
    </Placemark>
    <Placemark>
      <name>Bundesministerium Frauen, Wissenschaft und Forschung</name>
      <description>Kategorie: Behörde&lt;br&gt;Quelle: OSM</description>
      <styleUrl>#Behörde</styleUrl>
      <Point>
        <coordinates>16.3631155,48.2093785,0</coordinates>
      </Point>
    </Placemark>
    <Placemark>
      <name>Bundesministerium für Inneres</name>
      <description>Kategorie: Behörde&lt;br&gt;Quelle: OSM</description>
      <styleUrl>#Behörde</styleUrl>
      <Point>
        <coordinates>16.3656927,48.2089476,0</coordinates>
      </Point>
    </Placemark>
    <Placemark>
      <name>Marktamt</name>
      <description>Kategorie: Behörde&lt;br&gt;Quelle: OSM</description>
      <styleUrl>#Behörde</styleUrl>
      <Point>
        <coordinates>16.3858648,48.2227941,0</coordinates>
      </Point>
    </Placemark>
    <Placemark>
      <name>Wiener Landesfahrzeugprüfstelle</name>
      <description>Kategorie: Behörde&lt;br&gt;Quelle: OSM</description>
      <styleUrl>#Behörde</styleUrl>
      <Point>
        <coordinates>16.4455514,48.1811964,0</coordinates>
      </Point>
    </Placemark>
    <Placemark>
      <name>AMS</name>
      <description>Kategorie: Behörde&lt;br&gt;Quelle: OSM</description>
      <styleUrl>#Behörde</styleUrl>
      <Point>
        <coordinates>16.305287,48.1920244,0</coordinates>
      </Point>
    </Placemark>
    <Placemark>
      <name>KFZ Zulassungsstelle</name>
      <description>Kategorie: Behörde&lt;br&gt;Quelle: OSM</description>
      <styleUrl>#Behörde</styleUrl>
      <Point>
        <coordinates>16.3888993,48.1653921,0</coordinates>
      </Point>
    </Placemark>
    <Placemark>
      <name>Startplatz Ober St. Veit</name>
      <description>Kategorie: Behörde&lt;br&gt;Quelle: OSM</description>
      <styleUrl>#Behörde</styleUrl>
      <Point>
        <coordinates>16.2761757,48.1917983,0</coordinates>
      </Point>
    </Placemark>
    <Placemark>
      <name>Stadtarchäologie Wien</name>
      <description>Kategorie: Behörde&lt;br&gt;Quelle: OSM</description>
      <styleUrl>#Behörde</styleUrl>
      <Point>
        <coordinates>16.3745341,48.2228226,0</coordinates>
      </Point>
    </Placemark>
    <Placemark>
      <name>Bundeskriminalamt</name>
      <description>Kategorie: Polizei&lt;br&gt;Quelle: OSM</description>
      <styleUrl>#Polizei</styleUrl>
      <Point>
        <coordinates>16.3577226,48.2339973,0</coordinates>
      </Point>
    </Placemark>
    <Placemark>
      <name>Botschaft der Vereinigten Staaten von Amerika</name>
      <description>Kategorie: Behörde&lt;br&gt;Quelle: OSM</description>
      <styleUrl>#Behörde</styleUrl>
      <Point>
        <coordinates>16.3567698,48.2229133,0</coordinates>
      </Point>
    </Placemark>
    <Placemark>
      <name>Bundesamt für Wald</name>
      <description>Kategorie: Behörde&lt;br&gt;Quelle: OSM</description>
      <styleUrl>#Behörde</styleUrl>
      <Point>
        <coordinates>16.3026267,48.178267,0</coordinates>
      </Point>
    </Placemark>
    <Placemark>
      <name>MA 45 Wiener Gewässer</name>
      <description>Kategorie: Behörde&lt;br&gt;Quelle: OSM</description>
      <styleUrl>#Behörde</styleUrl>
      <Point>
        <coordinates>16.369829,48.2595697,0</coordinates>
      </Point>
    </Placemark>
    <Placemark>
      <name>Unbekannt</name>
      <description>Kategorie: Behörde&lt;br&gt;Quelle: OSM</description>
      <styleUrl>#Behörde</styleUrl>
      <Point>
        <coordinates>16.3727848,48.1985765,0</coordinates>
      </Point>
    </Placemark>
    <Placemark>
      <name>Polizeiinspektion Simmeringer Hauptstraße</name>
      <description>Kategorie: Polizei&lt;br&gt;Quelle: OSM</description>
      <styleUrl>#Polizei</styleUrl>
      <Point>
        <coordinates>16.4244654,48.1658245,0</coordinates>
      </Point>
    </Placemark>
    <Placemark>
      <name>Unbekannt</name>
      <description>Kategorie: Behörde&lt;br&gt;Quelle: OSM</description>
      <styleUrl>#Behörde</styleUrl>
      <Point>
        <coordinates>16.3536968,48.2403432,0</coordinates>
      </Point>
    </Placemark>
    <Placemark>
      <name>Bundesministerium für Finanzen</name>
      <description>Kategorie: Behörde&lt;br&gt;Quelle: OSM</description>
      <styleUrl>#Behörde</styleUrl>
      <Point>
        <coordinates>16.3860801,48.2096617,0</coordinates>
      </Point>
    </Placemark>
    <Placemark>
      <name>Wasserpolizei Wien - Handelskai</name>
      <description>Kategorie: Polizei&lt;br&gt;Quelle: OSM</description>
      <styleUrl>#Polizei</styleUrl>
      <Point>
        <coordinates>16.4096811,48.2228221,0</coordinates>
      </Point>
    </Placemark>
    <Placemark>
      <name>Polizeiinspektion Deutsch-Wagram</name>
      <description>Kategorie: Polizei&lt;br&gt;Quelle: OSM</description>
      <styleUrl>#Polizei</styleUrl>
      <Point>
        <coordinates>16.5675178,48.3026804,0</coordinates>
      </Point>
    </Placemark>
    <Placemark>
      <name>Unbekannt</name>
      <description>Kategorie: Behörde&lt;br&gt;Quelle: OSM</description>
      <styleUrl>#Behörde</styleUrl>
      <Point>
        <coordinates>16.41005,48.21833,0</coordinates>
      </Point>
    </Placemark>
    <Placemark>
      <name>Unbekannt</name>
      <description>Kategorie: Behörde&lt;br&gt;Quelle: OSM</description>
      <styleUrl>#Behörde</styleUrl>
      <Point>
        <coordinates>16.4124829,48.2175215,0</coordinates>
      </Point>
    </Placemark>
    <Placemark>
      <name>Unbekannt</name>
      <description>Kategorie: Behörde&lt;br&gt;Quelle: OSM</description>
      <styleUrl>#Behörde</styleUrl>
      <Point>
        <coordinates>16.4133042,48.2169121,0</coordinates>
      </Point>
    </Placemark>
    <Placemark>
      <name>Unbekannt</name>
      <description>Kategorie: Behörde&lt;br&gt;Quelle: OSM</description>
      <styleUrl>#Behörde</styleUrl>
      <Point>
        <coordinates>16.4117934,48.2169006,0</coordinates>
      </Point>
    </Placemark>
    <Placemark>
      <name>Polizeiinspektion Wagramer Straße</name>
      <description>Kategorie: Polizei&lt;br&gt;Quelle: OSM</description>
      <styleUrl>#Polizei</styleUrl>
      <Point>
        <coordinates>16.4362286,48.2436497,0</coordinates>
      </Point>
    </Placemark>
    <Placemark>
      <name>Polizeiinspektion Brunn am Gebirge</name>
      <description>Kategorie: Polizei&lt;br&gt;Quelle: OSM</description>
      <styleUrl>#Polizei</styleUrl>
      <Point>
        <coordinates>16.2847725,48.111289,0</coordinates>
      </Point>
    </Placemark>
    <Placemark>
      <name>Amt für Rüstung und Wehrtechnik ZTPD</name>
      <description>Kategorie: Behörde&lt;br&gt;Quelle: OSM</description>
      <styleUrl>#Behörde</styleUrl>
      <Point>
        <coordinates>16.3616311,48.1914647,0</coordinates>
      </Point>
    </Placemark>
    <Placemark>
      <name>Polizeiinspektion Langenzersdorf</name>
      <description>Kategorie: Polizei&lt;br&gt;Quelle: OSM</description>
      <styleUrl>#Polizei</styleUrl>
      <Point>
        <coordinates>16.3590632,48.307513,0</coordinates>
      </Point>
    </Placemark>
    <Placemark>
      <name>Unbekannt</name>
      <description>Kategorie: Behörde&lt;br&gt;Quelle: OSM</description>
      <styleUrl>#Behörde</styleUrl>
      <Point>
        <coordinates>16.3741456,48.1788824,0</coordinates>
      </Point>
    </Placemark>
    <Placemark>
      <name>Unbekannt</name>
      <description>Kategorie: Behörde&lt;br&gt;Quelle: OSM</description>
      <styleUrl>#Behörde</styleUrl>
      <Point>
        <coordinates>16.374151,48.1785309,0</coordinates>
      </Point>
    </Placemark>
    <Placemark>
      <name>Unbekannt</name>
      <description>Kategorie: Behörde&lt;br&gt;Quelle: OSM</description>
      <styleUrl>#Behörde</styleUrl>
      <Point>
        <coordinates>16.38006,48.2022628,0</coordinates>
      </Point>
    </Placemark>
    <Placemark>
      <name>Unbekannt</name>
      <description>Kategorie: Behörde&lt;br&gt;Quelle: OSM</description>
      <styleUrl>#Behörde</styleUrl>
      <Point>
        <coordinates>16.3004735,48.2047997,0</coordinates>
      </Point>
    </Placemark>
    <Placemark>
      <name>Unbekannt</name>
      <description>Kategorie: Behörde&lt;br&gt;Quelle: OSM</description>
      <styleUrl>#Behörde</styleUrl>
      <Point>
        <coordinates>16.3410769,48.2113169,0</coordinates>
      </Point>
    </Placemark>
    <Placemark>
      <name>Polizeiinspektion Hernalser Gürtel 6-12</name>
      <description>Kategorie: Polizei&lt;br&gt;Quelle: OSM</description>
      <styleUrl>#Polizei</styleUrl>
      <Point>
        <coordinates>16.3406959,48.2135479,0</coordinates>
      </Point>
    </Placemark>
    <Placemark>
      <name>Polizeiinspektion Hernalser Gürtel 6-12</name>
      <description>Kategorie: Polizei&lt;br&gt;Quelle: OSM</description>
      <styleUrl>#Polizei</styleUrl>
      <Point>
        <coordinates>16.3405038,48.2132974,0</coordinates>
      </Point>
    </Placemark>
    <Placemark>
      <name>Bundesamt für Eich- und Vermessungswesen</name>
      <description>Kategorie: Behörde&lt;br&gt;Quelle: OSM</description>
      <styleUrl>#Behörde</styleUrl>
      <Point>
        <coordinates>16.3728707,48.2188313,0</coordinates>
      </Point>
    </Placemark>
    <Placemark>
      <name>Amtshaus Simmering</name>
      <description>Kategorie: Behörde&lt;br&gt;Quelle: OSM</description>
      <styleUrl>#Behörde</styleUrl>
      <Point>
        <coordinates>16.4137987,48.1754848,0</coordinates>
      </Point>
    </Placemark>
    <Placemark>
      <name>Unbekannt</name>
      <description>Kategorie: Behörde&lt;br&gt;Quelle: OSM</description>
      <styleUrl>#Behörde</styleUrl>
      <Point>
        <coordinates>16.3247001,48.3027774,0</coordinates>
      </Point>
    </Placemark>
    <Placemark>
      <name>Wirtschaftshof</name>
      <description>Kategorie: Behörde&lt;br&gt;Quelle: OSM</description>
      <styleUrl>#Behörde</styleUrl>
      <Point>
        <coordinates>16.3329411,48.299053,0</coordinates>
      </Point>
    </Placemark>
    <Placemark>
      <name>Unbekannt</name>
      <description>Kategorie: Behörde&lt;br&gt;Quelle: OSM</description>
      <styleUrl>#Behörde</styleUrl>
      <Point>
        <coordinates>16.3809338,48.208607,0</coordinates>
      </Point>
    </Placemark>
    <Placemark>
      <name>Unbekannt</name>
      <description>Kategorie: Behörde&lt;br&gt;Quelle: OSM</description>
      <styleUrl>#Behörde</styleUrl>
      <Point>
        <coordinates>16.3783984,48.2066683,0</coordinates>
      </Point>
    </Placemark>
    <Placemark>
      <name>Bundesministerium für Finanzen</name>
      <description>Kategorie: Behörde&lt;br&gt;Quelle: OSM</description>
      <styleUrl>#Behörde</styleUrl>
      <Point>
        <coordinates>16.3730874,48.2057968,0</coordinates>
      </Point>
    </Placemark>
    <Placemark>
      <name>Polizeiinspektion Ausstellungsstraße</name>
      <description>Kategorie: Polizei&lt;br&gt;Quelle: OSM</description>
      <styleUrl>#Polizei</styleUrl>
      <Point>
        <coordinates>16.405375,48.2176073,0</coordinates>
      </Point>
    </Placemark>
    <Placemark>
      <name>Unbekannt</name>
      <description>Kategorie: Behörde&lt;br&gt;Quelle: OSM</description>
      <styleUrl>#Behörde</styleUrl>
      <Point>
        <coordinates>16.385865,48.2227947,0</coordinates>
      </Point>
    </Placemark>
    <Placemark>
      <name>Forstamt</name>
      <description>Kategorie: Behörde&lt;br&gt;Quelle: OSM</description>
      <styleUrl>#Behörde</styleUrl>
      <Point>
        <coordinates>16.3396526,48.1550231,0</coordinates>
      </Point>
    </Placemark>
    <Placemark>
      <name>Botschaft der Sozialistischen Republik Vietnam</name>
      <description>Kategorie: Behörde&lt;br&gt;Quelle: OSM</description>
      <styleUrl>#Behörde</styleUrl>
      <Point>
        <coordinates>16.3437488,48.234806,0</coordinates>
      </Point>
    </Placemark>
    <Placemark>
      <name>Unbekannt</name>
      <description>Kategorie: Behörde&lt;br&gt;Quelle: OSM</description>
      <styleUrl>#Behörde</styleUrl>
      <Point>
        <coordinates>16.3424545,48.2358424,0</coordinates>
      </Point>
    </Placemark>
    <Placemark>
      <name>Unbekannt</name>
      <description>Kategorie: Behörde&lt;br&gt;Quelle: OSM</description>
      <styleUrl>#Behörde</styleUrl>
      <Point>
        <coordinates>16.3438147,48.2318042,0</coordinates>
      </Point>
    </Placemark>
    <Placemark>
      <name>Unbekannt</name>
      <description>Kategorie: Behörde&lt;br&gt;Quelle: OSM</description>
      <styleUrl>#Behörde</styleUrl>
      <Point>
        <coordinates>16.3906614,48.2053575,0</coordinates>
      </Point>
    </Placemark>
    <Placemark>
      <name>Unbekannt</name>
      <description>Kategorie: Behörde&lt;br&gt;Quelle: OSM</description>
      <styleUrl>#Behörde</styleUrl>
      <Point>
        <coordinates>16.3186381,48.183621,0</coordinates>
      </Point>
    </Placemark>
    <Placemark>
      <name>Unbekannt</name>
      <description>Kategorie: Behörde&lt;br&gt;Quelle: OSM</description>
      <styleUrl>#Behörde</styleUrl>
      <Point>
        <coordinates>16.3185164,48.1833614,0</coordinates>
      </Point>
    </Placemark>
    <Placemark>
      <name>Unbekannt</name>
      <description>Kategorie: Behörde&lt;br&gt;Quelle: OSM</description>
      <styleUrl>#Behörde</styleUrl>
      <Point>
        <coordinates>16.3687128,48.2000355,0</coordinates>
      </Point>
    </Placemark>
    <Placemark>
      <name>Polizeikommissariat Liesing</name>
      <description>Kategorie: Polizei&lt;br&gt;Quelle: OSM</description>
      <styleUrl>#Polizei</styleUrl>
      <Point>
        <coordinates>16.2811333,48.1354046,0</coordinates>
      </Point>
    </Placemark>
    <Placemark>
      <name>Wirtschaftskammer Niederösterreich - Außenstelle Schwechat</name>
      <description>Kategorie: Behörde&lt;br&gt;Quelle: OSM</description>
      <styleUrl>#Behörde</styleUrl>
      <Point>
        <coordinates>16.4746964,48.143789,0</coordinates>
      </Point>
    </Placemark>
    <Placemark>
      <name>AK Wien</name>
      <description>Kategorie: Behörde&lt;br&gt;Quelle: OSM</description>
      <styleUrl>#Behörde</styleUrl>
      <Point>
        <coordinates>16.3761834,48.1949225,0</coordinates>
      </Point>
    </Placemark>
    <Placemark>
      <name>Palais Rothschild</name>
      <description>Kategorie: Behörde&lt;br&gt;Quelle: OSM</description>
      <styleUrl>#Behörde</styleUrl>
      <Point>
        <coordinates>16.3770385,48.1942144,0</coordinates>
      </Point>
    </Placemark>
    <Placemark>
      <name>Unbekannt</name>
      <description>Kategorie: Behörde&lt;br&gt;Quelle: OSM</description>
      <styleUrl>#Behörde</styleUrl>
      <Point>
        <coordinates>16.376232,48.1941943,0</coordinates>
      </Point>
    </Placemark>
    <Placemark>
      <name>Unbekannt</name>
      <description>Kategorie: Behörde&lt;br&gt;Quelle: OSM</description>
      <styleUrl>#Behörde</styleUrl>
      <Point>
        <coordinates>16.3518076,48.2429504,0</coordinates>
      </Point>
    </Placemark>
    <Placemark>
      <name>Unbekannt</name>
      <description>Kategorie: Behörde&lt;br&gt;Quelle: OSM</description>
      <styleUrl>#Behörde</styleUrl>
      <Point>
        <coordinates>16.3554979,48.2503005,0</coordinates>
      </Point>
    </Placemark>
    <Placemark>
      <name>Amtshaus Niederhofstraße</name>
      <description>Kategorie: Behörde&lt;br&gt;Quelle: OSM</description>
      <styleUrl>#Behörde</styleUrl>
      <Point>
        <coordinates>16.3319198,48.1807659,0</coordinates>
      </Point>
    </Placemark>
    <Placemark>
      <name>Unbekannt</name>
      <description>Kategorie: Behörde&lt;br&gt;Quelle: OSM</description>
      <styleUrl>#Behörde</styleUrl>
      <Point>
        <coordinates>16.3817047,48.2096116,0</coordinates>
      </Point>
    </Placemark>
    <Placemark>
      <name>Stadtraum Mitte 15</name>
      <description>Kategorie: Behörde&lt;br&gt;Quelle: OSM</description>
      <styleUrl>#Behörde</styleUrl>
      <Point>
        <coordinates>16.3254607,48.1946031,0</coordinates>
      </Point>
    </Placemark>
    <Placemark>
      <name>MA 48</name>
      <description>Kategorie: Behörde&lt;br&gt;Quelle: OSM</description>
      <styleUrl>#Behörde</styleUrl>
      <Point>
        <coordinates>16.4559559,48.2321659,0</coordinates>
      </Point>
    </Placemark>
    <Placemark>
      <name>Unbekannt</name>
      <description>Kategorie: Behörde&lt;br&gt;Quelle: OSM</description>
      <styleUrl>#Behörde</styleUrl>
      <Point>
        <coordinates>16.3491761,48.2417524,0</coordinates>
      </Point>
    </Placemark>
    <Placemark>
      <name>Unbekannt</name>
      <description>Kategorie: Behörde&lt;br&gt;Quelle: OSM</description>
      <styleUrl>#Behörde</styleUrl>
      <Point>
        <coordinates>16.3502098,48.2417897,0</coordinates>
      </Point>
    </Placemark>
    <Placemark>
      <name>Unbekannt</name>
      <description>Kategorie: Behörde&lt;br&gt;Quelle: OSM</description>
      <styleUrl>#Behörde</styleUrl>
      <Point>
        <coordinates>16.33629,48.2308164,0</coordinates>
      </Point>
    </Placemark>
    <Placemark>
      <name>Unbekannt</name>
      <description>Kategorie: Behörde&lt;br&gt;Quelle: OSM</description>
      <styleUrl>#Behörde</styleUrl>
      <Point>
        <coordinates>16.3464528,48.2443751,0</coordinates>
      </Point>
    </Placemark>
    <Placemark>
      <name>Unbekannt</name>
      <description>Kategorie: Behörde&lt;br&gt;Quelle: OSM</description>
      <styleUrl>#Behörde</styleUrl>
      <Point>
        <coordinates>16.3461594,48.2442524,0</coordinates>
      </Point>
    </Placemark>
    <Placemark>
      <name>Unbekannt</name>
      <description>Kategorie: Behörde&lt;br&gt;Quelle: OSM</description>
      <styleUrl>#Behörde</styleUrl>
      <Point>
        <coordinates>16.3841005,48.1978625,0</coordinates>
      </Point>
    </Placemark>
    <Placemark>
      <name>Justizanstalt Wien-Mittersteig</name>
      <description>Kategorie: Behörde&lt;br&gt;Quelle: OSM</description>
      <styleUrl>#Behörde</styleUrl>
      <Point>
        <coordinates>16.3613743,48.1892655,0</coordinates>
      </Point>
    </Placemark>
    <Placemark>
      <name>Bezirkspolizeikommando Döbling</name>
      <description>Kategorie: Polizei&lt;br&gt;Quelle: OSM</description>
      <styleUrl>#Polizei</styleUrl>
      <Point>
        <coordinates>16.3560399,48.2474742,0</coordinates>
      </Point>
    </Placemark>
    <Placemark>
      <name>Unbekannt</name>
      <description>Kategorie: Behörde&lt;br&gt;Quelle: OSM</description>
      <styleUrl>#Behörde</styleUrl>
      <Point>
        <coordinates>16.3723308,48.2053923,0</coordinates>
      </Point>
    </Placemark>
    <Placemark>
      <name>Unbekannt</name>
      <description>Kategorie: Behörde&lt;br&gt;Quelle: OSM</description>
      <styleUrl>#Behörde</styleUrl>
      <Point>
        <coordinates>16.4066517,48.1842108,0</coordinates>
      </Point>
    </Placemark>
    <Placemark>
      <name>Hygienezentrum der Stadt Wien</name>
      <description>Kategorie: Behörde&lt;br&gt;Quelle: OSM</description>
      <styleUrl>#Behörde</styleUrl>
      <Point>
        <coordinates>16.4242145,48.1769929,0</coordinates>
      </Point>
    </Placemark>
    <Placemark>
      <name>Unbekannt</name>
      <description>Kategorie: Behörde&lt;br&gt;Quelle: OSM</description>
      <styleUrl>#Behörde</styleUrl>
      <Point>
        <coordinates>16.36314,48.2026447,0</coordinates>
      </Point>
    </Placemark>
    <Placemark>
      <name>v. Mack'sches Stiftungshaus</name>
      <description>Kategorie: Behörde&lt;br&gt;Quelle: OSM</description>
      <styleUrl>#Behörde</styleUrl>
      <Point>
        <coordinates>16.2432577,48.1401237,0</coordinates>
      </Point>
    </Placemark>
    <Placemark>
      <name>Unbekannt</name>
      <description>Kategorie: Behörde&lt;br&gt;Quelle: OSM</description>
      <styleUrl>#Behörde</styleUrl>
      <Point>
        <coordinates>16.2896392,48.1873994,0</coordinates>
      </Point>
    </Placemark>
    <Placemark>
      <name>Polizeiinspektion Vösendorf</name>
      <description>Kategorie: Polizei&lt;br&gt;Quelle: OSM</description>
      <styleUrl>#Polizei</styleUrl>
      <Point>
        <coordinates>16.3287771,48.1253124,0</coordinates>
      </Point>
    </Placemark>
    <Placemark>
      <name>Gemeindeamt</name>
      <description>Kategorie: Behörde&lt;br&gt;Quelle: OSM</description>
      <styleUrl>#Behörde</styleUrl>
      <Point>
        <coordinates>16.1945043,48.1328561,0</coordinates>
      </Point>
    </Placemark>
    <Placemark>
      <name>Unbekannt</name>
      <description>Kategorie: Behörde&lt;br&gt;Quelle: OSM</description>
      <styleUrl>#Behörde</styleUrl>
      <Point>
        <coordinates>16.3088606,48.2049212,0</coordinates>
      </Point>
    </Placemark>
    <Placemark>
      <name>Polizeiinspektion Leopoldsdorf</name>
      <description>Kategorie: Polizei&lt;br&gt;Quelle: OSM</description>
      <styleUrl>#Polizei</styleUrl>
      <Point>
        <coordinates>16.3982003,48.1107221,0</coordinates>
      </Point>
    </Placemark>
    <Placemark>
      <name>Unbekannt</name>
      <description>Kategorie: Behörde&lt;br&gt;Quelle: OSM</description>
      <styleUrl>#Behörde</styleUrl>
      <Point>
        <coordinates>16.3614634,48.1977246,0</coordinates>
      </Point>
    </Placemark>
    <Placemark>
      <name>Unbekannt</name>
      <description>Kategorie: Behörde&lt;br&gt;Quelle: OSM</description>
      <styleUrl>#Behörde</styleUrl>
      <Point>
        <coordinates>16.3777211,48.1828798,0</coordinates>
      </Point>
    </Placemark>
    <Placemark>
      <name>Unbekannt</name>
      <description>Kategorie: Behörde&lt;br&gt;Quelle: OSM</description>
      <styleUrl>#Behörde</styleUrl>
      <Point>
        <coordinates>16.3748405,48.1786912,0</coordinates>
      </Point>
    </Placemark>
    <Placemark>
      <name>Unbekannt</name>
      <description>Kategorie: Behörde&lt;br&gt;Quelle: OSM</description>
      <styleUrl>#Behörde</styleUrl>
      <Point>
        <coordinates>16.3743823,48.1786903,0</coordinates>
      </Point>
    </Placemark>
    <Placemark>
      <name>Polizeiinspektion Sängergasse</name>
      <description>Kategorie: Polizei&lt;br&gt;Quelle: OSM</description>
      <styleUrl>#Polizei</styleUrl>
      <Point>
        <coordinates>16.4698666,48.1527711,0</coordinates>
      </Point>
    </Placemark>
    <Placemark>
      <name>MA 44</name>
      <description>Kategorie: Behörde&lt;br&gt;Quelle: OSM</description>
      <styleUrl>#Behörde</styleUrl>
      <Point>
        <coordinates>16.3789405,48.1742791,0</coordinates>
      </Point>
    </Placemark>
    <Placemark>
      <name>Stadtpolizeikommando Schwechat</name>
      <description>Kategorie: Polizei&lt;br&gt;Quelle: OSM</description>
      <styleUrl>#Polizei</styleUrl>
      <Point>
        <coordinates>16.5532412,48.124933,0</coordinates>
      </Point>
    </Placemark>
    <Placemark>
      <name>Polizeiinspektion Gerasdorf bei Wien</name>
      <description>Kategorie: Polizei&lt;br&gt;Quelle: OSM</description>
      <styleUrl>#Polizei</styleUrl>
      <Point>
        <coordinates>16.4681157,48.2945156,0</coordinates>
      </Point>
    </Placemark>
    <Placemark>
      <name>Polizeiinspektion Groß-Enzersdorf</name>
      <description>Kategorie: Polizei&lt;br&gt;Quelle: OSM</description>
      <styleUrl>#Polizei</styleUrl>
      <Point>
        <coordinates>16.5490044,48.2057135,0</coordinates>
      </Point>
    </Placemark>
    <Placemark>
      <name>Österreichischer Bundesfeuerwehrverband</name>
      <description>Kategorie: Behörde&lt;br&gt;Quelle: OSM</description>
      <styleUrl>#Behörde</styleUrl>
      <Point>
        <coordinates>16.4578854,48.2625641,0</coordinates>
      </Point>
    </Placemark>
    <Placemark>
      <name>Präsidentschaftskanzlei</name>
      <description>Kategorie: Behörde&lt;br&gt;Quelle: OSM</description>
      <styleUrl>#Behörde</styleUrl>
      <Point>
        <coordinates>16.3640829,48.2077284,0</coordinates>
      </Point>
    </Placemark>
    <Placemark>
      <name>Finanzzentrum Wien Mitte</name>
      <description>Kategorie: Behörde&lt;br&gt;Quelle: OSM</description>
      <styleUrl>#Behörde</styleUrl>
      <Point>
        <coordinates>16.3851084,48.2075957,0</coordinates>
      </Point>
    </Placemark>
    <Placemark>
      <name>Polizeiinspektion Wien Mitte</name>
      <description>Kategorie: Polizei&lt;br&gt;Quelle: OSM</description>
      <styleUrl>#Polizei</styleUrl>
      <Point>
        <coordinates>16.3860982,48.2070815,0</coordinates>
      </Point>
    </Placemark>
    <Placemark>
      <name>Zentrale der MA 48</name>
      <description>Kategorie: Behörde&lt;br&gt;Quelle: OSM</description>
      <styleUrl>#Behörde</styleUrl>
      <Point>
        <coordinates>16.3532994,48.1805988,0</coordinates>
      </Point>
    </Placemark>
    <Placemark>
      <name>Bezirksvorstehung Alsergrund</name>
      <description>Kategorie: Behörde&lt;br&gt;Quelle: OSM</description>
      <styleUrl>#Behörde</styleUrl>
      <Point>
        <coordinates>16.3548415,48.2209809,0</coordinates>
      </Point>
    </Placemark>
    <Placemark>
      <name>Botschaft der Demokratischen Volksrepublik Korea</name>
      <description>Kategorie: Behörde&lt;br&gt;Quelle: OSM</description>
      <styleUrl>#Behörde</styleUrl>
      <Point>
        <coordinates>16.3120229,48.1912096,0</coordinates>
      </Point>
    </Placemark>
    <Placemark>
      <name>Wiener Wasser</name>
      <description>Kategorie: Behörde&lt;br&gt;Quelle: OSM</description>
      <styleUrl>#Behörde</styleUrl>
      <Point>
        <coordinates>16.3498543,48.1913129,0</coordinates>
      </Point>
    </Placemark>
    <Placemark>
      <name>Unbekannt</name>
      <description>Kategorie: Behörde&lt;br&gt;Quelle: OSM</description>
      <styleUrl>#Behörde</styleUrl>
      <Point>
        <coordinates>16.3733305,48.1774702,0</coordinates>
      </Point>
    </Placemark>
    <Placemark>
      <name>Polizeiinspektion Praterstern</name>
      <description>Kategorie: Polizei&lt;br&gt;Quelle: OSM</description>
      <styleUrl>#Polizei</styleUrl>
      <Point>
        <coordinates>16.3913788,48.2188325,0</coordinates>
      </Point>
    </Placemark>
    <Placemark>
      <name>Unbekannt</name>
      <description>Kategorie: Behörde&lt;br&gt;Quelle: OSM</description>
      <styleUrl>#Behörde</styleUrl>
      <Point>
        <coordinates>16.3582368,48.2107208,0</coordinates>
      </Point>
    </Placemark>
    <Placemark>
      <name>Unbekannt</name>
      <description>Kategorie: Behörde&lt;br&gt;Quelle: OSM</description>
      <styleUrl>#Behörde</styleUrl>
      <Point>
        <coordinates>16.3745193,48.1786127,0</coordinates>
      </Point>
    </Placemark>
    <Placemark>
      <name>Unbekannt</name>
      <description>Kategorie: Behörde&lt;br&gt;Quelle: OSM</description>
      <styleUrl>#Behörde</styleUrl>
      <Point>
        <coordinates>16.3746073,48.1784417,0</coordinates>
      </Point>
    </Placemark>
    <Placemark>
      <name>Unbekannt</name>
      <description>Kategorie: Behörde&lt;br&gt;Quelle: OSM</description>
      <styleUrl>#Behörde</styleUrl>
      <Point>
        <coordinates>16.3552529,48.2505398,0</coordinates>
      </Point>
    </Placemark>
    <Placemark>
      <name>Botschaft des Vereinigten Königreichs Großbritannien und Nordirland</name>
      <description>Kategorie: Botschaft&lt;br&gt;Quelle: OSM</description>
      <styleUrl>#Botschaft</styleUrl>
      <Point>
        <coordinates>16.3813759,48.197467,0</coordinates>
      </Point>
    </Placemark>
    <Placemark>
      <name>Botschaft der Bundesrepublik Nigeria</name>
      <description>Kategorie: Botschaft&lt;br&gt;Quelle: OSM</description>
      <styleUrl>#Botschaft</styleUrl>
      <Point>
        <coordinates>16.3821128,48.1964268,0</coordinates>
      </Point>
    </Placemark>
    <Placemark>
      <name>Botschaft der Republik Kroatien in Österreich</name>
      <description>Kategorie: Botschaft&lt;br&gt;Quelle: OSM</description>
      <styleUrl>#Botschaft</styleUrl>
      <Point>
        <coordinates>16.378196,48.1979794,0</coordinates>
      </Point>
    </Placemark>
    <Placemark>
      <name>Botschaft der Republik Griechenland</name>
      <description>Kategorie: Botschaft&lt;br&gt;Quelle: OSM</description>
      <styleUrl>#Botschaft</styleUrl>
      <Point>
        <coordinates>16.3719617,48.1967864,0</coordinates>
      </Point>
    </Placemark>
    <Placemark>
      <name>Botschaft der Republik Bulgarien</name>
      <description>Kategorie: Botschaft&lt;br&gt;Quelle: OSM</description>
      <styleUrl>#Botschaft</styleUrl>
      <Point>
        <coordinates>16.3737897,48.1975511,0</coordinates>
      </Point>
    </Placemark>
    <Placemark>
      <name>Konsulat von Monaco</name>
      <description>Kategorie: Konsulat&lt;br&gt;Quelle: OSM</description>
      <styleUrl>#Konsulat</styleUrl>
      <Point>
        <coordinates>16.3620013,48.2131806,0</coordinates>
      </Point>
    </Placemark>
    <Placemark>
      <name>Botschaft der Republik Zypern in Österreich</name>
      <description>Kategorie: Botschaft&lt;br&gt;Quelle: OSM</description>
      <styleUrl>#Botschaft</styleUrl>
      <Point>
        <coordinates>16.3763636,48.2036852,0</coordinates>
      </Point>
    </Placemark>
    <Placemark>
      <name>Generalkonsulat der Republik Frankreich</name>
      <description>Kategorie: Konsulat&lt;br&gt;Quelle: OSM</description>
      <styleUrl>#Konsulat</styleUrl>
      <Point>
        <coordinates>16.3685023,48.2129074,0</coordinates>
      </Point>
    </Placemark>
    <Placemark>
      <name>Kongelig Dansk Generalkonsulat</name>
      <description>Kategorie: Konsulat&lt;br&gt;Quelle: OSM</description>
      <styleUrl>#Konsulat</styleUrl>
      <Point>
        <coordinates>16.3615304,48.2117558,0</coordinates>
      </Point>
    </Placemark>
    <Placemark>
      <name>Botschaft der Russischen Föderation</name>
      <description>Kategorie: Botschaft&lt;br&gt;Quelle: OSM</description>
      <styleUrl>#Botschaft</styleUrl>
      <Point>
        <coordinates>16.3840887,48.1976325,0</coordinates>
      </Point>
    </Placemark>
    <Placemark>
      <name>Botschaft Japans in Österreich</name>
      <description>Kategorie: Botschaft&lt;br&gt;Quelle: OSM</description>
      <styleUrl>#Botschaft</styleUrl>
      <Point>
        <coordinates>16.3642669,48.2141801,0</coordinates>
      </Point>
    </Placemark>
    <Placemark>
      <name>Botschaft der Republik Kolumbien</name>
      <description>Kategorie: Botschaft&lt;br&gt;Quelle: OSM</description>
      <styleUrl>#Botschaft</styleUrl>
      <Point>
        <coordinates>16.3563658,48.2092828,0</coordinates>
      </Point>
    </Placemark>
    <Placemark>
      <name>Botschaft von Ungarn</name>
      <description>Kategorie: Botschaft&lt;br&gt;Quelle: OSM</description>
      <styleUrl>#Botschaft</styleUrl>
      <Point>
        <coordinates>16.3631959,48.2103746,0</coordinates>
      </Point>
    </Placemark>
    <Placemark>
      <name>Botschaft der Republik Argentinien in Österreich</name>
      <description>Kategorie: Botschaft&lt;br&gt;Quelle: OSM</description>
      <styleUrl>#Botschaft</styleUrl>
      <Point>
        <coordinates>16.3717968,48.2085691,0</coordinates>
      </Point>
    </Placemark>
    <Placemark>
      <name>Botschaft Kanadas in Österreich</name>
      <description>Kategorie: Botschaft&lt;br&gt;Quelle: OSM</description>
      <styleUrl>#Botschaft</styleUrl>
      <Point>
        <coordinates>16.3784016,48.2107019,0</coordinates>
      </Point>
    </Placemark>
    <Placemark>
      <name>Irakische Botschaft</name>
      <description>Kategorie: Botschaft&lt;br&gt;Quelle: OSM</description>
      <styleUrl>#Botschaft</styleUrl>
      <Point>
        <coordinates>16.3778648,48.2025987,0</coordinates>
      </Point>
    </Placemark>
    <Placemark>
      <name>Botschaft der Republik Kosovo</name>
      <description>Kategorie: Botschaft&lt;br&gt;Quelle: OSM</description>
      <styleUrl>#Botschaft</styleUrl>
      <Point>
        <coordinates>16.3795459,48.1904276,0</coordinates>
      </Point>
    </Placemark>
    <Placemark>
      <name>Botschaft des Souveränen Malteser-Ritterordens</name>
      <description>Kategorie: Botschaft&lt;br&gt;Quelle: OSM</description>
      <styleUrl>#Botschaft</styleUrl>
      <Point>
        <coordinates>16.371652,48.2051238,0</coordinates>
      </Point>
    </Placemark>
    <Placemark>
      <name>Botschaft des Fürstentums Liechtenstein</name>
      <description>Kategorie: Botschaft&lt;br&gt;Quelle: OSM</description>
      <styleUrl>#Botschaft</styleUrl>
      <Point>
        <coordinates>16.362683,48.2092642,0</coordinates>
      </Point>
    </Placemark>
    <Placemark>
      <name>Botschaft der Tschechischen Republik</name>
      <description>Kategorie: Botschaft&lt;br&gt;Quelle: OSM</description>
      <styleUrl>#Botschaft</styleUrl>
      <Point>
        <coordinates>16.3122432,48.1896424,0</coordinates>
      </Point>
    </Placemark>
    <Placemark>
      <name>Botschaft der Republik Weißrußland (Belarus)</name>
      <description>Kategorie: Botschaft&lt;br&gt;Quelle: OSM</description>
      <styleUrl>#Botschaft</styleUrl>
      <Point>
        <coordinates>16.2575681,48.2030763,0</coordinates>
      </Point>
    </Placemark>
    <Placemark>
      <name>Botschaft der Republik Litauen</name>
      <description>Kategorie: Botschaft&lt;br&gt;Quelle: OSM</description>
      <styleUrl>#Botschaft</styleUrl>
      <Point>
        <coordinates>16.394292,48.2066416,0</coordinates>
      </Point>
    </Placemark>
    <Placemark>
      <name>Botschaft des Königreichs Belgien</name>
      <description>Kategorie: Botschaft&lt;br&gt;Quelle: OSM</description>
      <styleUrl>#Botschaft</styleUrl>
      <Point>
        <coordinates>16.3747022,48.1968196,0</coordinates>
      </Point>
    </Placemark>
    <Placemark>
      <name>Botschaft des Staates Israel</name>
      <description>Kategorie: Botschaft&lt;br&gt;Quelle: OSM</description>
      <styleUrl>#Botschaft</styleUrl>
      <Point>
        <coordinates>16.3414012,48.2300131,0</coordinates>
      </Point>
    </Placemark>
    <Placemark>
      <name>Botschaft der Republik Korea</name>
      <description>Kategorie: Botschaft&lt;br&gt;Quelle: OSM</description>
      <styleUrl>#Botschaft</styleUrl>
      <Point>
        <coordinates>16.3374174,48.2330303,0</coordinates>
      </Point>
    </Placemark>
    <Placemark>
      <name>Botschaft des Königreiches Thailand</name>
      <description>Kategorie: Botschaft&lt;br&gt;Quelle: OSM</description>
      <styleUrl>#Botschaft</styleUrl>
      <Point>
        <coordinates>16.3420018,48.2325878,0</coordinates>
      </Point>
    </Placemark>
    <Placemark>
      <name>Botschaft der Republik Indonesien</name>
      <description>Kategorie: Botschaft&lt;br&gt;Quelle: OSM</description>
      <styleUrl>#Botschaft</styleUrl>
      <Point>
        <coordinates>16.33899,48.2323451,0</coordinates>
      </Point>
    </Placemark>
    <Placemark>
      <name>Apostolische Nuntiatur in Österreich</name>
      <description>Kategorie: Botschaft&lt;br&gt;Quelle: OSM</description>
      <styleUrl>#Botschaft</styleUrl>
      <Point>
        <coordinates>16.3727684,48.1912938,0</coordinates>
      </Point>
    </Placemark>
    <Placemark>
      <name>Botschaft der Demokratischen Volksrepublik Algerien</name>
      <description>Kategorie: Botschaft&lt;br&gt;Quelle: OSM</description>
      <styleUrl>#Botschaft</styleUrl>
      <Point>
        <coordinates>16.3464548,48.2443694,0</coordinates>
      </Point>
    </Placemark>
    <Placemark>
      <name>Botschaft der Republik Venezuela in Österreich</name>
      <description>Kategorie: Botschaft&lt;br&gt;Quelle: OSM</description>
      <styleUrl>#Botschaft</styleUrl>
      <Point>
        <coordinates>16.3800393,48.1973958,0</coordinates>
      </Point>
    </Placemark>
    <Placemark>
      <name>Botschaft Australiens in Österreich</name>
      <description>Kategorie: Botschaft&lt;br&gt;Quelle: OSM</description>
      <styleUrl>#Botschaft</styleUrl>
      <Point>
        <coordinates>16.3725775,48.1984165,0</coordinates>
      </Point>
    </Placemark>
    <Placemark>
      <name>Botschaft der Schweizerischen Eidgenossenschaft in Österreich</name>
      <description>Kategorie: Botschaft&lt;br&gt;Quelle: OSM</description>
      <styleUrl>#Botschaft</styleUrl>
      <Point>
        <coordinates>16.3761278,48.1964357,0</coordinates>
      </Point>
    </Placemark>
    <Placemark>
      <name>Botschaft der Republik Bosnien und Herzegowina in Österreich</name>
      <description>Kategorie: Botschaft&lt;br&gt;Quelle: OSM</description>
      <styleUrl>#Botschaft</styleUrl>
      <Point>
        <coordinates>16.320998,48.1806788,0</coordinates>
      </Point>
    </Placemark>
    <Placemark>
      <name>Botschaft der Islamischen Republik Iran in Österreich</name>
      <description>Kategorie: Botschaft&lt;br&gt;Quelle: OSM</description>
      <styleUrl>#Botschaft</styleUrl>
      <Point>
        <coordinates>16.3840618,48.1971533,0</coordinates>
      </Point>
    </Placemark>
    <Placemark>
      <name>Botschaft des Königreiches Norwegen in Österreich</name>
      <description>Kategorie: Botschaft&lt;br&gt;Quelle: OSM</description>
      <styleUrl>#Botschaft</styleUrl>
      <Point>
        <coordinates>16.3839187,48.1963254,0</coordinates>
      </Point>
    </Placemark>
    <Placemark>
      <name>Botschaft der Volksrepublik China in Österreich</name>
      <description>Kategorie: Botschaft&lt;br&gt;Quelle: OSM</description>
      <styleUrl>#Botschaft</styleUrl>
      <Point>
        <coordinates>16.3819973,48.1977559,0</coordinates>
      </Point>
    </Placemark>
    <Placemark>
      <name>Botschaft der Arabischen Republik Syrien in Österreich</name>
      <description>Kategorie: Botschaft&lt;br&gt;Quelle: OSM</description>
      <styleUrl>#Botschaft</styleUrl>
      <Point>
        <coordinates>16.3773111,48.1993413,0</coordinates>
      </Point>
    </Placemark>
    <Placemark>
      <name>Botschaft von Südafrika</name>
      <description>Kategorie: Botschaft&lt;br&gt;Quelle: OSM</description>
      <styleUrl>#Botschaft</styleUrl>
      <Point>
        <coordinates>16.3486901,48.2548512,0</coordinates>
      </Point>
    </Placemark>
    <Placemark>
      <name>Botschaft der Republik Sri Lanka</name>
      <description>Kategorie: Botschaft&lt;br&gt;Quelle: OSM</description>
      <styleUrl>#Botschaft</styleUrl>
      <Point>
        <coordinates>16.3746203,48.1882042,0</coordinates>
      </Point>
    </Placemark>
    <Placemark>
      <name>Griechisches Konsulat</name>
      <description>Kategorie: Konsulat&lt;br&gt;Quelle: OSM</description>
      <styleUrl>#Konsulat</styleUrl>
      <Point>
        <coordinates>16.3726955,48.1984617,0</coordinates>
      </Point>
    </Placemark>
    <Placemark>
      <name>Botschaft der Republik Albanien</name>
      <description>Kategorie: Botschaft&lt;br&gt;Quelle: OSM</description>
      <styleUrl>#Botschaft</styleUrl>
      <Point>
        <coordinates>16.3763849,48.1954984,0</coordinates>
      </Point>
    </Placemark>
    <Placemark>
      <name>Botschaft des Fürstentums Andorra</name>
      <description>Kategorie: Botschaft&lt;br&gt;Quelle: OSM</description>
      <styleUrl>#Botschaft</styleUrl>
      <Point>
        <coordinates>16.3701204,48.2019133,0</coordinates>
      </Point>
    </Placemark>
    <Placemark>
      <name>Botschaft der Republik Angola</name>
      <description>Kategorie: Botschaft&lt;br&gt;Quelle: OSM</description>
      <styleUrl>#Botschaft</styleUrl>
      <Point>
        <coordinates>16.3739749,48.2041443,0</coordinates>
      </Point>
    </Placemark>
    <Placemark>
      <name>Botschaft von Burkina Faso</name>
      <description>Kategorie: Botschaft&lt;br&gt;Quelle: OSM</description>
      <styleUrl>#Botschaft</styleUrl>
      <Point>
        <coordinates>16.3832474,48.1984574,0</coordinates>
      </Point>
    </Placemark>
    <Placemark>
      <name>Botschaft der Dominikanischen Republik</name>
      <description>Kategorie: Botschaft&lt;br&gt;Quelle: OSM</description>
      <styleUrl>#Botschaft</styleUrl>
      <Point>
        <coordinates>16.3763256,48.1955943,0</coordinates>
      </Point>
    </Placemark>
    <Placemark>
      <name>Botschaft des Königreichs Dänemark</name>
      <description>Kategorie: Botschaft&lt;br&gt;Quelle: OSM</description>
      <styleUrl>#Botschaft</styleUrl>
      <Point>
        <coordinates>16.3698783,48.2048988,0</coordinates>
      </Point>
    </Placemark>
    <Placemark>
      <name>Botschaft der Republik Ecuador</name>
      <description>Kategorie: Botschaft&lt;br&gt;Quelle: OSM</description>
      <styleUrl>#Botschaft</styleUrl>
      <Point>
        <coordinates>16.3704317,48.2092939,0</coordinates>
      </Point>
    </Placemark>
    <Placemark>
      <name>Botschaft der Republik El Salvador</name>
      <description>Kategorie: Botschaft&lt;br&gt;Quelle: OSM</description>
      <styleUrl>#Botschaft</styleUrl>
      <Point>
        <coordinates>16.3803951,48.1895079,0</coordinates>
      </Point>
    </Placemark>
    <Placemark>
      <name>Europäische Kommission - Vertretung in Österreich</name>
      <description>Kategorie: Botschaft&lt;br&gt;Quelle: OSM</description>
      <styleUrl>#Botschaft</styleUrl>
      <Point>
        <coordinates>16.3657945,48.2147018,0</coordinates>
      </Point>
    </Placemark>
    <Placemark>
      <name>Europäisches Parlament - Vertretung in Österreich</name>
      <description>Kategorie: Botschaft&lt;br&gt;Quelle: OSM</description>
      <styleUrl>#Botschaft</styleUrl>
      <Point>
        <coordinates>16.3657938,48.2147674,0</coordinates>
      </Point>
    </Placemark>
    <Placemark>
      <name>Botschaft des Staates Katar</name>
      <description>Kategorie: Botschaft&lt;br&gt;Quelle: OSM</description>
      <styleUrl>#Botschaft</styleUrl>
      <Point>
        <coordinates>16.3644824,48.214536,0</coordinates>
      </Point>
    </Placemark>
    <Placemark>
      <name>Botschaft der Libanesischen Republik</name>
      <description>Kategorie: Botschaft&lt;br&gt;Quelle: OSM</description>
      <styleUrl>#Botschaft</styleUrl>
      <Point>
        <coordinates>16.3617346,48.2115505,0</coordinates>
      </Point>
    </Placemark>
    <Placemark>
      <name>Botschaft der Republik Malta</name>
      <description>Kategorie: Botschaft&lt;br&gt;Quelle: OSM</description>
      <styleUrl>#Botschaft</styleUrl>
      <Point>
        <coordinates>16.3681671,48.2022787,0</coordinates>
      </Point>
    </Placemark>
    <Placemark>
      <name>Botschaft des Königreichs der Niederlande</name>
      <description>Kategorie: Botschaft&lt;br&gt;Quelle: OSM</description>
      <styleUrl>#Botschaft</styleUrl>
      <Point>
        <coordinates>16.3681036,48.2022824,0</coordinates>
      </Point>
    </Placemark>
    <Placemark>
      <name>Botschaft der Republik Östlich des Uruguay</name>
      <description>Kategorie: Botschaft&lt;br&gt;Quelle: OSM</description>
      <styleUrl>#Botschaft</styleUrl>
      <Point>
        <coordinates>16.366956,48.2096098,0</coordinates>
      </Point>
    </Placemark>
    <Placemark>
      <name>Botschaft der Kirgisischen Republik</name>
      <description>Kategorie: Botschaft&lt;br&gt;Quelle: OSM</description>
      <styleUrl>#Botschaft</styleUrl>
      <Point>
        <coordinates>16.3865248,48.206939,0</coordinates>
      </Point>
    </Placemark>
    <Placemark>
      <name>Botschaft von Moldawien</name>
      <description>Kategorie: Botschaft&lt;br&gt;Quelle: OSM</description>
      <styleUrl>#Botschaft</styleUrl>
      <Point>
        <coordinates>16.3941685,48.2067569,0</coordinates>
      </Point>
    </Placemark>
    <Placemark>
      <name>Botschaft der Republik Jemen</name>
      <description>Kategorie: Botschaft&lt;br&gt;Quelle: OSM</description>
      <styleUrl>#Botschaft</styleUrl>
      <Point>
        <coordinates>16.3833746,48.2010711,0</coordinates>
      </Point>
    </Placemark>
    <Placemark>
      <name>Botschaft der Sudan</name>
      <description>Kategorie: Botschaft&lt;br&gt;Quelle: OSM</description>
      <styleUrl>#Botschaft</styleUrl>
      <Point>
        <coordinates>16.3840009,48.2000478,0</coordinates>
      </Point>
    </Placemark>
    <Placemark>
      <name>Botschaft des Haschemitischen Königreichs Jordanien</name>
      <description>Kategorie: Botschaft&lt;br&gt;Quelle: OSM</description>
      <styleUrl>#Botschaft</styleUrl>
      <Point>
        <coordinates>16.3808479,48.1969399,0</coordinates>
      </Point>
    </Placemark>
    <Placemark>
      <name>Botschaft von Turkmenistan</name>
      <description>Kategorie: Botschaft&lt;br&gt;Quelle: OSM</description>
      <styleUrl>#Botschaft</styleUrl>
      <Point>
        <coordinates>16.3725062,48.1958602,0</coordinates>
      </Point>
    </Placemark>
    <Placemark>
      <name>Botschaft von Neuseeland</name>
      <description>Kategorie: Botschaft&lt;br&gt;Quelle: OSM</description>
      <styleUrl>#Botschaft</styleUrl>
      <Point>
        <coordinates>16.3727544,48.198463,0</coordinates>
      </Point>
    </Placemark>
    <Placemark>
      <name>Botschaft der Republik San Marino</name>
      <description>Kategorie: Botschaft&lt;br&gt;Quelle: OSM</description>
      <styleUrl>#Botschaft</styleUrl>
      <Point>
        <coordinates>16.3762114,48.1957797,0</coordinates>
      </Point>
    </Placemark>
    <Placemark>
      <name>Botschaft der Republik Paraguay</name>
      <description>Kategorie: Botschaft&lt;br&gt;Quelle: OSM</description>
      <styleUrl>#Botschaft</styleUrl>
      <Point>
        <coordinates>16.3762895,48.1955272,0</coordinates>
      </Point>
    </Placemark>
    <Placemark>
      <name>Vertretung von Palästina</name>
      <description>Kategorie: Botschaft&lt;br&gt;Quelle: OSM</description>
      <styleUrl>#Botschaft</styleUrl>
      <Point>
        <coordinates>16.3534772,48.2083009,0</coordinates>
      </Point>
    </Placemark>
    <Placemark>
      <name>Botschaft der Republik Nordmazedonien</name>
      <description>Kategorie: Botschaft&lt;br&gt;Quelle: OSM</description>
      <styleUrl>#Botschaft</styleUrl>
      <Point>
        <coordinates>16.3445075,48.2156233,0</coordinates>
      </Point>
    </Placemark>
    <Placemark>
      <name>Botschaft der Republik Tadschikistan</name>
      <description>Kategorie: Botschaft&lt;br&gt;Quelle: OSM</description>
      <styleUrl>#Botschaft</styleUrl>
      <Point>
        <coordinates>16.357201,48.214707,0</coordinates>
      </Point>
    </Placemark>
    <Placemark>
      <name>Botschaft des Sultanats Oman</name>
      <description>Kategorie: Botschaft&lt;br&gt;Quelle: OSM</description>
      <styleUrl>#Botschaft</styleUrl>
      <Point>
        <coordinates>16.3617898,48.2148992,0</coordinates>
      </Point>
    </Placemark>
    <Placemark>
      <name>Botschaft der Slowakischen Republik</name>
      <description>Kategorie: Botschaft&lt;br&gt;Quelle: OSM</description>
      <styleUrl>#Botschaft</styleUrl>
      <Point>
        <coordinates>16.3578032,48.2568535,0</coordinates>
      </Point>
    </Placemark>
    <Placemark>
      <name>Botschaft des Staates Libyen</name>
      <description>Kategorie: Botschaft&lt;br&gt;Quelle: OSM</description>
      <styleUrl>#Botschaft</styleUrl>
      <Point>
        <coordinates>16.3412635,48.2382098,0</coordinates>
      </Point>
    </Placemark>
    <Placemark>
      <name>Botschaft der Islamischen Republik Pakistan</name>
      <description>Kategorie: Botschaft&lt;br&gt;Quelle: OSM</description>
      <styleUrl>#Botschaft</styleUrl>
      <Point>
        <coordinates>16.3517828,48.2429458,0</coordinates>
      </Point>
    </Placemark>
    <Placemark>
      <name>Botschaft der Republik Lettland</name>
      <description>Kategorie: Botschaft&lt;br&gt;Quelle: OSM</description>
      <styleUrl>#Botschaft</styleUrl>
      <Point>
        <coordinates>16.3327968,48.2523891,0</coordinates>
      </Point>
    </Placemark>
    <Placemark>
      <name>Botschaft des Staates Kuwait</name>
      <description>Kategorie: Botschaft&lt;br&gt;Quelle: OSM</description>
      <styleUrl>#Botschaft</styleUrl>
      <Point>
        <coordinates>16.3372975,48.2565956,0</coordinates>
      </Point>
    </Placemark>
    <Placemark>
      <name>Botschaft der Republik Namibia</name>
      <description>Kategorie: Botschaft&lt;br&gt;Quelle: OSM</description>
      <styleUrl>#Botschaft</styleUrl>
      <Point>
        <coordinates>16.3126388,48.2441384,0</coordinates>
      </Point>
    </Placemark>
    <Placemark>
      <name>Botschaft von Malaysia</name>
      <description>Kategorie: Botschaft&lt;br&gt;Quelle: OSM</description>
      <styleUrl>#Botschaft</styleUrl>
      <Point>
        <coordinates>16.3924792,48.2530872,0</coordinates>
      </Point>
    </Placemark>
    <Placemark>
      <name>Botschaft der Republik Indien</name>
      <description>Kategorie: Botschaft&lt;br&gt;Quelle: OSM</description>
      <styleUrl>#Botschaft</styleUrl>
      <Point>
        <coordinates>16.3699487,48.2019431,0</coordinates>
      </Point>
    </Placemark>
    <Placemark>
      <name>Botschaft der Arabischen Republik Ägypten</name>
      <description>Kategorie: Botschaft&lt;br&gt;Quelle: OSM</description>
      <styleUrl>#Botschaft</styleUrl>
      <Point>
        <coordinates>16.3554421,48.2505762,0</coordinates>
      </Point>
    </Placemark>
    <Placemark>
      <name>Botschaft der Republik Irak</name>
      <description>Kategorie: Botschaft&lt;br&gt;Quelle: OSM</description>
      <styleUrl>#Botschaft</styleUrl>
      <Point>
        <coordinates>16.3784257,48.2107579,0</coordinates>
      </Point>
    </Placemark>
    <Placemark>
      <name>Botschaft von Irland</name>
      <description>Kategorie: Botschaft&lt;br&gt;Quelle: OSM</description>
      <styleUrl>#Botschaft</styleUrl>
      <Point>
        <coordinates>16.3752169,48.2107276,0</coordinates>
      </Point>
    </Placemark>
    <Placemark>
      <name>Botschaft der Republik Kuba</name>
      <description>Kategorie: Botschaft&lt;br&gt;Quelle: OSM</description>
      <styleUrl>#Botschaft</styleUrl>
      <Point>
        <coordinates>16.3399941,48.205508,0</coordinates>
      </Point>
    </Placemark>
    <Placemark>
      <name>Botschaft der Vereinigten Mexikanischen Staaten</name>
      <description>Kategorie: Botschaft&lt;br&gt;Quelle: OSM</description>
      <styleUrl>#Botschaft</styleUrl>
      <Point>
        <coordinates>16.3667837,48.2126183,0</coordinates>
      </Point>
    </Placemark>
    <Placemark>
      <name>Botschaft der Republik Mongolei</name>
      <description>Kategorie: Botschaft&lt;br&gt;Quelle: OSM</description>
      <styleUrl>#Botschaft</styleUrl>
      <Point>
        <coordinates>16.2891283,48.1736235,0</coordinates>
      </Point>
    </Placemark>
    <Placemark>
      <name>Botschaft der Republik Côte d’Ivoire</name>
      <description>Kategorie: Botschaft&lt;br&gt;Quelle: OSM</description>
      <styleUrl>#Botschaft</styleUrl>
      <Point>
        <coordinates>16.3849303,48.1986279,0</coordinates>
      </Point>
    </Placemark>
    <Placemark>
      <name>Botschaft von Georgien</name>
      <description>Kategorie: Botschaft&lt;br&gt;Quelle: OSM</description>
      <styleUrl>#Botschaft</styleUrl>
      <Point>
        <coordinates>16.3562756,48.2082494,0</coordinates>
      </Point>
    </Placemark>
    <Placemark>
      <name>Botschaft der föderativen Republik Brasilien</name>
      <description>Kategorie: Botschaft&lt;br&gt;Quelle: OSM</description>
      <styleUrl>#Botschaft</styleUrl>
      <Point>
        <coordinates>16.3757006,48.2012713,0</coordinates>
      </Point>
    </Placemark>
    <Placemark>
      <name>Unbekannt</name>
      <description>Kategorie: Botschaft&lt;br&gt;Quelle: OSM</description>
      <styleUrl>#Botschaft</styleUrl>
      <Point>
        <coordinates>16.3362882,48.2308238,0</coordinates>
      </Point>
    </Placemark>
    <Placemark>
      <name>Botschaft der Republik Estland</name>
      <description>Kategorie: Botschaft&lt;br&gt;Quelle: OSM</description>
      <styleUrl>#Botschaft</styleUrl>
      <Point>
        <coordinates>16.3741342,48.1964008,0</coordinates>
      </Point>
    </Placemark>
    <Placemark>
      <name>Botschaft des Staates  Bangladesch</name>
      <description>Kategorie: Botschaft&lt;br&gt;Quelle: OSM</description>
      <styleUrl>#Botschaft</styleUrl>
      <Point>
        <coordinates>16.3395347,48.237286,0</coordinates>
      </Point>
    </Placemark>
    <Placemark>
      <name>Botschaft der Republik Philippinen</name>
      <description>Kategorie: Botschaft&lt;br&gt;Quelle: OSM</description>
      <styleUrl>#Botschaft</styleUrl>
      <Point>
        <coordinates>16.411618,48.2336273,0</coordinates>
      </Point>
    </Placemark>
    <Placemark>
      <name>Botschaft von Belize</name>
      <description>Kategorie: Botschaft&lt;br&gt;Quelle: OSM</description>
      <styleUrl>#Botschaft</styleUrl>
      <Point>
        <coordinates>16.3778377,48.2112434,0</coordinates>
      </Point>
    </Placemark>
    <Placemark>
      <name>Botschaft der Republik Chile</name>
      <description>Kategorie: Botschaft&lt;br&gt;Quelle: OSM</description>
      <styleUrl>#Botschaft</styleUrl>
      <Point>
        <coordinates>16.3749392,48.2099641,0</coordinates>
      </Point>
    </Placemark>
    <Placemark>
      <name>Botschaft von Montenegro</name>
      <description>Kategorie: Botschaft&lt;br&gt;Quelle: OSM</description>
      <styleUrl>#Botschaft</styleUrl>
      <Point>
        <coordinates>16.3628355,48.2024787,0</coordinates>
      </Point>
    </Placemark>
    <Placemark>
      <name>Internationale Organisation für Wanderung - Vertretung in Österreich</name>
      <description>Kategorie: Botschaft&lt;br&gt;Quelle: OSM</description>
      <styleUrl>#Botschaft</styleUrl>
      <Point>
        <coordinates>16.3626921,48.2025497,0</coordinates>
      </Point>
    </Placemark>
    <Placemark>
      <name>Konsularabteilung der Botschaft der Republik Kroatien</name>
      <description>Kategorie: Konsulat&lt;br&gt;Quelle: OSM</description>
      <styleUrl>#Konsulat</styleUrl>
      <Point>
        <coordinates>16.366284,48.1989945,0</coordinates>
      </Point>
    </Placemark>
    <Placemark>
      <name>Botschaft der Vereinigten Staaten (Konsularabteilung)</name>
      <description>Kategorie: Konsulat&lt;br&gt;Quelle: OSM</description>
      <styleUrl>#Konsulat</styleUrl>
      <Point>
        <coordinates>16.3772704,48.2050846,0</coordinates>
      </Point>
    </Placemark>
    <Placemark>
      <name>Botschaft der Republik Türkei</name>
      <description>Kategorie: Botschaft&lt;br&gt;Quelle: OSM</description>
      <styleUrl>#Botschaft</styleUrl>
      <Point>
        <coordinates>16.3781323,48.1930383,0</coordinates>
      </Point>
    </Placemark>
    <Placemark>
      <name>Konsulat der Republik Mosambik</name>
      <description>Kategorie: Konsulat&lt;br&gt;Quelle: OSM</description>
      <styleUrl>#Konsulat</styleUrl>
      <Point>
        <coordinates>16.3696743,48.2177195,0</coordinates>
      </Point>
    </Placemark>
    <Placemark>
      <name>Vertretung der Regierung von Katalonien in Österreich</name>
      <description>Kategorie: Botschaft&lt;br&gt;Quelle: OSM</description>
      <styleUrl>#Botschaft</styleUrl>
      <Point>
        <coordinates>16.3572021,48.2089349,0</coordinates>
      </Point>
    </Placemark>
    <Placemark>
      <name>Botschaft der Republik Kasachstan</name>
      <description>Kategorie: Botschaft&lt;br&gt;Quelle: OSM</description>
      <styleUrl>#Botschaft</styleUrl>
      <Point>
        <coordinates>16.3776492,48.1937589,0</coordinates>
      </Point>
    </Placemark>
    <Placemark>
      <name>Botschaft der Bundesrepublik Deutschland</name>
      <description>Kategorie: Botschaft&lt;br&gt;Quelle: OSM</description>
      <styleUrl>#Botschaft</styleUrl>
      <Point>
        <coordinates>16.3641309,48.2015312,0</coordinates>
      </Point>
    </Placemark>
    <Placemark>
      <name>Norwegische Botschaft</name>
      <description>Kategorie: Botschaft&lt;br&gt;Quelle: OSM</description>
      <styleUrl>#Botschaft</styleUrl>
      <Point>
        <coordinates>16.3417155,48.2368844,0</coordinates>
      </Point>
    </Placemark>
    <Placemark>
      <name>Botschaft der Republik Zypern</name>
      <description>Kategorie: Botschaft&lt;br&gt;Quelle: OSM</description>
      <styleUrl>#Botschaft</styleUrl>
      <Point>
        <coordinates>16.3834284,48.1990418,0</coordinates>
      </Point>
    </Placemark>
    <Placemark>
      <name>Botschaft der Republik Slowenien</name>
      <description>Kategorie: Botschaft&lt;br&gt;Quelle: OSM</description>
      <styleUrl>#Botschaft</styleUrl>
      <Point>
        <coordinates>16.3634445,48.2159855,0</coordinates>
      </Point>
    </Placemark>
    <Placemark>
      <name>libanesische Botschaft</name>
      <description>Kategorie: Botschaft&lt;br&gt;Quelle: OSM</description>
      <styleUrl>#Botschaft</styleUrl>
      <Point>
        <coordinates>16.3465909,48.2324887,0</coordinates>
      </Point>
    </Placemark>
    <Placemark>
      <name>Botschaft von Island</name>
      <description>Kategorie: Botschaft&lt;br&gt;Quelle: OSM</description>
      <styleUrl>#Botschaft</styleUrl>
      <Point>
        <coordinates>16.368498,48.2097363,0</coordinates>
      </Point>
    </Placemark>
    <Placemark>
      <name>Schweizerische Botschaft / Embassy of Switzerland</name>
      <description>Kategorie: Botschaft&lt;br&gt;Quelle: OSM</description>
      <styleUrl>#Botschaft</styleUrl>
      <Point>
        <coordinates>16.3718412,48.2015607,0</coordinates>
      </Point>
    </Placemark>
    <Placemark>
      <name>Botschaft der Republik Costa Rica</name>
      <description>Kategorie: Botschaft&lt;br&gt;Quelle: OSM</description>
      <styleUrl>#Botschaft</styleUrl>
      <Point>
        <coordinates>16.3746687,48.2174024,0</coordinates>
      </Point>
    </Placemark>
    <Placemark>
      <name>Botschaft der Republik Kenia</name>
      <description>Kategorie: Botschaft&lt;br&gt;Quelle: OSM</description>
      <styleUrl>#Botschaft</styleUrl>
      <Point>
        <coordinates>16.4140524,48.2330901,0</coordinates>
      </Point>
    </Placemark>
    <Placemark>
      <name>Residenz des Botschafters der Republik Namibia</name>
      <description>Kategorie: Botschaft&lt;br&gt;Quelle: OSM</description>
      <styleUrl>#Botschaft</styleUrl>
      <Point>
        <coordinates>16.3372702,48.258158,0</coordinates>
      </Point>
    </Placemark>
    <Placemark>
      <name>Konsularabteilung der Botschaft der Ukraine</name>
      <description>Kategorie: Konsulat&lt;br&gt;Quelle: OSM</description>
      <styleUrl>#Konsulat</styleUrl>
      <Point>
        <coordinates>16.3118367,48.2339588,0</coordinates>
      </Point>
    </Placemark>
    <Placemark>
      <name>Botschaft von Belgien</name>
      <description>Kategorie: Botschaft&lt;br&gt;Quelle: OSM</description>
      <styleUrl>#Botschaft</styleUrl>
      <Point>
        <coordinates>16.3670422,48.1894491,0</coordinates>
      </Point>
    </Placemark>
    <Placemark>
      <name>Botschaft von Guatemala</name>
      <description>Kategorie: Botschaft&lt;br&gt;Quelle: OSM</description>
      <styleUrl>#Botschaft</styleUrl>
      <Point>
        <coordinates>16.3761406,48.1955792,0</coordinates>
      </Point>
    </Placemark>
    <Placemark>
      <name>Konsularabteilung der Italienischen Botschaft in Wien</name>
      <description>Kategorie: Konsulat&lt;br&gt;Quelle: OSM</description>
      <styleUrl>#Konsulat</styleUrl>
      <Point>
        <coordinates>16.3877878,48.1998276,0</coordinates>
      </Point>
    </Placemark>
    <Placemark>
      <name>Botschaft der Italienischen Republik in Österreich</name>
      <description>Kategorie: Botschaft&lt;br&gt;Quelle: OSM</description>
      <styleUrl>#Botschaft</styleUrl>
      <Point>
        <coordinates>16.3827164,48.1961639,0</coordinates>
      </Point>
    </Placemark>
    <Placemark>
      <name>Permanent mission of Albania to the international organisations</name>
      <description>Kategorie: Botschaft&lt;br&gt;Quelle: OSM</description>
      <styleUrl>#Botschaft</styleUrl>
      <Point>
        <coordinates>16.3839474,48.2001959,0</coordinates>
      </Point>
    </Placemark>
    <Placemark>
      <name>Dauerhafte Vertretung von Südafrika bei den Vereinten Nationen</name>
      <description>Kategorie: Botschaft&lt;br&gt;Quelle: OSM</description>
      <styleUrl>#Botschaft</styleUrl>
      <Point>
        <coordinates>16.3487236,48.254995,0</coordinates>
      </Point>
    </Placemark>
    <Placemark>
      <name>Botschaft des Sultanats Oman</name>
      <description>Kategorie: Botschaft&lt;br&gt;Quelle: OSM</description>
      <styleUrl>#Botschaft</styleUrl>
      <Point>
        <coordinates>16.3617499,48.2149786,0</coordinates>
      </Point>
    </Placemark>
    <Placemark>
      <name>Konsularabteilung der Tschechischen Botschaft</name>
      <description>Kategorie: Konsulat&lt;br&gt;Quelle: OSM</description>
      <styleUrl>#Konsulat</styleUrl>
      <Point>
        <coordinates>16.3127362,48.1895262,0</coordinates>
      </Point>
    </Placemark>
    <Placemark>
      <name>Botschaft von Myanmar</name>
      <description>Kategorie: Botschaft&lt;br&gt;Quelle: OSM</description>
      <styleUrl>#Botschaft</styleUrl>
      <Point>
        <coordinates>16.4140512,48.2330609,0</coordinates>
      </Point>
    </Placemark>
    <Placemark>
      <name>Honorary Consulate of Djibouti</name>
      <description>Kategorie: Konsulat&lt;br&gt;Quelle: OSM</description>
      <styleUrl>#Konsulat</styleUrl>
      <Point>
        <coordinates>16.3113977,48.1939133,0</coordinates>
      </Point>
    </Placemark>
    <Placemark>
      <name>Konsularabteilung der griechischen Botschaft</name>
      <description>Kategorie: Konsulat&lt;br&gt;Quelle: OSM</description>
      <styleUrl>#Konsulat</styleUrl>
      <Point>
        <coordinates>16.3695108,48.1953286,0</coordinates>
      </Point>
    </Placemark>
    <Placemark>
      <name>Honorarkonsulat von Finnland</name>
      <description>Kategorie: Konsulat&lt;br&gt;Quelle: OSM</description>
      <styleUrl>#Konsulat</styleUrl>
      <Point>
        <coordinates>16.3351076,48.1802485,0</coordinates>
      </Point>
    </Placemark>
    <Placemark>
      <name>Botschaft des Königreichs Marokko</name>
      <description>Kategorie: Botschaft&lt;br&gt;Quelle: OSM</description>
      <styleUrl>#Botschaft</styleUrl>
      <Point>
        <coordinates>16.3350727,48.233665,0</coordinates>
      </Point>
    </Placemark>
    <Placemark>
      <name>Konsulat der Republik Serbien</name>
      <description>Kategorie: Konsulat&lt;br&gt;Quelle: OSM</description>
      <styleUrl>#Konsulat</styleUrl>
      <Point>
        <coordinates>16.3499243,48.1937737,0</coordinates>
      </Point>
    </Placemark>
    <Placemark>
      <name>Botschaft von Peru</name>
      <description>Kategorie: Botschaft&lt;br&gt;Quelle: OSM</description>
      <styleUrl>#Botschaft</styleUrl>
      <Point>
        <coordinates>16.3715488,48.2028164,0</coordinates>
      </Point>
    </Placemark>
    <Placemark>
      <name>Botschaft der Republik Serbien</name>
      <description>Kategorie: Botschaft&lt;br&gt;Quelle: OSM</description>
      <styleUrl>#Botschaft</styleUrl>
      <Point>
        <coordinates>16.3797535,48.2005665,0</coordinates>
      </Point>
    </Placemark>
    <Placemark>
      <name>Chinesische Botschaft für die UN und andere internationale Organisationen</name>
      <description>Kategorie: Botschaft&lt;br&gt;Quelle: OSM</description>
      <styleUrl>#Botschaft</styleUrl>
      <Point>
        <coordinates>16.3552241,48.2451927,0</coordinates>
      </Point>
    </Placemark>
    <Placemark>
      <name>Schwedische Botschaft</name>
      <description>Kategorie: Botschaft&lt;br&gt;Quelle: OSM</description>
      <styleUrl>#Botschaft</styleUrl>
      <Point>
        <coordinates>16.3580788,48.2225118,0</coordinates>
      </Point>
    </Placemark>
    <Placemark>
      <name>Botschaft von Spanien</name>
      <description>Kategorie: Botschaft&lt;br&gt;Quelle: OSM</description>
      <styleUrl>#Botschaft</styleUrl>
      <Point>
        <coordinates>16.3748643,48.1915653,0</coordinates>
      </Point>
    </Placemark>
    <Placemark>
      <name>Botschaft der Republik Tadschikistan</name>
      <description>Kategorie: Botschaft&lt;br&gt;Quelle: OSM</description>
      <styleUrl>#Botschaft</styleUrl>
      <Point>
        <coordinates>16.3337306,48.2423971,0</coordinates>
      </Point>
    </Placemark>
    <Placemark>
      <name>Diplomatic OSCE-Mission PL</name>
      <description>Kategorie: Botschaft&lt;br&gt;Quelle: OSM</description>
      <styleUrl>#Botschaft</styleUrl>
      <Point>
        <coordinates>16.2901816,48.1873005,0</coordinates>
      </Point>
    </Placemark>
    <Placemark>
      <name>Türkisches Generalkonsulat</name>
      <description>Kategorie: Konsulat&lt;br&gt;Quelle: OSM</description>
      <styleUrl>#Konsulat</styleUrl>
      <Point>
        <coordinates>16.2965558,48.1865056,0</coordinates>
      </Point>
    </Placemark>
    <Placemark>
      <name>Ägyptische Botschaft</name>
      <description>Kategorie: Botschaft&lt;br&gt;Quelle: OSM</description>
      <styleUrl>#Botschaft</styleUrl>
      <Point>
        <coordinates>16.355318,48.2503117,0</coordinates>
      </Point>
    </Placemark>
    <Placemark>
      <name>Botschaft der Arabischen Republik Ägypten - Konsularabteilung</name>
      <description>Kategorie: Konsulat&lt;br&gt;Quelle: OSM</description>
      <styleUrl>#Konsulat</styleUrl>
      <Point>
        <coordinates>16.3553094,48.2508147,0</coordinates>
      </Point>
    </Placemark>
    <Placemark>
      <name>Tschechische Zentrum Wien</name>
      <description>Kategorie: Botschaft&lt;br&gt;Quelle: OSM</description>
      <styleUrl>#Botschaft</styleUrl>
      <Point>
        <coordinates>16.3726545,48.1978217,0</coordinates>
      </Point>
    </Placemark>
    <Placemark>
      <name>Permanent Mission of Türkiye</name>
      <description>Kategorie: Botschaft&lt;br&gt;Quelle: OSM</description>
      <styleUrl>#Botschaft</styleUrl>
      <Point>
        <coordinates>16.3806729,48.1970551,0</coordinates>
      </Point>
    </Placemark>
    <Placemark>
      <name>Permanent Mission of Türkiye to the OSCE</name>
      <description>Kategorie: Botschaft&lt;br&gt;Quelle: OSM</description>
      <styleUrl>#Botschaft</styleUrl>
      <Point>
        <coordinates>16.3745119,48.2019903,0</coordinates>
      </Point>
    </Placemark>
    <Placemark>
      <name>Botschaft von Finnland</name>
      <description>Kategorie: Botschaft&lt;br&gt;Quelle: OSM</description>
      <styleUrl>#Botschaft</styleUrl>
      <Point>
        <coordinates>16.3680912,48.2022358,0</coordinates>
      </Point>
    </Placemark>
    <Placemark>
      <name>Botschaft von Portugal</name>
      <description>Kategorie: Botschaft&lt;br&gt;Quelle: OSM</description>
      <styleUrl>#Botschaft</styleUrl>
      <Point>
        <coordinates>16.3684968,48.2022039,0</coordinates>
      </Point>
    </Placemark>
    <Placemark>
      <name>Botschaft von Panama</name>
      <description>Kategorie: Botschaft&lt;br&gt;Quelle: OSM</description>
      <styleUrl>#Botschaft</styleUrl>
      <Point>
        <coordinates>16.3704764,48.2092609,0</coordinates>
      </Point>
    </Placemark>
    <Placemark>
      <name>UK Mission to the UN</name>
      <description>Kategorie: Botschaft&lt;br&gt;Quelle: OSM</description>
      <styleUrl>#Botschaft</styleUrl>
      <Point>
        <coordinates>16.3813743,48.1975177,0</coordinates>
      </Point>
    </Placemark>
    <Placemark>
      <name>UK Delegation to the OSCE</name>
      <description>Kategorie: Botschaft&lt;br&gt;Quelle: OSM</description>
      <styleUrl>#Botschaft</styleUrl>
      <Point>
        <coordinates>16.3813703,48.1975526,0</coordinates>
      </Point>
    </Placemark>
    <Placemark>
      <name>Kulturinstitut der Russischen Föderation</name>
      <description>Kategorie: Botschaft&lt;br&gt;Quelle: OSM</description>
      <styleUrl>#Botschaft</styleUrl>
      <Point>
        <coordinates>16.3693059,48.1939336,0</coordinates>
      </Point>
    </Placemark>
    <Placemark>
      <name>Delegation of the European Union</name>
      <description>Kategorie: Botschaft&lt;br&gt;Quelle: OSM</description>
      <styleUrl>#Botschaft</styleUrl>
      <Point>
        <coordinates>16.3762633,48.1862064,0</coordinates>
      </Point>
    </Placemark>
    <Placemark>
      <name>Permanent Mission of Ireland to OSCE</name>
      <description>Kategorie: Botschaft&lt;br&gt;Quelle: OSM</description>
      <styleUrl>#Botschaft</styleUrl>
      <Point>
        <coordinates>16.3752294,48.2107134,0</coordinates>
      </Point>
    </Placemark>
    <Placemark>
      <name>Honorarkonsulat Der Republik Estland</name>
      <description>Kategorie: Konsulat&lt;br&gt;Quelle: OSM</description>
      <styleUrl>#Konsulat</styleUrl>
      <Point>
        <coordinates>16.3770015,48.1898473,0</coordinates>
      </Point>
    </Placemark>
    <Placemark>
      <name>Senegalese Honorary Consulate in Vienna</name>
      <description>Kategorie: Konsulat&lt;br&gt;Quelle: OSM</description>
      <styleUrl>#Konsulat</styleUrl>
      <Point>
        <coordinates>16.3620684,48.1991065,0</coordinates>
      </Point>
    </Placemark>
    <Placemark>
      <name>Unbekannt</name>
      <description>Kategorie: Botschaft&lt;br&gt;Quelle: OSM</description>
      <styleUrl>#Botschaft</styleUrl>
      <Point>
        <coordinates>16.3750976,48.1969278,0</coordinates>
      </Point>
    </Placemark>
    <Placemark>
      <name>Residenz des Botschafters der Niederlande</name>
      <description>Kategorie: Botschaft&lt;br&gt;Quelle: OSM</description>
      <styleUrl>#Botschaft</styleUrl>
      <Point>
        <coordinates>16.3841536,48.1904297,0</coordinates>
      </Point>
    </Placemark>
    <Placemark>
      <name>Honorarkonsulat der Republik Litauen</name>
      <description>Kategorie: Konsulat&lt;br&gt;Quelle: OSM</description>
      <styleUrl>#Konsulat</styleUrl>
      <Point>
        <coordinates>16.2713693,48.1553095,0</coordinates>
      </Point>
    </Placemark>
    <Placemark>
      <name>Botschaft der Bundesrepublik Deutschland</name>
      <description>Kategorie: Botschaft&lt;br&gt;Quelle: OSM</description>
      <styleUrl>#Botschaft</styleUrl>
      <Point>
        <coordinates>16.3829538,48.1977781,0</coordinates>
      </Point>
    </Placemark>
    <Placemark>
      <name>Konsularreferat</name>
      <description>Kategorie: Konsulat&lt;br&gt;Quelle: OSM</description>
      <styleUrl>#Konsulat</styleUrl>
      <Point>
        <coordinates>16.3829833,48.1975368,0</coordinates>
      </Point>
    </Placemark>
    <Placemark>
      <name>Botschaft der Vereinigten Staaten von Amerika</name>
      <description>Kategorie: Botschaft&lt;br&gt;Quelle: OSM</description>
      <styleUrl>#Botschaft</styleUrl>
      <Point>
        <coordinates>16.3567698,48.2229133,0</coordinates>
      </Point>
    </Placemark>
    <Placemark>
      <name>Botschaft der Republik Aserbaidschan</name>
      <description>Kategorie: Botschaft&lt;br&gt;Quelle: OSM</description>
      <styleUrl>#Botschaft</styleUrl>
      <Point>
        <coordinates>16.2859419,48.1897754,0</coordinates>
      </Point>
    </Placemark>
    <Placemark>
      <name>Wohnhaus der russischen Botschaft</name>
      <description>Kategorie: Botschaft&lt;br&gt;Quelle: OSM</description>
      <styleUrl>#Botschaft</styleUrl>
      <Point>
        <coordinates>16.3893726,48.2194981,0</coordinates>
      </Point>
    </Placemark>
    <Placemark>
      <name>Botschaft der Französischen Republik in Österreich</name>
      <description>Kategorie: Botschaft&lt;br&gt;Quelle: OSM</description>
      <styleUrl>#Botschaft</styleUrl>
      <Point>
        <coordinates>16.3744656,48.1987072,0</coordinates>
      </Point>
    </Placemark>
    <Placemark>
      <name>Ständige Vertretung der Russischen Föderation an die Vereinten Nationen in Wien</name>
      <description>Kategorie: Botschaft&lt;br&gt;Quelle: OSM</description>
      <styleUrl>#Botschaft</styleUrl>
      <Point>
        <coordinates>16.4691816,48.2233948,0</coordinates>
      </Point>
    </Placemark>
    <Placemark>
      <name>Wirtschafts- und Handelsabteilung der Botschaft der Republik Polen</name>
      <description>Kategorie: Botschaft&lt;br&gt;Quelle: OSM</description>
      <styleUrl>#Botschaft</styleUrl>
      <Point>
        <coordinates>16.2816555,48.1808626,0</coordinates>
      </Point>
    </Placemark>
    <Placemark>
      <name>Botschaft der Republik Tunesien</name>
      <description>Kategorie: Botschaft&lt;br&gt;Quelle: OSM</description>
      <styleUrl>#Botschaft</styleUrl>
      <Point>
        <coordinates>16.3196409,48.2518268,0</coordinates>
      </Point>
    </Placemark>
    <Placemark>
      <name>Konsulat Republik Burundi</name>
      <description>Kategorie: Konsulat&lt;br&gt;Quelle: OSM</description>
      <styleUrl>#Konsulat</styleUrl>
      <Point>
        <coordinates>16.3393051,48.2552227,0</coordinates>
      </Point>
    </Placemark>
    <Placemark>
      <name>Botschaft der Sozialistischen Republik Vietnam</name>
      <description>Kategorie: Botschaft&lt;br&gt;Quelle: OSM</description>
      <styleUrl>#Botschaft</styleUrl>
      <Point>
        <coordinates>16.3437488,48.234806,0</coordinates>
      </Point>
    </Placemark>
    <Placemark>
      <name>Botschaft der Republik Kasachstan</name>
      <description>Kategorie: Botschaft&lt;br&gt;Quelle: OSM</description>
      <styleUrl>#Botschaft</styleUrl>
      <Point>
        <coordinates>16.3434886,48.2344758,0</coordinates>
      </Point>
    </Placemark>
    <Placemark>
      <name>Botschaft von Malaysia</name>
      <description>Kategorie: Botschaft&lt;br&gt;Quelle: OSM</description>
      <styleUrl>#Botschaft</styleUrl>
      <Point>
        <coordinates>16.345497,48.2311186,0</coordinates>
      </Point>
    </Placemark>
    <Placemark>
      <name>Residenz des chinesischen Botschafters</name>
      <description>Kategorie: Botschaft&lt;br&gt;Quelle: OSM</description>
      <styleUrl>#Botschaft</styleUrl>
      <Point>
        <coordinates>16.318922,48.183515,0</coordinates>
      </Point>
    </Placemark>
    <Placemark>
      <name>Botschaft der Republik Rumänien in Österreich</name>
      <description>Kategorie: Botschaft&lt;br&gt;Quelle: OSM</description>
      <styleUrl>#Botschaft</styleUrl>
      <Point>
        <coordinates>16.379516,48.1907325,0</coordinates>
      </Point>
    </Placemark>
    <Placemark>
      <name>Botschaft der Bolivarischen Republik Venezuela</name>
      <description>Kategorie: Botschaft&lt;br&gt;Quelle: OSM</description>
      <styleUrl>#Botschaft</styleUrl>
      <Point>
        <coordinates>16.3800631,48.1894076,0</coordinates>
      </Point>
    </Placemark>
    <Placemark>
      <name>Botschaft der Vereinigten Arabischen Emirate</name>
      <description>Kategorie: Botschaft&lt;br&gt;Quelle: OSM</description>
      <styleUrl>#Botschaft</styleUrl>
      <Point>
        <coordinates>16.3410907,48.2397481,0</coordinates>
      </Point>
    </Placemark>
    <Placemark>
      <name>Botschaft der islamischen Republik Afghanistan</name>
      <description>Kategorie: Botschaft&lt;br&gt;Quelle: OSM</description>
      <styleUrl>#Botschaft</styleUrl>
      <Point>
        <coordinates>16.357407,48.2187769,0</coordinates>
      </Point>
    </Placemark>
    <Placemark>
      <name>Botschaft der Republik Armenien</name>
      <description>Kategorie: Botschaft&lt;br&gt;Quelle: OSM</description>
      <styleUrl>#Botschaft</styleUrl>
      <Point>
        <coordinates>16.3096367,48.1883422,0</coordinates>
      </Point>
    </Placemark>
    <Placemark>
      <name>Botschaft der Republik Usbekistan</name>
      <description>Kategorie: Botschaft&lt;br&gt;Quelle: OSM</description>
      <styleUrl>#Botschaft</styleUrl>
      <Point>
        <coordinates>16.3123733,48.2401346,0</coordinates>
      </Point>
    </Placemark>
    <Placemark>
      <name>Konsulat von Nepal</name>
      <description>Kategorie: Konsulat&lt;br&gt;Quelle: OSM</description>
      <styleUrl>#Konsulat</styleUrl>
      <Point>
        <coordinates>16.1821589,48.2078399,0</coordinates>
      </Point>
    </Placemark>
    <Placemark>
      <name>Wohnsitz der japanischen Botschaft</name>
      <description>Kategorie: Botschaft&lt;br&gt;Quelle: OSM</description>
      <styleUrl>#Botschaft</styleUrl>
      <Point>
        <coordinates>16.3456944,48.2378023,0</coordinates>
      </Point>
    </Placemark>
    <Placemark>
      <name>Japanese Diplomatic Mission</name>
      <description>Kategorie: Botschaft&lt;br&gt;Quelle: OSM</description>
      <styleUrl>#Botschaft</styleUrl>
      <Point>
        <coordinates>16.3519973,48.2500176,0</coordinates>
      </Point>
    </Placemark>
    <Placemark>
      <name>Botschaft des Königreichs Saudi-Arabien</name>
      <description>Kategorie: Botschaft&lt;br&gt;Quelle: OSM</description>
      <styleUrl>#Botschaft</styleUrl>
      <Point>
        <coordinates>16.3516886,48.2493183,0</coordinates>
      </Point>
    </Placemark>
    <Placemark>
      <name>Zur chinesichen Botschaft gehörend</name>
      <description>Kategorie: Botschaft&lt;br&gt;Quelle: OSM</description>
      <styleUrl>#Botschaft</styleUrl>
      <Point>
        <coordinates>16.2832155,48.2416415,0</coordinates>
      </Point>
    </Placemark>
    <Placemark>
      <name>Residenz des Botschafters der Vereinigten Staaten von Amerika</name>
      <description>Kategorie: Botschaft&lt;br&gt;Quelle: OSM</description>
      <styleUrl>#Botschaft</styleUrl>
      <Point>
        <coordinates>16.2978854,48.1783538,0</coordinates>
      </Point>
    </Placemark>
    <Placemark>
      <name>Konsularabteilung der polnischen Botschaft</name>
      <description>Kategorie: Konsulat&lt;br&gt;Quelle: OSM</description>
      <styleUrl>#Konsulat</styleUrl>
      <Point>
        <coordinates>16.2899418,48.1883101,0</coordinates>
      </Point>
    </Placemark>
    <Placemark>
      <name>Residenz des deutschen Botschafters</name>
      <description>Kategorie: Botschaft&lt;br&gt;Quelle: OSM</description>
      <styleUrl>#Botschaft</styleUrl>
      <Point>
        <coordinates>16.2929379,48.1880572,0</coordinates>
      </Point>
    </Placemark>
    <Placemark>
      <name>Villa Blaimschein</name>
      <description>Kategorie: Botschaft&lt;br&gt;Quelle: OSM</description>
      <styleUrl>#Botschaft</styleUrl>
      <Point>
        <coordinates>16.2921225,48.1832723,0</coordinates>
      </Point>
    </Placemark>
    <Placemark>
      <name>Botschaft der Russischen Föderation</name>
      <description>Kategorie: Botschaft&lt;br&gt;Quelle: OSM</description>
      <styleUrl>#Botschaft</styleUrl>
      <Point>
        <coordinates>16.1837042,48.2103728,0</coordinates>
      </Point>
    </Placemark>
    <Placemark>
      <name>Botschaft der demokratischen Volksrepublik Laos</name>
      <description>Kategorie: Botschaft&lt;br&gt;Quelle: OSM</description>
      <styleUrl>#Botschaft</styleUrl>
      <Point>
        <coordinates>16.2925463,48.2498863,0</coordinates>
      </Point>
    </Placemark>
    <Placemark>
      <name>Botschaft der Ukraine in Österreich</name>
      <description>Kategorie: Botschaft&lt;br&gt;Quelle: OSM</description>
      <styleUrl>#Botschaft</styleUrl>
      <Point>
        <coordinates>16.3119856,48.2340404,0</coordinates>
      </Point>
    </Placemark>
    <Placemark>
      <name>Luxemburgische Botschaft</name>
      <description>Kategorie: Botschaft&lt;br&gt;Quelle: OSM</description>
      <styleUrl>#Botschaft</styleUrl>
      <Point>
        <coordinates>16.3312753,48.2324758,0</coordinates>
      </Point>
    </Placemark>
    <Placemark>
      <name>Consulate of Cameroon</name>
      <description>Kategorie: Konsulat&lt;br&gt;Quelle: OSM</description>
      <styleUrl>#Konsulat</styleUrl>
      <Point>
        <coordinates>16.2557804,48.2063143,0</coordinates>
      </Point>
    </Placemark>
    <Placemark>
      <name>Botschaft der Republik Polen</name>
      <description>Kategorie: Botschaft&lt;br&gt;Quelle: OSM</description>
      <styleUrl>#Botschaft</styleUrl>
      <Point>
        <coordinates>16.2896124,48.1875958,0</coordinates>
      </Point>
    </Placemark>
    <Placemark>
      <name>Botschaft der Demokratischen Volksrepublik Korea</name>
      <description>Kategorie: Botschaft&lt;br&gt;Quelle: OSM</description>
      <styleUrl>#Botschaft</styleUrl>
      <Point>
        <coordinates>16.3120229,48.1912096,0</coordinates>
      </Point>
    </Placemark>
    <Placemark>
      <name>Residenz des Botschafters/der Botschafterin des Großherzogtums Luxemburg</name>
      <description>Kategorie: Botschaft&lt;br&gt;Quelle: OSM</description>
      <styleUrl>#Botschaft</styleUrl>
      <Point>
        <coordinates>16.3308217,48.2326081,0</coordinates>
      </Point>
    </Placemark>
    <Placemark>
      <name>Botschaft der Islamischen Republik von Afghanistan</name>
      <description>Kategorie: Botschaft&lt;br&gt;Quelle: OSM</description>
      <styleUrl>#Botschaft</styleUrl>
      <Point>
        <coordinates>16.3087584,48.2048136,0</coordinates>
      </Point>
    </Placemark>
  </Document>
</kml>
