{"type": "FeatureCollection", "features": [{"type": "Feature", "geometry": {"type": "LineString", "coordinates": [[10.0105534, 53.5896108], [10.0105911, 53.5896274], [10.0108614, 53.5897869], [10.0110607, 53.5899082], [10.011126, 53.5899644], [10.0110952, 53.5899765], [10.0112099, 53.5901033], [10.0112996, 53.5900845], [10.0113349, 53.5901265], [10.0114588, 53.5903124]]}, "properties": {"id": 3663311, "highway": "footway", "name": "", "surface": "paving_stones", "foot": ""}}, {"type": "Feature", "geometry": {"type": "LineString", "coordinates": [[10.0075092, 53.5932049], [10.0075726, 53.5931921], [10.0075927, 53.5931746], [10.0076035, 53.5931619], [10.0076061, 53.593144], [10.0076088, 53.5931273], [10.0076276, 53.5931165], [10.0077072, 53.593103]]}, "properties": {"id": 3752926, "highway": "footway", "name": "Grasweg", "surface": "paving_stones", "foot": "yes"}}, {"type": "Feature", "geometry": {"type": "LineString", "coordinates": [[10.0123177, 53.5874283], [10.0130651, 53.5869091]]}, "properties": {"id": 3758436, "highway": "footway", "name": "Poßmoorweg", "surface": "paving_stones", "foot": ""}}, {"type": "Feature", "geometry": {"type": "LineString", "coordinates": [[10.0132469, 53.5892136], [10.013823, 53.589536], [10.0138764, 53.5895806]]}, "properties": {"id": 3926558, "highway": "footway", "name": "Heidberg", "surface": "concrete", "foot": ""}}, {"type": "Feature", "geometry": {"type": "LineString", "coordinates": [[10.0189795, 53.5837471], [10.0188596, 53.583734], [10.0187555, 53.5837226]]}, "properties": {"id": 4006546, "highway": "footway", "name": "Knickweg", "surface": "paving_stones", "foot": ""}}, {"type": "Feature", "geometry": {"type": "LineString", "coordinates": [[10.0249858, 53.588447], [10.0250425, 53.5885164], [10.0250709, 53.5885511], [10.0251242, 53.5887106]]}, "properties": {"id": 4015616, "highway": "footway", "name": "Maacksgasse", "surface": "concrete", "foot": ""}}, {"type": "Feature", "geometry": {"type": "LineString", "coordinates": [[10.0239953, 53.5874481], [10.0242245, 53.5876697]]}, "properties": {"id": 4015618, "highway": "footway", "name": "Maacksgasse", "surface": "paving_stones", "foot": ""}}, {"type": "Feature", "geometry": {"type": "LineString", "coordinates": [[10.0331666, 53.5852846], [10.0335157, 53.5852941]]}, "properties": {"id": 4019135, "highway": "footway", "name": "Kaemmererufer", "surface": "paving_stones", "foot": ""}}, {"type": "Feature", "geometry": {"type": "LineString", "coordinates": [[10.0197624, 53.5846494], [10.0188272, 53.5844478]]}, "properties": {"id": 4019181, "highway": "footway", "name": "Lorenzengasse", "surface": "paving_stones", "foot": ""}}, {"type": "Feature", "geometry": {"type": "LineString", "coordinates": [[10.0266788, 53.5869163], [10.0271934, 53.5874712], [10.0273363, 53.5876146]]}, "properties": {"id": 4019185, "highway": "footway", "name": "Meerweinstraße", "surface": "sett", "foot": ""}}, {"type": "Feature", "geometry": {"type": "LineString", "coordinates": [[10.0212433, 53.5873603], [10.0213733, 53.5872515]]}, "properties": {"id": 4019203, "highway": "footway", "name": "", "surface": "paving_stones", "foot": ""}}, {"type": "Feature", "geometry": {"type": "LineString", "coordinates": [[10.0308542, 53.5877237], [10.0307858, 53.5877593], [10.0307554, 53.5879177], [10.0307892, 53.5880458]]}, "properties": {"id": 4019289, "highway": "footway", "name": "Georg-Thielen-Gasse", "surface": "paving_stones", "foot": ""}}, {"type": "Feature", "geometry": {"type": "LineString", "coordinates": [[10.0241243, 53.5948054], [10.022352, 53.5952276], [10.0210617, 53.5955144], [10.0197056, 53.5958336], [10.0191438, 53.5959624]]}, "properties": {"id": 4087844, "highway": "footway", "name": "", "surface": "compacted", "foot": "yes"}}, {"type": "Feature", "geometry": {"type": "LineString", "coordinates": [[10.033333, 53.577755], [10.0337849, 53.577818]]}, "properties": {"id": 4222941, "highway": "footway", "name": "", "surface": "compacted", "foot": ""}}, {"type": "Feature", "geometry": {"type": "LineString", "coordinates": [[10.0332619, 53.5891257], [10.0333618, 53.5891557], [10.0334529, 53.5891831], [10.0335308, 53.589254], [10.0335506, 53.5893523], [10.0335752, 53.5896245], [10.033579, 53.589792], [10.0335477, 53.5898886], [10.0334471, 53.5902481], [10.0333791, 53.5906307], [10.0333232, 53.5907611]]}, "properties": {"id": 4271749, "highway": "path", "name": "", "surface": "compacted", "foot": "yes"}}, {"type": "Feature", "geometry": {"type": "LineString", "coordinates": [[10.0334153, 53.5909506], [10.0333515, 53.5911252], [10.0333295, 53.591265], [10.0333131, 53.5915403], [10.0332762, 53.5917928], [10.033101, 53.5922533], [10.0327911, 53.5925775], [10.0324762, 53.5925694]]}, "properties": {"id": 4271750, "highway": "footway", "name": "", "surface": "compacted", "foot": ""}}, {"type": "Feature", "geometry": {"type": "LineString", "coordinates": [[10.0068581, 53.5952603], [10.0066041, 53.5950188], [10.0063963, 53.594541], [10.0063021, 53.5942461], [10.0060683, 53.593733]]}, "properties": {"id": 5144638, "highway": "footway", "name": "", "surface": "compacted", "foot": ""}}, {"type": "Feature", "geometry": {"type": "LineString", "coordinates": [[10.0178845, 53.5942106], [10.0189339, 53.5956704]]}, "properties": {"id": 5144645, "highway": "footway", "name": "", "surface": "compacted", "foot": "yes"}}, {"type": "Feature", "geometry": {"type": "LineString", "coordinates": [[10.0178845, 53.5942106], [10.0178074, 53.5942748], [10.0169792, 53.5944978], [10.0166177, 53.5946104], [10.0164868, 53.594678], [10.0159493, 53.59506], [10.0151087, 53.5956814]]}, "properties": {"id": 5144648, "highway": "footway", "name": "", "surface": "compacted", "foot": "yes"}}, {"type": "Feature", "geometry": {"type": "LineString", "coordinates": [[10.021587, 53.5850667], [10.0206486, 53.5848435]]}, "properties": {"id": 5172315, "highway": "footway", "name": "Lorenzengasse", "surface": "paving_stones", "foot": ""}}, {"type": "Feature", "geometry": {"type": "LineString", "coordinates": [[10.0197028, 53.5886218], [10.019766, 53.5885767], [10.0199895, 53.5884174], [10.0200069, 53.588405]]}, "properties": {"id": 8308472, "highway": "footway", "name": "", "surface": "paving_stones", "foot": ""}}, {"type": "Feature", "geometry": {"type": "LineString", "coordinates": [[10.0194196, 53.5884923], [10.0197155, 53.5882872], [10.0197341, 53.5882743]]}, "properties": {"id": 8308473, "highway": "footway", "name": "", "surface": "paving_stones", "foot": ""}}, {"type": "Feature", "geometry": {"type": "LineString", "coordinates": [[10.030863, 53.5760272], [10.0311414, 53.5755829], [10.0312752, 53.5751775], [10.0313889, 53.5749902], [10.0315936, 53.5746561], [10.0319278, 53.5742914], [10.0320431, 53.5743213], [10.0320945, 53.5742793]]}, "properties": {"id": 13744689, "highway": "footway", "name": "", "surface": "compacted", "foot": ""}}, {"type": "Feature", "geometry": {"type": "LineString", "coordinates": [[10.0133993, 53.5996975], [10.0134593, 53.5992746], [10.0135343, 53.5989691], [10.0136273, 53.5987822], [10.0140485, 53.5980456], [10.0142079, 53.5977878], [10.0143086, 53.597658], [10.0142636, 53.5974901], [10.0140698, 53.597188], [10.0139725, 53.5970567], [10.0139745, 53.5968692], [10.0139753, 53.5966785], [10.0136913, 53.5962587], [10.0135491, 53.5960539], [10.0133678, 53.5958083], [10.0132468, 53.595644], [10.0131152, 53.5955353], [10.0129234, 53.5954198], [10.0127923, 53.5953029], [10.0126762, 53.5951832], [10.0126081, 53.5950653], [10.0126123, 53.5950079], [10.0126364, 53.5946832]]}, "properties": {"id": 23027934, "highway": "footway", "name": "", "surface": "compacted", "foot": "yes"}}, {"type": "Feature", "geometry": {"type": "LineString", "coordinates": [[10.0146584, 53.5969385], [10.014622, 53.5968904], [10.0143522, 53.5965527], [10.0141217, 53.5961515], [10.0139797, 53.5959449], [10.0137331, 53.5956332], [10.0135158, 53.5952928], [10.0134802, 53.5952007], [10.0134721, 53.5951275], [10.0134944, 53.594993], [10.0135956, 53.5947175], [10.0137065, 53.5944242], [10.013786, 53.5943053], [10.0138975, 53.5941653], [10.0140716, 53.5939841], [10.0141136, 53.5939401], [10.0141493, 53.5939157], [10.0141967, 53.5938884], [10.0143593, 53.5937628], [10.0146282, 53.5935356], [10.0148609, 53.5933555], [10.0150594, 53.5931837], [10.0151928, 53.5930485], [10.0153068, 53.5929171], [10.0153749, 53.5928257], [10.0154489, 53.592697], [10.0154857, 53.5926168], [10.0155551, 53.5924814], [10.0155938, 53.5923759], [10.0156125, 53.592317], [10.0156206, 53.5921832], [10.0156538, 53.5921471], [10.0157062, 53.5921151], [10.015798, 53.5920617]]}, "properties": {"id": 23049713, "highway": "footway", "name": "", "surface": "compacted", "foot": "yes"}}, {"type": "Feature", "geometry": {"type": "LineString", "coordinates": [[10.0130924, 53.5932629], [10.0130866, 53.593205], [10.013119, 53.5931549], [10.0133854, 53.5929927], [10.0140388, 53.5925547], [10.0142504, 53.5926514], [10.0146201, 53.5924136], [10.0147013, 53.5923636], [10.0151676, 53.592075]]}, "properties": {"id": 23556225, "highway": "footway", "name": "", "surface": "compacted", "foot": ""}}, {"type": "Feature", "geometry": {"type": "LineString", "coordinates": [[10.020616, 53.5793959], [10.0201327, 53.579166], [10.0196353, 53.5789699]]}, "properties": {"id": 23592998, "highway": "footway", "name": "Schumannstraße", "surface": "paving_stones", "foot": ""}}, {"type": "Feature", "geometry": {"type": "LineString", "coordinates": [[10.0164446, 53.5881666], [10.0163181, 53.5880947], [10.0151852, 53.5876719], [10.0150672, 53.5877592], [10.0142005, 53.5873887], [10.0140935, 53.5873595], [10.0139674, 53.587329], [10.0136509, 53.5871987]]}, "properties": {"id": 23593102, "highway": "footway", "name": "", "surface": "compacted", "foot": ""}}, {"type": "Feature", "geometry": {"type": "LineString", "coordinates": [[10.0142504, 53.5926514], [10.014431, 53.5927499], [10.0143073, 53.5928356], [10.0141311, 53.592949], [10.0137788, 53.5931867], [10.0134275, 53.5934064], [10.0133596, 53.5933719], [10.0133326, 53.5933897]]}, "properties": {"id": 23593103, "highway": "footway", "name": "", "surface": "compacted", "foot": ""}}, {"type": "Feature", "geometry": {"type": "LineString", "coordinates": [[10.0133065, 53.5934078], [10.0132808, 53.5934238], [10.0130918, 53.593409], [10.0130362, 53.5933095], [10.0130691, 53.5932801]]}, "properties": {"id": 23593105, "highway": "footway", "name": "", "surface": "compacted", "foot": ""}}, {"type": "Feature", "geometry": {"type": "LineString", "coordinates": [[10.0143073, 53.5928356], [10.0143614, 53.5928643]]}, "properties": {"id": 23593106, "highway": "footway", "name": "", "surface": "paving_stones", "foot": ""}}, {"type": "Feature", "geometry": {"type": "LineString", "coordinates": [[10.0355503, 53.5754814], [10.0354692, 53.5754337], [10.0346857, 53.5749734], [10.0346661, 53.5749667], [10.0346324, 53.5749523]]}, "properties": {"id": 23816980, "highway": "footway", "name": "", "surface": "asphalt", "foot": "yes"}}, {"type": "Feature", "geometry": {"type": "LineString", "coordinates": [[10.0357589, 53.5756051], [10.035967, 53.5757004], [10.0360401, 53.5757336]]}, "properties": {"id": 23816984, "highway": "footway", "name": "", "surface": "compacted", "foot": "yes"}}, {"type": "Feature", "geometry": {"type": "LineString", "coordinates": [[10.0359271, 53.575847], [10.0358554, 53.5758274], [10.0357821, 53.5758165], [10.035713, 53.5758144], [10.0356527, 53.5758201], [10.0356002, 53.5758359], [10.0355627, 53.5758642], [10.0355562, 53.5758765], [10.0355432, 53.5759009], [10.0355054, 53.5759823], [10.0354467, 53.5760912], [10.0354026, 53.576145], [10.035321, 53.5762219], [10.035136, 53.5765422], [10.0350629, 53.5766673]]}, "properties": {"id": 23816985, "highway": "footway", "name": "", "surface": "compacted", "foot": "yes"}}, {"type": "Feature", "geometry": {"type": "LineString", "coordinates": [[10.034759, 53.5759512], [10.0347866, 53.5760406], [10.0348147, 53.576144], [10.0350629, 53.5766673]]}, "properties": {"id": 23816986, "highway": "footway", "name": "", "surface": "compacted", "foot": "yes"}}, {"type": "Feature", "geometry": {"type": "LineString", "coordinates": [[10.0350996, 53.5767411], [10.0350629, 53.5766673], [10.0349509, 53.5767106], [10.0350996, 53.5767411]]}, "properties": {"id": 23817121, "highway": "footway", "name": "", "surface": "compacted", "foot": "yes"}}, {"type": "Feature", "geometry": {"type": "LineString", "coordinates": [[10.034985, 53.577464], [10.0348196, 53.5774364], [10.0346745, 53.5774263], [10.0344658, 53.5774266], [10.0342833, 53.577436], [10.0340652, 53.5774619], [10.0338386, 53.5775001], [10.0335913, 53.577576], [10.0334467, 53.5776418]]}, "properties": {"id": 23817169, "highway": "footway", "name": "", "surface": "compacted", "foot": "yes"}}, {"type": "Feature", "geometry": {"type": "LineString", "coordinates": [[10.033333, 53.577755], [10.0334467, 53.5776418], [10.0335518, 53.577442], [10.0336799, 53.5772422], [10.0339841, 53.5768044], [10.034048, 53.5767154]]}, "properties": {"id": 23817227, "highway": "footway", "name": "", "surface": "compacted", "foot": "yes"}}, {"type": "Feature", "geometry": {"type": "LineString", "coordinates": [[10.0331332, 53.5787104], [10.033162, 53.5791895], [10.0331293, 53.5793914], [10.0330514, 53.5796013], [10.0330232, 53.5797162]]}, "properties": {"id": 23817256, "highway": "footway", "name": "", "surface": "compacted", "foot": "yes"}}, {"type": "Feature", "geometry": {"type": "LineString", "coordinates": [[10.033162, 53.5791895], [10.0332139, 53.5791634], [10.0333236, 53.5790642], [10.0335858, 53.5787586], [10.033743, 53.5786243], [10.0338302, 53.5785622], [10.0341539, 53.5784033], [10.0342294, 53.57838], [10.0342975, 53.5783676], [10.0343535, 53.5783711], [10.0344886, 53.5783937]]}, "properties": {"id": 23817263, "highway": "footway", "name": "", "surface": "compacted", "foot": "yes"}}, {"type": "Feature", "geometry": {"type": "LineString", "coordinates": [[10.0263599, 53.5772071], [10.0272287, 53.5763959], [10.0272719, 53.5763609], [10.0273509, 53.5762968], [10.0274746, 53.5763529], [10.0275226, 53.5763747], [10.0281877, 53.5766433]]}, "properties": {"id": 23817322, "highway": "footway", "name": "", "surface": "compacted", "foot": "yes"}}, {"type": "Feature", "geometry": {"type": "LineString", "coordinates": [[10.0342702, 53.5788314], [10.0338046, 53.5787818], [10.0335858, 53.5787586], [10.0331332, 53.5787104], [10.0326273, 53.5786566]]}, "properties": {"id": 24273370, "highway": "footway", "name": "Mesterkamp", "surface": "compacted", "foot": "yes"}}, {"type": "Feature", "geometry": {"type": "LineString", "coordinates": [[10.0371445, 53.5767942], [10.0377087, 53.5765632]]}, "properties": {"id": 24273371, "highway": "footway", "name": "", "surface": "paving_stones", "foot": ""}}, {"type": "Feature", "geometry": {"type": "LineString", "coordinates": [[10.0325993, 53.5801941], [10.0325563, 53.5802627], [10.0325504, 53.5803068], [10.0325934, 53.5807682], [10.0326199, 53.5810552], [10.0326407, 53.5812204], [10.032677, 53.5813459], [10.0328339, 53.581642], [10.0329398, 53.5817942], [10.0331925, 53.5821771], [10.0333534, 53.5824574], [10.0333847, 53.5824945]]}, "properties": {"id": 24273379, "highway": "footway", "name": "", "surface": "asphalt", "foot": ""}}, {"type": "Feature", "geometry": {"type": "LineString", "coordinates": [[10.0338235, 53.5824249], [10.033867, 53.5823827], [10.0338958, 53.5823337], [10.0339527, 53.5821951], [10.0340065, 53.5820552], [10.0340406, 53.581931], [10.0341247, 53.5816129], [10.0341656, 53.5814099], [10.0341823, 53.5812273], [10.0341975, 53.5810455], [10.0341982, 53.5808968], [10.0341949, 53.5806935], [10.0341928, 53.5804722], [10.0341616, 53.5802753], [10.0341247, 53.5801001], [10.0341617, 53.5799756]]}, "properties": {"id": 24273380, "highway": "footway", "name": "", "surface": "paving_stones", "foot": ""}}, {"type": "Feature", "geometry": {"type": "LineString", "coordinates": [[10.0312065, 53.58091], [10.0311564, 53.5809378], [10.0311105, 53.5809644]]}, "properties": {"id": 24273384, "highway": "footway", "name": "Weberstraße", "surface": "paving_stones", "foot": ""}}, {"type": "Feature", "geometry": {"type": "LineString", "coordinates": [[10.0268916, 53.5803025], [10.0269035, 53.58033]]}, "properties": {"id": 24273390, "highway": "footway", "name": "", "surface": "asphalt", "foot": ""}}, {"type": "Feature", "geometry": {"type": "LineString", "coordinates": [[10.0225186, 53.580142], [10.0224919, 53.5800962], [10.0224557, 53.5800339]]}, "properties": {"id": 24273393, "highway": "footway", "name": "Lindnersweg", "surface": "paving_stones", "foot": ""}}, {"type": "Feature", "geometry": {"type": "LineString", "coordinates": [[10.0301359, 53.5836044], [10.0300919, 53.5836599], [10.029993, 53.5837502], [10.0299134, 53.5837606], [10.0297674, 53.5837704], [10.0296367, 53.58378], [10.0295069, 53.5838053], [10.0294093, 53.5838284], [10.0293098, 53.5838509], [10.0292065, 53.5838644], [10.0290824, 53.5838694], [10.0289744, 53.5838711], [10.0288986, 53.5838711], [10.0288181, 53.5838739], [10.0287527, 53.5838795], [10.0287138, 53.5838885], [10.0286883, 53.5838992], [10.0286712, 53.5839088], [10.0286551, 53.5839409], [10.028656, 53.5839555]]}, "properties": {"id": 24273395, "highway": "footway", "name": "", "surface": "compacted", "foot": "yes"}}, {"type": "Feature", "geometry": {"type": "LineString", "coordinates": [[10.0281054, 53.5840927], [10.0281059, 53.584526]]}, "properties": {"id": 24273400, "highway": "footway", "name": "Großheidesteg", "surface": "asphalt", "foot": "designated"}}, {"type": "Feature", "geometry": {"type": "LineString", "coordinates": [[10.0281059, 53.584526], [10.0280647, 53.5847069], [10.028065, 53.5847976], [10.0279074, 53.58489]]}, "properties": {"id": 24273401, "highway": "footway", "name": "Großheidesteg", "surface": "paving_stones", "foot": "designated"}}, {"type": "Feature", "geometry": {"type": "LineString", "coordinates": [[10.0416527, 53.584799], [10.0407502, 53.5848484], [10.0406356, 53.5848506], [10.0404279, 53.5848382], [10.0399464, 53.5848409], [10.0391856, 53.5848358], [10.0390214, 53.5848338], [10.0386984, 53.5848275], [10.0384629, 53.5848228]]}, "properties": {"id": 24379328, "highway": "footway", "name": "", "surface": "ground", "foot": ""}}, {"type": "Feature", "geometry": {"type": "LineString", "coordinates": [[10.0074176, 53.5748778], [10.0071518, 53.5749186], [10.0067111, 53.5747832], [10.0064556, 53.5750331], [10.0062604, 53.5751421], [10.0061983, 53.5752039], [10.0061829, 53.575241], [10.0061812, 53.575278], [10.0061924, 53.5753142], [10.0062144, 53.5753533], [10.0062416, 53.5753815], [10.006278, 53.5754072], [10.0063257, 53.5754302], [10.0063881, 53.5754491], [10.0067494, 53.5755247], [10.0069199, 53.5755634], [10.0069787, 53.5755731], [10.0070433, 53.575574], [10.0070987, 53.5755652], [10.0071378, 53.5755526], [10.0071708, 53.5755359], [10.0071972, 53.575516], [10.0075389, 53.5751133], [10.0075856, 53.5750759], [10.0076446, 53.5750286]]}, "properties": {"id": 24421597, "highway": "footway", "name": "", "surface": "compacted", "foot": ""}}, {"type": "Feature", "geometry": {"type": "LineString", "coordinates": [[10.0270363, 53.5785732], [10.0269052, 53.5785466], [10.0268198, 53.57853], [10.0266464, 53.5785058], [10.0262922, 53.5784768], [10.026228, 53.5785142], [10.0259225, 53.5786702], [10.0258656, 53.5786835], [10.0258136, 53.5786838], [10.0257604, 53.5786723], [10.0253974, 53.578529], [10.0248157, 53.5783032], [10.0247481, 53.578277], [10.024651, 53.5782393], [10.0246331, 53.5782096], [10.024547, 53.5780662], [10.0244059, 53.5778314], [10.0242563, 53.577656], [10.0241982, 53.5776048], [10.0240758, 53.5775214], [10.0233245, 53.5772861], [10.0231693, 53.5772086], [10.0228786, 53.5770898], [10.0226329, 53.5770551], [10.0223484, 53.5769597]]}, "properties": {"id": 24423630, "highway": "footway", "name": "", "surface": "fine_gravel", "foot": ""}}, {"type": "Feature", "geometry": {"type": "LineString", "coordinates": [[10.0245712, 53.5777826], [10.0244059, 53.5778314], [10.0240288, 53.5781518], [10.0239083, 53.5782542], [10.0240579, 53.5783246]]}, "properties": {"id": 24423631, "highway": "footway", "name": "", "surface": "dirt", "foot": "yes"}}, {"type": "Feature", "geometry": {"type": "LineString", "coordinates": [[10.0253974, 53.578529], [10.0253981, 53.5786055], [10.0253589, 53.5786963], [10.0253393, 53.5787178], [10.0251857, 53.578825], [10.0251344, 53.5788678], [10.0250657, 53.5790218], [10.024828, 53.5792309]]}, "properties": {"id": 24433754, "highway": "footway", "name": "", "surface": "dirt", "foot": ""}}, {"type": "Feature", "geometry": {"type": "LineString", "coordinates": [[10.0327634, 53.5777243], [10.0327297, 53.5777151], [10.0314583, 53.5773575], [10.0305972, 53.5770769], [10.0305454, 53.5770634], [10.0305196, 53.5770508], [10.0304382, 53.5770234], [10.0297528, 53.576793], [10.0296835, 53.5767697], [10.0296074, 53.5767388], [10.0290879, 53.5765275], [10.0288097, 53.5764144], [10.0287012, 53.5763413], [10.0285802, 53.5762936]]}, "properties": {"id": 24434252, "highway": "footway", "name": "", "surface": "compacted", "foot": ""}}, {"type": "Feature", "geometry": {"type": "LineString", "coordinates": [[10.0258686, 53.5912905], [10.025444, 53.5913222], [10.0251325, 53.5912778]]}, "properties": {"id": 24478139, "highway": "footway", "name": "", "surface": "compacted", "foot": "yes"}}, {"type": "Feature", "geometry": {"type": "LineString", "coordinates": [[10.0294289, 53.5910935], [10.029332, 53.5912196]]}, "properties": {"id": 24702733, "highway": "footway", "name": "", "surface": "compacted", "foot": "yes"}}, {"type": "Feature", "geometry": {"type": "LineString", "coordinates": [[10.0295728, 53.5940305], [10.029267, 53.5935938], [10.0294291, 53.5935539], [10.0296194, 53.5935069], [10.0299264, 53.5939456]]}, "properties": {"id": 24702735, "highway": "footway", "name": "", "surface": "compacted", "foot": ""}}, {"type": "Feature", "geometry": {"type": "LineString", "coordinates": [[10.0296308, 53.5948184], [10.0302314, 53.5946803], [10.0303261, 53.5946381], [10.0303437, 53.5942298], [10.030359, 53.5941242], [10.0303896, 53.593913], [10.030417, 53.5937779], [10.0304419, 53.5935201], [10.030408, 53.5933411], [10.030255, 53.5930494], [10.030132, 53.5928823], [10.0299326, 53.5926075], [10.0298212, 53.5924395], [10.0297804, 53.5923826]]}, "properties": {"id": 24702744, "highway": "footway", "name": "", "surface": "compacted", "foot": "yes"}}, {"type": "Feature", "geometry": {"type": "LineString", "coordinates": [[10.024734, 53.5949404], [10.0250038, 53.5954408], [10.0252977, 53.5960442], [10.0253113, 53.5961102], [10.0253021, 53.5961746], [10.0251712, 53.5963805]]}, "properties": {"id": 24703126, "highway": "footway", "name": "", "surface": "compacted", "foot": "yes"}}, {"type": "Feature", "geometry": {"type": "LineString", "coordinates": [[10.0226154, 53.5927071], [10.0204763, 53.5932513]]}, "properties": {"id": 24703134, "highway": "footway", "name": "", "surface": "compacted", "foot": "yes"}}, {"type": "Feature", "geometry": {"type": "LineString", "coordinates": [[10.0074335, 53.5940339], [10.0073069, 53.5945027], [10.0074031, 53.5951893], [10.0074309, 53.595527]]}, "properties": {"id": 24703431, "highway": "footway", "name": "", "surface": "compacted", "foot": ""}}, {"type": "Feature", "geometry": {"type": "LineString", "coordinates": [[10.00939, 53.5938578], [10.0088841, 53.5938093], [10.0086549, 53.5937967], [10.0084671, 53.5938038], [10.0082601, 53.5938379], [10.0076049, 53.5939874], [10.0074335, 53.5940339], [10.0073151, 53.5940478], [10.0063021, 53.5942461], [10.0057106, 53.5943856], [10.0053955, 53.5946714], [10.0052151, 53.5948751], [10.0051511, 53.5950497], [10.0049585, 53.5953477], [10.0048311, 53.5959167], [10.0049221, 53.5966591]]}, "properties": {"id": 24703432, "highway": "footway", "name": "", "surface": "compacted", "foot": ""}}, {"type": "Feature", "geometry": {"type": "LineString", "coordinates": [[10.0052151, 53.5948751], [10.0049475, 53.5946947]]}, "properties": {"id": 24703433, "highway": "footway", "name": "", "surface": "compacted", "foot": ""}}, {"type": "Feature", "geometry": {"type": "LineString", "coordinates": [[10.0060683, 53.593733], [10.005962, 53.5937553], [10.0057107, 53.593864], [10.0056, 53.5939448], [10.005408, 53.594136], [10.0050647, 53.5943907], [10.0049273, 53.5945231], [10.0049475, 53.5946947]]}, "properties": {"id": 24703434, "highway": "footway", "name": "", "surface": "compacted", "foot": "yes"}}, {"type": "Feature", "geometry": {"type": "LineString", "coordinates": [[10.0063021, 53.5942461], [10.0060714, 53.5947862], [10.0058282, 53.5958816]]}, "properties": {"id": 24703436, "highway": "footway", "name": "", "surface": "compacted", "foot": ""}}, {"type": "Feature", "geometry": {"type": "LineString", "coordinates": [[10.0126081, 53.5950653], [10.0123506, 53.595056], [10.0119697, 53.5949957], [10.0106214, 53.5945024], [10.0102924, 53.59447], [10.0099544, 53.5944493], [10.0096085, 53.5944503], [10.0092128, 53.5944072], [10.0085436, 53.5942066], [10.0075772, 53.5940661], [10.0074335, 53.5940339]]}, "properties": {"id": 24703439, "highway": "footway", "name": "", "surface": "compacted", "foot": ""}}, {"type": "Feature", "geometry": {"type": "LineString", "coordinates": [[10.0105699, 53.5936768], [10.0105217, 53.5937593], [10.010239, 53.5939752], [10.0096085, 53.5944503], [10.0089044, 53.5948344], [10.0074309, 53.595527]]}, "properties": {"id": 24703440, "highway": "footway", "name": "", "surface": "compacted", "foot": ""}}, {"type": "Feature", "geometry": {"type": "LineString", "coordinates": [[10.005797, 53.5931934], [10.0055151, 53.5930096]]}, "properties": {"id": 24703446, "highway": "footway", "name": "", "surface": "compacted", "foot": ""}}, {"type": "Feature", "geometry": {"type": "LineString", "coordinates": [[10.0321387, 53.5750634], [10.0323191, 53.5751065], [10.0326463, 53.575184], [10.0328184, 53.5751362], [10.0331983, 53.5752311]]}, "properties": {"id": 25609457, "highway": "footway", "name": "", "surface": "paving_stones", "foot": ""}}, {"type": "Feature", "geometry": {"type": "LineString", "coordinates": [[10.0026639, 53.5905092], [10.0028393, 53.5905665], [10.0029812, 53.5905847], [10.0034278, 53.5905907], [10.0034996, 53.5906074], [10.0035352, 53.5906444], [10.0035443, 53.5907857], [10.0035688, 53.5908072], [10.0036784, 53.5908264]]}, "properties": {"id": 25680667, "highway": "path", "name": "", "surface": "compacted", "foot": ""}}, {"type": "Feature", "geometry": {"type": "LineString", "coordinates": [[10.0137788, 53.5931867], [10.0133854, 53.5929927]]}, "properties": {"id": 25931452, "highway": "footway", "name": "", "surface": "compacted", "foot": ""}}, {"type": "Feature", "geometry": {"type": "LineString", "coordinates": [[10.0141311, 53.592949], [10.0145757, 53.5932045]]}, "properties": {"id": 25931453, "highway": "footway", "name": "", "surface": "compacted", "foot": ""}}, {"type": "Feature", "geometry": {"type": "LineString", "coordinates": [[10.0148609, 53.5933555], [10.0151618, 53.5935148]]}, "properties": {"id": 25931454, "highway": "footway", "name": "", "surface": "compacted", "foot": ""}}, {"type": "Feature", "geometry": {"type": "LineString", "coordinates": [[10.0143593, 53.5937628], [10.0144054, 53.5937808], [10.0145609, 53.5937928], [10.0152005, 53.5938155], [10.0155071, 53.5938252]]}, "properties": {"id": 25931456, "highway": "footway", "name": "", "surface": "compacted", "foot": ""}}, {"type": "Feature", "geometry": {"type": "LineString", "coordinates": [[10.0151934, 53.593546], [10.0152034, 53.593536], [10.0152222, 53.5935259], [10.0152456, 53.5935203], [10.0152709, 53.5935196], [10.0152951, 53.593524], [10.0153136, 53.593532], [10.0153272, 53.593543], [10.0153344, 53.5935559], [10.0153346, 53.5935698], [10.0153275, 53.593583], [10.0153137, 53.5935942], [10.0152948, 53.5936023], [10.0152725, 53.5936066], [10.0152491, 53.5936064], [10.0152258, 53.5936016], [10.0152065, 53.5935925], [10.0151933, 53.5935802], [10.0151881, 53.5935689], [10.0151882, 53.5935572], [10.0151934, 53.593546]]}, "properties": {"id": 25931457, "highway": "footway", "name": "", "surface": "paving_stones", "foot": ""}}, {"type": "Feature", "geometry": {"type": "LineString", "coordinates": [[10.0154066, 53.5933174], [10.0153111, 53.5934943]]}, "properties": {"id": 25931458, "highway": "footway", "name": "", "surface": "compacted", "foot": ""}}, {"type": "Feature", "geometry": {"type": "LineString", "coordinates": [[10.0154296, 53.5931562], [10.0155324, 53.5931759], [10.0155493, 53.5931791]]}, "properties": {"id": 25931460, "highway": "footway", "name": "", "surface": "compacted", "foot": ""}}, {"type": "Feature", "geometry": {"type": "LineString", "coordinates": [[10.0157635, 53.5926742], [10.0157789, 53.5926792], [10.0157909, 53.5926867], [10.0157985, 53.592696], [10.0158008, 53.5927072], [10.0157967, 53.5927182], [10.0157866, 53.5927277], [10.0157718, 53.5927347], [10.0157539, 53.5927384], [10.0157349, 53.5927383], [10.015717, 53.5927345], [10.0157023, 53.5927272], [10.0156925, 53.5927175], [10.0156888, 53.5927064], [10.0156916, 53.5926952], [10.0157006, 53.5926852], [10.0157133, 53.5926781], [10.0157291, 53.5926737], [10.0157464, 53.5926723], [10.0157635, 53.5926742]]}, "properties": {"id": 25931461, "highway": "footway", "name": "", "surface": "paving_stones", "foot": ""}}, {"type": "Feature", "geometry": {"type": "LineString", "coordinates": [[10.0157006, 53.5926852], [10.0155629, 53.5926298], [10.0154857, 53.5926168]]}, "properties": {"id": 25931462, "highway": "footway", "name": "", "surface": "compacted", "foot": ""}}, {"type": "Feature", "geometry": {"type": "LineString", "coordinates": [[10.0157892, 53.592006], [10.0159197, 53.5919779], [10.0159988, 53.5919691], [10.0161865, 53.5919691], [10.0168971, 53.5919267], [10.017288, 53.5919033], [10.0179867, 53.5918596], [10.018232, 53.5918443], [10.0214634, 53.591742], [10.0216822, 53.591715], [10.0218375, 53.5916815], [10.021887, 53.5916725]]}, "properties": {"id": 25931463, "highway": "footway", "name": "", "surface": "compacted", "foot": ""}}, {"type": "Feature", "geometry": {"type": "LineString", "coordinates": [[10.0149208, 53.59465], [10.01486, 53.5946205], [10.0143753, 53.5941879], [10.0143418, 53.5941147]]}, "properties": {"id": 25931477, "highway": "footway", "name": "", "surface": "compacted", "foot": ""}}, {"type": "Feature", "geometry": {"type": "LineString", "coordinates": [[10.0322897, 53.5906124], [10.0326697, 53.5906469], [10.032763, 53.5906557]]}, "properties": {"id": 26276433, "highway": "footway", "name": "", "surface": "compacted", "foot": ""}}, {"type": "Feature", "geometry": {"type": "LineString", "coordinates": [[10.024691, 53.5913024], [10.0245986, 53.5913463], [10.0242982, 53.5913876], [10.0241308, 53.5914262], [10.0240488, 53.5914449], [10.02314, 53.5916602], [10.022061, 53.5919267]]}, "properties": {"id": 26276435, "highway": "footway", "name": "", "surface": "compacted", "foot": "yes"}}, {"type": "Feature", "geometry": {"type": "LineString", "coordinates": [[10.0318272, 53.5935778], [10.0317201, 53.5934757], [10.0315481, 53.5933622], [10.031497, 53.5933351], [10.0313965, 53.5932884], [10.0313202, 53.5932407], [10.0312439, 53.5931773], [10.0311367, 53.5930595], [10.0309419, 53.5927898], [10.0308368, 53.5926425], [10.0305629, 53.5922531], [10.0304211, 53.5920572], [10.0303152, 53.591905], [10.0301973, 53.5917235], [10.0301025, 53.5915759], [10.0300371, 53.5915116], [10.0299478, 53.5914564], [10.0297679, 53.5913654], [10.0295693, 53.5912887], [10.029332, 53.5912196]]}, "properties": {"id": 26276436, "highway": "footway", "name": "", "surface": "compacted", "foot": "designated"}}, {"type": "Feature", "geometry": {"type": "LineString", "coordinates": [[10.0301973, 53.5917235], [10.0299888, 53.5917684]]}, "properties": {"id": 32471422, "highway": "footway", "name": "", "surface": "compacted", "foot": "yes"}}, {"type": "Feature", "geometry": {"type": "LineString", "coordinates": [[10.0291693, 53.591421], [10.0286619, 53.5915313], [10.0286545, 53.5915205], [10.0284011, 53.5911749], [10.0283881, 53.5911425], [10.0283882, 53.5911045]]}, "properties": {"id": 32471690, "highway": "footway", "name": "", "surface": "compacted", "foot": ""}}, {"type": "Feature", "geometry": {"type": "LineString", "coordinates": [[10.0147868, 53.5884406], [10.0147089, 53.5884893], [10.0145561, 53.5885886]]}, "properties": {"id": 32808260, "highway": "footway", "name": "", "surface": "paving_stones", "foot": ""}}, {"type": "Feature", "geometry": {"type": "LineString", "coordinates": [[10.0324238, 53.5931559], [10.0325076, 53.5931728], [10.0326161, 53.5932604], [10.0326304, 53.5932795], [10.0326575, 53.5933766], [10.0326783, 53.5934803], [10.032697, 53.5935414], [10.0325765, 53.5942665], [10.0324393, 53.5948945], [10.03237, 53.5951584], [10.0323954, 53.5951724], [10.0323469, 53.5954334], [10.0323882, 53.595561], [10.0323393, 53.5959632], [10.0323334, 53.5960108], [10.0323068, 53.5962383], [10.0322886, 53.5963515]]}, "properties": {"id": 32995665, "highway": "footway", "name": "", "surface": "compacted", "foot": ""}}, {"type": "Feature", "geometry": {"type": "LineString", "coordinates": [[10.0259341, 53.5953569], [10.0262595, 53.5952805], [10.026288, 53.5952733], [10.0264315, 53.5952373], [10.0266406, 53.5951863], [10.0268731, 53.595128], [10.0272377, 53.5950349], [10.0272564, 53.5950302], [10.0279202, 53.5948651], [10.0282916, 53.5947729]]}, "properties": {"id": 33030764, "highway": "footway", "name": "", "surface": "compacted", "foot": "yes"}}, {"type": "Feature", "geometry": {"type": "LineString", "coordinates": [[10.0233874, 53.5927966], [10.0232918, 53.5926939], [10.023038, 53.5924214], [10.0228362, 53.5922569], [10.0227332, 53.5921863], [10.022643, 53.5921281], [10.0225385, 53.5920826], [10.0224092, 53.5920414], [10.0223114, 53.5920205], [10.0222322, 53.5920141], [10.0221826, 53.5920157], [10.0221318, 53.592025]]}, "properties": {"id": 33031505, "highway": "footway", "name": "", "surface": "compacted", "foot": "yes"}}, {"type": "Feature", "geometry": {"type": "LineString", "coordinates": [[10.0264641, 53.5921953], [10.0263358, 53.5920006], [10.0258686, 53.5912905]]}, "properties": {"id": 34114739, "highway": "footway", "name": "", "surface": "compacted", "foot": "yes"}}, {"type": "Feature", "geometry": {"type": "LineString", "coordinates": [[10.0304693, 53.5916555], [10.0306416, 53.5916171], [10.0307418, 53.5915978], [10.0308313, 53.5916033], [10.0309135, 53.5916239], [10.0309747, 53.5916489], [10.0310321, 53.5916748], [10.0310936, 53.5917136], [10.0311363, 53.5917901]]}, "properties": {"id": 34115292, "highway": "footway", "name": "", "surface": "compacted", "foot": "yes"}}, {"type": "Feature", "geometry": {"type": "LineString", "coordinates": [[10.0279911, 53.5944505], [10.027781, 53.5945534]]}, "properties": {"id": 34115905, "highway": "footway", "name": "", "surface": "compacted", "foot": "yes"}}, {"type": "Feature", "geometry": {"type": "LineString", "coordinates": [[10.0274212, 53.5937697], [10.0274411, 53.5938693], [10.027467, 53.5940251], [10.0274573, 53.5941203], [10.0273917, 53.5943039], [10.0273527, 53.5943657], [10.0271668, 53.5945624], [10.0270188, 53.5946511], [10.0268154, 53.5947397], [10.026513, 53.5948204], [10.0262176, 53.5948789], [10.0259174, 53.5949104], [10.0257067, 53.594909], [10.0255953, 53.5948889], [10.0253505, 53.5948445], [10.0251744, 53.5947953], [10.0249983, 53.5947279], [10.0246413, 53.5945028], [10.024231, 53.594148], [10.0238738, 53.5937358], [10.0238355, 53.5936792], [10.0237544, 53.5935593], [10.0237231, 53.5935131], [10.0236767, 53.5934228], [10.0235521, 53.5931904], [10.0234494, 53.5929475], [10.0233874, 53.5927966], [10.0233456, 53.5925911], [10.0233322, 53.5923132], [10.0233851, 53.5921486], [10.0236394, 53.5918772], [10.0237868, 53.59178], [10.023968, 53.5916966], [10.0240718, 53.5916538], [10.0242561, 53.591607]]}, "properties": {"id": 34115926, "highway": "footway", "name": "", "surface": "compacted", "foot": "yes"}}, {"type": "Feature", "geometry": {"type": "LineString", "coordinates": [[10.0290939, 53.5926915], [10.0294006, 53.5925534], [10.0295131, 53.5923961]]}, "properties": {"id": 34115951, "highway": "footway", "name": "", "surface": "compacted", "foot": "yes"}}, {"type": "Feature", "geometry": {"type": "LineString", "coordinates": [[10.0303143, 53.5923156], [10.0298212, 53.5924395]]}, "properties": {"id": 34116182, "highway": "footway", "name": "", "surface": "compacted", "foot": ""}}, {"type": "Feature", "geometry": {"type": "LineString", "coordinates": [[10.029939, 53.5917821], [10.029907, 53.5917881]]}, "properties": {"id": 34116192, "highway": "footway", "name": "", "surface": "compacted", "foot": "yes"}}, {"type": "Feature", "geometry": {"type": "LineString", "coordinates": [[10.0301105, 53.5919558], [10.0303152, 53.591905]]}, "properties": {"id": 34118240, "highway": "footway", "name": "", "surface": "compacted", "foot": "yes"}}, {"type": "Feature", "geometry": {"type": "LineString", "coordinates": [[10.0325869, 53.5801201], [10.0325145, 53.5800554], [10.0323856, 53.579996]]}, "properties": {"id": 34321910, "highway": "footway", "name": "", "surface": "compacted", "foot": "yes"}}, {"type": "Feature", "geometry": {"type": "LineString", "coordinates": [[10.0338254, 53.5809694], [10.0340576, 53.580964]]}, "properties": {"id": 34321943, "highway": "footway", "name": "", "surface": "paving_stones", "foot": ""}}, {"type": "Feature", "geometry": {"type": "LineString", "coordinates": [[10.0336753, 53.5824048], [10.0336273, 53.5824018], [10.0335556, 53.5824063], [10.0333534, 53.5824574], [10.0332934, 53.5824811]]}, "properties": {"id": 34321952, "highway": "footway", "name": "", "surface": "paving_stones", "foot": "yes"}}, {"type": "Feature", "geometry": {"type": "LineString", "coordinates": [[10.0332692, 53.5824896], [10.0332934, 53.5824811], [10.0333378, 53.582489], [10.0333847, 53.5824945], [10.0334485, 53.58257]]}, "properties": {"id": 34321958, "highway": "path", "name": "", "surface": "paving_stones", "foot": "designated"}}, {"type": "Feature", "geometry": {"type": "LineString", "coordinates": [[10.015711, 53.5889911], [10.015662, 53.5890323], [10.0154671, 53.5891553], [10.0152302, 53.5892862], [10.0149201, 53.5894469], [10.0148213, 53.5894938], [10.0145351, 53.5896208], [10.0141845, 53.5897574]]}, "properties": {"id": 34385251, "highway": "path", "name": "", "surface": "paving_stones", "foot": "designated"}}, {"type": "Feature", "geometry": {"type": "LineString", "coordinates": [[10.0331925, 53.5821771], [10.0335255, 53.5821492]]}, "properties": {"id": 34942713, "highway": "footway", "name": "", "surface": "paving_stones", "foot": "yes"}}, {"type": "Feature", "geometry": {"type": "LineString", "coordinates": [[10.0106808, 53.5934774], [10.0106719, 53.593524], [10.0106626, 53.5935718]]}, "properties": {"id": 35538109, "highway": "footway", "name": "", "surface": "asphalt", "foot": ""}}, {"type": "Feature", "geometry": {"type": "LineString", "coordinates": [[10.0075092, 53.5932049], [10.0074728, 53.5933088]]}, "properties": {"id": 35538129, "highway": "footway", "name": "", "surface": "compacted", "foot": "yes"}}, {"type": "Feature", "geometry": {"type": "LineString", "coordinates": [[10.029149, 53.59313], [10.030132, 53.5928823], [10.0304175, 53.5928164], [10.0305346, 53.5927801], [10.0307657, 53.5926695], [10.0308368, 53.5926425], [10.0310219, 53.5925921]]}, "properties": {"id": 35609168, "highway": "footway", "name": "", "surface": "compacted", "foot": "yes"}}, {"type": "Feature", "geometry": {"type": "LineString", "coordinates": [[10.0290142, 53.5928962], [10.0289117, 53.5927363], [10.0290277, 53.5927081]]}, "properties": {"id": 35609170, "highway": "footway", "name": "", "surface": "compacted", "foot": "yes"}}, {"type": "Feature", "geometry": {"type": "LineString", "coordinates": [[10.0289654, 53.5931731], [10.029149, 53.59313], [10.0290142, 53.5928962], [10.0288156, 53.5929372], [10.0289015, 53.5930798], [10.0289654, 53.5931731]]}, "properties": {"id": 35609217, "highway": "footway", "name": "", "surface": "compacted", "foot": "yes"}}, {"type": "Feature", "geometry": {"type": "LineString", "coordinates": [[10.0167679, 53.5767683], [10.0168608, 53.5764406], [10.0167729, 53.5763792]]}, "properties": {"id": 36275581, "highway": "footway", "name": "Schenkendorfstraße", "surface": "paving_stones", "foot": ""}}, {"type": "Feature", "geometry": {"type": "LineString", "coordinates": [[10.0164547, 53.5754059], [10.0171246, 53.5754642]]}, "properties": {"id": 36275584, "highway": "footway", "name": "", "surface": "paving_stones", "foot": ""}}, {"type": "Feature", "geometry": {"type": "LineString", "coordinates": [[10.0192357, 53.5757231], [10.0193552, 53.575589], [10.019756, 53.5757507], [10.0197125, 53.5758282], [10.0200746, 53.5759624], [10.0202698, 53.5760853]]}, "properties": {"id": 36275589, "highway": "footway", "name": "", "surface": "paving_stones", "foot": ""}}, {"type": "Feature", "geometry": {"type": "LineString", "coordinates": [[10.0197125, 53.5758282], [10.0193019, 53.5761651]]}, "properties": {"id": 36275591, "highway": "footway", "name": "", "surface": "paving_stones", "foot": ""}}, {"type": "Feature", "geometry": {"type": "LineString", "coordinates": [[10.0378171, 53.5781313], [10.0376149, 53.5778301], [10.0374316, 53.5775571], [10.0373735, 53.5774705], [10.0372935, 53.5773513]]}, "properties": {"id": 36374293, "highway": "footway", "name": "", "surface": "asphalt", "foot": ""}}, {"type": "Feature", "geometry": {"type": "LineString", "coordinates": [[10.0376149, 53.5778301], [10.0382346, 53.5776781]]}, "properties": {"id": 36374294, "highway": "footway", "name": "", "surface": "paving_stones", "foot": ""}}, {"type": "Feature", "geometry": {"type": "LineString", "coordinates": [[10.0372935, 53.5773513], [10.0375929, 53.5772359], [10.0376383, 53.5771751], [10.0378531, 53.5771194]]}, "properties": {"id": 36374295, "highway": "footway", "name": "", "surface": "paving_stones", "foot": ""}}, {"type": "Feature", "geometry": {"type": "LineString", "coordinates": [[10.0363713, 53.5781079], [10.0365707, 53.5773377]]}, "properties": {"id": 36374296, "highway": "footway", "name": "", "surface": "paving_stones", "foot": ""}}, {"type": "Feature", "geometry": {"type": "LineString", "coordinates": [[10.0367076, 53.5747137], [10.0360684, 53.5751072]]}, "properties": {"id": 36821735, "highway": "footway", "name": "", "surface": "asphalt", "foot": "yes"}}, {"type": "Feature", "geometry": {"type": "LineString", "coordinates": [[10.0108745, 53.5794838], [10.0100335, 53.5792541]]}, "properties": {"id": 37194112, "highway": "footway", "name": "", "surface": "paving_stones", "foot": ""}}, {"type": "Feature", "geometry": {"type": "LineString", "coordinates": [[10.007749, 53.5894165], [10.0077672, 53.5890191]]}, "properties": {"id": 37194726, "highway": "footway", "name": "", "surface": "asphalt", "foot": ""}}, {"type": "Feature", "geometry": {"type": "LineString", "coordinates": [[10.0082213, 53.5894279], [10.0082366, 53.5890332]]}, "properties": {"id": 37194727, "highway": "footway", "name": "", "surface": "compacted", "foot": ""}}, {"type": "Feature", "geometry": {"type": "LineString", "coordinates": [[10.0093658, 53.591737], [10.0093264, 53.5918345], [10.0093007, 53.5920893]]}, "properties": {"id": 37194901, "highway": "footway", "name": "", "surface": "", "foot": ""}}, {"type": "Feature", "geometry": {"type": "LineString", "coordinates": [[10.0093958, 53.5915381], [10.0086575, 53.5915141]]}, "properties": {"id": 37195062, "highway": "footway", "name": "", "surface": "", "foot": ""}}, {"type": "Feature", "geometry": {"type": "LineString", "coordinates": [[10.0067494, 53.5755247], [10.0065223, 53.5755385]]}, "properties": {"id": 37228825, "highway": "footway", "name": "", "surface": "compacted", "foot": ""}}, {"type": "Feature", "geometry": {"type": "LineString", "coordinates": [[10.0303891, 53.5922968], [10.0305629, 53.5922531], [10.0307587, 53.5922039], [10.0309655, 53.5921519], [10.0310479, 53.5921148], [10.0311155, 53.5920771], [10.0311593, 53.5920487], [10.031159, 53.591981], [10.0311426, 53.5919177], [10.0311363, 53.5917901]]}, "properties": {"id": 37371649, "highway": "footway", "name": "", "surface": "compacted", "foot": "yes"}}, {"type": "Feature", "geometry": {"type": "LineString", "coordinates": [[10.0083965, 53.5796864], [10.0086314, 53.57974]]}, "properties": {"id": 37427351, "highway": "footway", "name": "", "surface": "paving_stones", "foot": ""}}, {"type": "Feature", "geometry": {"type": "LineString", "coordinates": [[10.0095756, 53.5810886], [10.0094367, 53.5810471]]}, "properties": {"id": 37427499, "highway": "footway", "name": "", "surface": "sett", "foot": ""}}, {"type": "Feature", "geometry": {"type": "LineString", "coordinates": [[10.0086314, 53.57974], [10.0087673, 53.5797787]]}, "properties": {"id": 37480252, "highway": "footway", "name": "", "surface": "paving_stones", "foot": ""}}, {"type": "Feature", "geometry": {"type": "LineString", "coordinates": [[10.0087673, 53.5797787], [10.0093956, 53.5799506], [10.009946, 53.5801059]]}, "properties": {"id": 37480253, "highway": "footway", "name": "", "surface": "paving_stones", "foot": ""}}, {"type": "Feature", "geometry": {"type": "LineString", "coordinates": [[10.009946, 53.5801059], [10.0101423, 53.5801653]]}, "properties": {"id": 37480254, "highway": "footway", "name": "", "surface": "paving_stones", "foot": ""}}, {"type": "Feature", "geometry": {"type": "LineString", "coordinates": [[10.0101423, 53.5801653], [10.0102851, 53.5802055]]}, "properties": {"id": 37480255, "highway": "footway", "name": "", "surface": "paving_stones", "foot": ""}}, {"type": "Feature", "geometry": {"type": "LineString", "coordinates": [[10.0094367, 53.5810471], [10.0092863, 53.5810054]]}, "properties": {"id": 37594969, "highway": "footway", "name": "", "surface": "", "foot": ""}}, {"type": "Feature", "geometry": {"type": "LineString", "coordinates": [[10.0092863, 53.5810054], [10.0087877, 53.5808383]]}, "properties": {"id": 37594970, "highway": "footway", "name": "", "surface": "", "foot": ""}}, {"type": "Feature", "geometry": {"type": "LineString", "coordinates": [[10.0060683, 53.593733], [10.005797, 53.5931934]]}, "properties": {"id": 40674525, "highway": "footway", "name": "", "surface": "compacted", "foot": "yes"}}, {"type": "Feature", "geometry": {"type": "LineString", "coordinates": [[9.999639, 53.5799828], [9.9996514, 53.579992], [9.9998355, 53.5801342], [9.9999962, 53.5802379], [10.000072, 53.5802836]]}, "properties": {"id": 41068751, "highway": "footway", "name": "", "surface": "paving_stones", "foot": ""}}, {"type": "Feature", "geometry": {"type": "LineString", "coordinates": [[9.998626, 53.5792007], [9.9986567, 53.579195], [9.9987211, 53.5791852], [9.9987765, 53.5791682], [9.9988788, 53.5791283], [9.9990051, 53.5790548], [9.9990791, 53.5789961], [9.9991787, 53.5789216], [9.9992832, 53.5788473], [9.9994553, 53.5787102], [9.9995304, 53.5786577], [9.9996191, 53.5785405], [9.9997686, 53.5783297], [10.0001022, 53.5778823], [10.0002021, 53.5777422], [10.0007027, 53.5769136], [10.0007792, 53.5767738], [10.0008541, 53.5766359], [10.0008127, 53.5765942], [10.0009591, 53.576361], [10.0011228, 53.5761253], [10.0012054, 53.5760142], [10.0015878, 53.5753823], [10.0018015, 53.5749147], [10.0018637, 53.5747619], [10.0019095, 53.5746308], [10.001911, 53.5745484], [10.0018819, 53.5744275], [10.0018614, 53.5743281], [10.0018622, 53.574171], [10.0019081, 53.5739315], [10.0020136, 53.573736], [10.0020377, 53.5736475], [10.0020872, 53.5735866], [10.0021688, 53.5735312], [10.0022281, 53.573508], [10.0022941, 53.5734848], [10.0023493, 53.573475], [10.0024058, 53.5734781], [10.0024538, 53.5733687], [10.0025352, 53.5730205]]}, "properties": {"id": 41376998, "highway": "footway", "name": "", "surface": "compacted", "foot": ""}}, {"type": "Feature", "geometry": {"type": "LineString", "coordinates": [[10.0071518, 53.5749186], [10.0075389, 53.5751133]]}, "properties": {"id": 41419831, "highway": "footway", "name": "", "surface": "compacted", "foot": ""}}, {"type": "Feature", "geometry": {"type": "LineString", "coordinates": [[10.0004215, 53.5903627], [10.0004516, 53.5903678]]}, "properties": {"id": 43913970, "highway": "footway", "name": "", "surface": "paving_stones", "foot": ""}}, {"type": "Feature", "geometry": {"type": "LineString", "coordinates": [[10.0155472, 53.5933176], [10.015646, 53.5933375], [10.0157182, 53.5932116], [10.0157844, 53.593096], [10.0158531, 53.5929757], [10.0157544, 53.5929558], [10.0156854, 53.5930765], [10.0156188, 53.5931926], [10.0155472, 53.5933176]]}, "properties": {"id": 45981680, "highway": "footway", "name": "", "surface": "compacted", "foot": ""}}, {"type": "Feature", "geometry": {"type": "LineString", "coordinates": [[10.0384586, 53.5771827], [10.0382846, 53.577223]]}, "properties": {"id": 46042154, "highway": "footway", "name": "", "surface": "paving_stones", "foot": ""}}, {"type": "Feature", "geometry": {"type": "LineString", "coordinates": [[10.0168063, 53.5943592], [10.0166978, 53.5942984], [10.0166935, 53.5942632], [10.0169474, 53.5940506], [10.0176579, 53.5938954]]}, "properties": {"id": 46353464, "highway": "footway", "name": "", "surface": "compacted", "foot": ""}}, {"type": "Feature", "geometry": {"type": "LineString", "coordinates": [[10.0178845, 53.5942106], [10.018494, 53.5937728]]}, "properties": {"id": 46353465, "highway": "footway", "name": "", "surface": "compacted", "foot": "yes"}}, {"type": "Feature", "geometry": {"type": "LineString", "coordinates": [[10.0156493, 53.5944053], [10.0156148, 53.5941869], [10.0156388, 53.5940298]]}, "properties": {"id": 46353467, "highway": "footway", "name": "", "surface": "grass", "foot": ""}}, {"type": "Feature", "geometry": {"type": "LineString", "coordinates": [[10.0154895, 53.5939476], [10.0154783, 53.5940211], [10.0154542, 53.5941783], [10.0154377, 53.5942859], [10.0149743, 53.5942724]]}, "properties": {"id": 46353468, "highway": "footway", "name": "", "surface": "grass", "foot": ""}}, {"type": "Feature", "geometry": {"type": "LineString", "coordinates": [[10.0154783, 53.5940211], [10.0156388, 53.5940298], [10.0158659, 53.5940436]]}, "properties": {"id": 46353469, "highway": "footway", "name": "", "surface": "grass", "foot": ""}}, {"type": "Feature", "geometry": {"type": "LineString", "coordinates": [[10.0155071, 53.5938252], [10.0155427, 53.5937649], [10.0156254, 53.5936471], [10.0156876, 53.5935806]]}, "properties": {"id": 46353470, "highway": "footway", "name": "", "surface": "compacted", "foot": ""}}, {"type": "Feature", "geometry": {"type": "LineString", "coordinates": [[10.0169474, 53.5940506], [10.0161076, 53.5936936], [10.0158888, 53.59362], [10.0157775, 53.5935969], [10.0156876, 53.5935806]]}, "properties": {"id": 46353471, "highway": "footway", "name": "", "surface": "compacted", "foot": ""}}, {"type": "Feature", "geometry": {"type": "LineString", "coordinates": [[10.0155071, 53.5938252], [10.0154938, 53.5939198]]}, "properties": {"id": 46353477, "highway": "footway", "name": "", "surface": "compacted", "foot": ""}}, {"type": "Feature", "geometry": {"type": "LineString", "coordinates": [[10.0149666, 53.5943638], [10.0153875, 53.5943814], [10.0154249, 53.5943865], [10.0155173, 53.5943988], [10.0156493, 53.5944053], [10.0157225, 53.5944089], [10.0159676, 53.5944209], [10.016111, 53.5943854], [10.0162936, 53.5943315]]}, "properties": {"id": 46353479, "highway": "footway", "name": "", "surface": "grass", "foot": ""}}, {"type": "Feature", "geometry": {"type": "LineString", "coordinates": [[10.0159676, 53.5944209], [10.0161281, 53.5945279], [10.0162692, 53.5945848], [10.0164868, 53.594678]]}, "properties": {"id": 46353480, "highway": "footway", "name": "", "surface": "grass", "foot": ""}}, {"type": "Feature", "geometry": {"type": "LineString", "coordinates": [[10.0157225, 53.5944089], [10.0157155, 53.5944615]]}, "properties": {"id": 46353485, "highway": "footway", "name": "", "surface": "grass", "foot": ""}}, {"type": "Feature", "geometry": {"type": "LineString", "coordinates": [[10.0154542, 53.5941783], [10.0156148, 53.5941869]]}, "properties": {"id": 46353490, "highway": "footway", "name": "", "surface": "grass", "foot": ""}}, {"type": "Feature", "geometry": {"type": "LineString", "coordinates": [[10.0161055, 53.5940582], [10.0161449, 53.594208], [10.0161791, 53.5942994], [10.0162936, 53.5943315]]}, "properties": {"id": 46353491, "highway": "footway", "name": "", "surface": "grass", "foot": ""}}, {"type": "Feature", "geometry": {"type": "LineString", "coordinates": [[10.0149158, 53.594726], [10.0153851, 53.5947536], [10.0159493, 53.59506]]}, "properties": {"id": 46353492, "highway": "footway", "name": "", "surface": "compacted", "foot": ""}}, {"type": "Feature", "geometry": {"type": "LineString", "coordinates": [[10.0143418, 53.5941147], [10.014343, 53.5940424], [10.0143465, 53.5940206], [10.0143483, 53.5939458], [10.0143603, 53.593911], [10.0144054, 53.5937808]]}, "properties": {"id": 46353666, "highway": "footway", "name": "", "surface": "compacted", "foot": ""}}, {"type": "Feature", "geometry": {"type": "LineString", "coordinates": [[10.0140716, 53.5939841], [10.0139322, 53.5939257], [10.0136994, 53.5938782]]}, "properties": {"id": 46353667, "highway": "footway", "name": "", "surface": "asphalt", "foot": ""}}, {"type": "Feature", "geometry": {"type": "LineString", "coordinates": [[10.0136994, 53.5938782], [10.0126606, 53.5937706], [10.0117191, 53.5936747], [10.0113907, 53.5936566], [10.0112145, 53.5936298]]}, "properties": {"id": 46353668, "highway": "footway", "name": "", "surface": "compacted", "foot": ""}}, {"type": "Feature", "geometry": {"type": "LineString", "coordinates": [[10.0148401, 53.5940664], [10.0148301, 53.5940227], [10.0147784, 53.5939722]]}, "properties": {"id": 46353669, "highway": "footway", "name": "", "surface": "compacted", "foot": ""}}, {"type": "Feature", "geometry": {"type": "LineString", "coordinates": [[10.0162936, 53.5943315], [10.0165105, 53.5943432], [10.0168063, 53.5943592]]}, "properties": {"id": 46353670, "highway": "footway", "name": "", "surface": "compacted", "foot": ""}}, {"type": "Feature", "geometry": {"type": "LineString", "coordinates": [[10.0168063, 53.5943592], [10.0169792, 53.5944978]]}, "properties": {"id": 46353673, "highway": "footway", "name": "", "surface": "compacted", "foot": ""}}, {"type": "Feature", "geometry": {"type": "LineString", "coordinates": [[10.0044908, 53.5921827], [10.0047998, 53.5926453], [10.0048139, 53.5929372]]}, "properties": {"id": 48244739, "highway": "footway", "name": "", "surface": "paving_stones", "foot": ""}}, {"type": "Feature", "geometry": {"type": "LineString", "coordinates": [[10.0378141, 53.594137], [10.036972, 53.5940696]]}, "properties": {"id": 48814176, "highway": "footway", "name": "Weg 3", "surface": "", "foot": ""}}, {"type": "Feature", "geometry": {"type": "LineString", "coordinates": [[10.0376784, 53.5935556], [10.0373857, 53.5935336], [10.0372278, 53.5935233]]}, "properties": {"id": 48814179, "highway": "footway", "name": "Weg 2", "surface": "", "foot": ""}}, {"type": "Feature", "geometry": {"type": "LineString", "coordinates": [[10.0383083, 53.5924063], [10.0377077, 53.5924297], [10.0373857, 53.5935336]]}, "properties": {"id": 48814180, "highway": "footway", "name": "Weg 1", "surface": "", "foot": ""}}, {"type": "Feature", "geometry": {"type": "LineString", "coordinates": [[10.0383792, 53.5921655], [10.03932, 53.5921308]]}, "properties": {"id": 48814185, "highway": "footway", "name": "Weg 1A", "surface": "", "foot": ""}}, {"type": "Feature", "geometry": {"type": "LineString", "coordinates": [[10.0376596, 53.5946842], [10.0366913, 53.5946137]]}, "properties": {"id": 48814206, "highway": "footway", "name": "Weg 4", "surface": "", "foot": ""}}, {"type": "Feature", "geometry": {"type": "LineString", "coordinates": [[10.0320099, 53.5915647], [10.0322897, 53.5906124], [10.0326887, 53.5895191], [10.0328179, 53.5892371], [10.0329035, 53.589133]]}, "properties": {"id": 53205320, "highway": "footway", "name": "", "surface": "compacted", "foot": ""}}, {"type": "Feature", "geometry": {"type": "LineString", "coordinates": [[10.0336002, 53.5909013], [10.0335139, 53.5909484], [10.0334153, 53.5909506], [10.0331355, 53.5909293], [10.0330706, 53.59093], [10.0330148, 53.5909445], [10.0329609, 53.5909764], [10.0328755, 53.5909718], [10.0326953, 53.5909536]]}, "properties": {"id": 53205321, "highway": "path", "name": "", "surface": "paving_stones", "foot": "designated"}}, {"type": "Feature", "geometry": {"type": "LineString", "coordinates": [[10.032763, 53.5906557], [10.0329495, 53.5906721]]}, "properties": {"id": 53205323, "highway": "path", "name": "", "surface": "", "foot": "designated"}}, {"type": "Feature", "geometry": {"type": "LineString", "coordinates": [[10.032435, 53.5916043], [10.0324708, 53.591428]]}, "properties": {"id": 53205324, "highway": "path", "name": "", "surface": "", "foot": "designated"}}, {"type": "Feature", "geometry": {"type": "LineString", "coordinates": [[10.0332874, 53.5848921], [10.0329433, 53.5848752]]}, "properties": {"id": 53292813, "highway": "path", "name": "", "surface": "paving_stones", "foot": ""}}, {"type": "Feature", "geometry": {"type": "LineString", "coordinates": [[10.0201517, 53.5898174], [10.0203108, 53.5899141], [10.0203504, 53.5899378], [10.0203739, 53.5899518], [10.0204613, 53.5900042], [10.0205398, 53.5900511], [10.0205665, 53.5900671], [10.0207865, 53.5901988], [10.0208238, 53.5902178]]}, "properties": {"id": 55286818, "highway": "footway", "name": "", "surface": "", "foot": ""}}, {"type": "Feature", "geometry": {"type": "LineString", "coordinates": [[10.0209196, 53.590991], [10.021051, 53.5909751], [10.021092, 53.5909701], [10.0212455, 53.5909515], [10.0213211, 53.5909423], [10.0214109, 53.5909314], [10.0215667, 53.5909125], [10.021732, 53.5908925], [10.0218071, 53.5908834], [10.0219018, 53.5908732], [10.022067, 53.5908555], [10.022219, 53.5908392], [10.0222671, 53.590834], [10.0222994, 53.590832], [10.0224011, 53.5908257], [10.0225616, 53.5908158], [10.0227327, 53.5908052], [10.0228108, 53.5908004]]}, "properties": {"id": 55286819, "highway": "footway", "name": "", "surface": "", "foot": ""}}, {"type": "Feature", "geometry": {"type": "LineString", "coordinates": [[10.0206613, 53.589251], [10.0207083, 53.5893521]]}, "properties": {"id": 55286822, "highway": "footway", "name": "", "surface": "concrete", "foot": ""}}, {"type": "Feature", "geometry": {"type": "LineString", "coordinates": [[10.0197445, 53.5901853], [10.0197833, 53.5901762], [10.0199242, 53.5901502], [10.0200478, 53.5901059], [10.020101, 53.5900807], [10.0203367, 53.5899694], [10.0203739, 53.5899518]]}, "properties": {"id": 55286823, "highway": "footway", "name": "", "surface": "", "foot": ""}}, {"type": "Feature", "geometry": {"type": "LineString", "coordinates": [[10.0207499, 53.5906571], [10.0208918, 53.5905884], [10.0209352, 53.5905836], [10.0213147, 53.5905407], [10.0213992, 53.5905312], [10.0217181, 53.5904952], [10.0217847, 53.5904877], [10.0219764, 53.5904661]]}, "properties": {"id": 55286824, "highway": "footway", "name": "", "surface": "", "foot": ""}}, {"type": "Feature", "geometry": {"type": "LineString", "coordinates": [[10.0139674, 53.587329], [10.0141419, 53.5872479], [10.0143113, 53.5870921], [10.0145444, 53.5869445]]}, "properties": {"id": 55301789, "highway": "footway", "name": "", "surface": "compacted", "foot": ""}}, {"type": "Feature", "geometry": {"type": "LineString", "coordinates": [[10.019434, 53.5791427], [10.0193013, 53.5793499], [10.0190367, 53.5796909]]}, "properties": {"id": 55466779, "highway": "footway", "name": "", "surface": "paving_stones", "foot": ""}}, {"type": "Feature", "geometry": {"type": "LineString", "coordinates": [[10.0237907, 53.5835032], [10.0237772, 53.58352], [10.023768, 53.5835336]]}, "properties": {"id": 55466785, "highway": "footway", "name": "", "surface": "compacted", "foot": ""}}, {"type": "Feature", "geometry": {"type": "LineString", "coordinates": [[10.0234038, 53.5834864], [10.0236032, 53.5835002], [10.0236444, 53.5835042], [10.0237772, 53.58352], [10.024566, 53.5835871], [10.0245834, 53.5835888]]}, "properties": {"id": 55466786, "highway": "footway", "name": "", "surface": "compacted", "foot": ""}}, {"type": "Feature", "geometry": {"type": "LineString", "coordinates": [[10.0128124, 53.5903659], [10.0128334, 53.5903994], [10.0149902, 53.5904571], [10.0150326, 53.5906127], [10.0153974, 53.5906261]]}, "properties": {"id": 55693550, "highway": "footway", "name": "", "surface": "", "foot": ""}}, {"type": "Feature", "geometry": {"type": "LineString", "coordinates": [[10.0314221, 53.5826231], [10.0306713, 53.5826344], [10.0307452, 53.582816], [10.0307968, 53.5830211], [10.0308244, 53.5831167], [10.0308891, 53.5831812], [10.0309551, 53.5834184]]}, "properties": {"id": 55696186, "highway": "footway", "name": "", "surface": "paving_stones", "foot": "yes"}}, {"type": "Feature", "geometry": {"type": "LineString", "coordinates": [[10.0309551, 53.5834184], [10.031474, 53.5834157]]}, "properties": {"id": 55696190, "highway": "footway", "name": "", "surface": "paving_stones", "foot": "yes"}}, {"type": "Feature", "geometry": {"type": "LineString", "coordinates": [[10.0251325, 53.5912778], [10.024691, 53.5913024]]}, "properties": {"id": 56016219, "highway": "footway", "name": "", "surface": "paving_stones", "foot": "yes"}}, {"type": "Feature", "geometry": {"type": "LineString", "coordinates": [[10.030456, 53.583998], [10.0307363, 53.5839378]]}, "properties": {"id": 56046444, "highway": "footway", "name": "", "surface": "paving_stones", "foot": ""}}, {"type": "Feature", "geometry": {"type": "LineString", "coordinates": [[10.0330228, 53.582544], [10.0330602, 53.5825358], [10.0331168, 53.5825232]]}, "properties": {"id": 56046480, "highway": "path", "name": "", "surface": "asphalt", "foot": "designated"}}, {"type": "Feature", "geometry": {"type": "LineString", "coordinates": [[10.0300986, 53.5823528], [10.0313554, 53.5823034], [10.0314517, 53.5823001]]}, "properties": {"id": 58696614, "highway": "footway", "name": "", "surface": "compacted", "foot": ""}}, {"type": "Feature", "geometry": {"type": "LineString", "coordinates": [[10.0301359, 53.5836044], [10.0301631, 53.5835012], [10.0300858, 53.583328], [10.0300812, 53.5831736], [10.0300846, 53.5830897]]}, "properties": {"id": 58696616, "highway": "footway", "name": "", "surface": "compacted", "foot": "designated"}}, {"type": "Feature", "geometry": {"type": "LineString", "coordinates": [[10.0130239, 53.5775471], [10.0134518, 53.577575]]}, "properties": {"id": 60989689, "highway": "footway", "name": "", "surface": "paving_stones", "foot": "permissive"}}, {"type": "Feature", "geometry": {"type": "LineString", "coordinates": [[10.0282595, 53.584013], [10.0280968, 53.5839981]]}, "properties": {"id": 61848383, "highway": "footway", "name": "", "surface": "paving_stones", "foot": "yes"}}, {"type": "Feature", "geometry": {"type": "LineString", "coordinates": [[10.0284258, 53.584026], [10.0282595, 53.584013]]}, "properties": {"id": 61848384, "highway": "footway", "name": "", "surface": "asphalt", "foot": "yes"}}, {"type": "Feature", "geometry": {"type": "LineString", "coordinates": [[10.0056186, 53.583497], [10.0063282, 53.5836836]]}, "properties": {"id": 62031405, "highway": "footway", "name": "", "surface": "paving_stones", "foot": ""}}, {"type": "Feature", "geometry": {"type": "LineString", "coordinates": [[10.027017, 53.5816659], [10.0270092, 53.5817751], [10.0270252, 53.5818008], [10.0270895, 53.58186], [10.0271707, 53.581897], [10.0273031, 53.5819244], [10.027529, 53.5819654], [10.0275864, 53.5819961], [10.0276124, 53.5820318], [10.0276318, 53.5822532]]}, "properties": {"id": 62226860, "highway": "footway", "name": "", "surface": "paving_stones", "foot": ""}}, {"type": "Feature", "geometry": {"type": "LineString", "coordinates": [[10.0229864, 53.5822031], [10.0230863, 53.5821234], [10.0232343, 53.5820133], [10.0233146, 53.5817963]]}, "properties": {"id": 64689983, "highway": "footway", "name": "", "surface": "paving_stones", "foot": ""}}, {"type": "Feature", "geometry": {"type": "LineString", "coordinates": [[10.0358128, 53.5836805], [10.035696, 53.5843538]]}, "properties": {"id": 65620405, "highway": "footway", "name": "", "surface": "", "foot": ""}}, {"type": "Feature", "geometry": {"type": "LineString", "coordinates": [[10.0066328, 53.5891485], [10.0070706, 53.5892272], [10.007234, 53.5892831], [10.0072971, 53.5894033]]}, "properties": {"id": 70463798, "highway": "footway", "name": "", "surface": "dirt", "foot": ""}}, {"type": "Feature", "geometry": {"type": "LineString", "coordinates": [[10.0066192, 53.5891208], [10.0066744, 53.5890857], [10.0073596, 53.5890869], [10.0073603, 53.5894054]]}, "properties": {"id": 70463801, "highway": "footway", "name": "", "surface": "concrete", "foot": ""}}, {"type": "Feature", "geometry": {"type": "LineString", "coordinates": [[10.0111563, 53.5890414], [10.0107505, 53.5894157], [10.0106222, 53.5895341], [10.010583, 53.5895702], [10.0105534, 53.5896108], [10.0097821, 53.5903304], [10.0097689, 53.5903658], [10.0098164, 53.5903828], [10.0110071, 53.5904137]]}, "properties": {"id": 70463802, "highway": "footway", "name": "", "surface": "paving_stones", "foot": ""}}, {"type": "Feature", "geometry": {"type": "LineString", "coordinates": [[10.0014675, 53.5932125], [10.0022275, 53.593256]]}, "properties": {"id": 75134341, "highway": "footway", "name": "", "surface": "", "foot": ""}}, {"type": "Feature", "geometry": {"type": "LineString", "coordinates": [[10.0175828, 53.5804533], [10.0176127, 53.5804532], [10.0176327, 53.5804611], [10.0176508, 53.5804866], [10.0176451, 53.5805143], [10.017706, 53.5805444]]}, "properties": {"id": 77302968, "highway": "path", "name": "", "surface": "compacted", "foot": "yes"}}, {"type": "Feature", "geometry": {"type": "LineString", "coordinates": [[10.0176072, 53.5804351], [10.0176269, 53.5803934], [10.0176907, 53.5803713], [10.0177893, 53.5803332], [10.0178416, 53.5802941]]}, "properties": {"id": 77302970, "highway": "path", "name": "", "surface": "compacted", "foot": "yes"}}, {"type": "Feature", "geometry": {"type": "LineString", "coordinates": [[10.0176072, 53.5804351], [10.0175828, 53.5804533], [10.0175385, 53.5804768], [10.0175112, 53.5804869], [10.0174794, 53.5805215], [10.0174208, 53.5805789], [10.017359, 53.5806114], [10.0172415, 53.5806893], [10.0171371, 53.5807222], [10.0170932, 53.5807561], [10.0170236, 53.5807818], [10.0169353, 53.5807765], [10.0168838, 53.5807616], [10.016759, 53.5807248], [10.0166636, 53.580697], [10.0165254, 53.5806445]]}, "properties": {"id": 77302974, "highway": "path", "name": "", "surface": "compacted", "foot": "yes"}}, {"type": "Feature", "geometry": {"type": "LineString", "coordinates": [[10.0086366, 53.5894295], [10.0086299, 53.5898267], [10.0092483, 53.5898582]]}, "properties": {"id": 79242011, "highway": "footway", "name": "", "surface": "dirt", "foot": ""}}, {"type": "Feature", "geometry": {"type": "LineString", "coordinates": [[10.0055879, 53.5897865], [10.0056886, 53.5897794], [10.0059733, 53.589789], [10.0060196, 53.5897893]]}, "properties": {"id": 79242072, "highway": "footway", "name": "", "surface": "asphalt", "foot": ""}}, {"type": "Feature", "geometry": {"type": "LineString", "coordinates": [[10.0153753, 53.590788], [10.0153451, 53.5907876]]}, "properties": {"id": 79294140, "highway": "footway", "name": "", "surface": "concrete", "foot": ""}}, {"type": "Feature", "geometry": {"type": "LineString", "coordinates": [[10.0093961, 53.5883038], [10.0092204, 53.5883841], [10.0090999, 53.5884569], [10.0089453, 53.5886682], [10.0089109, 53.5887584], [10.0088906, 53.5888665], [10.0076763, 53.5888431], [10.0075138, 53.5888313], [10.0074797, 53.58882], [10.007336, 53.5887709]]}, "properties": {"id": 79382735, "highway": "footway", "name": "", "surface": "", "foot": ""}}, {"type": "Feature", "geometry": {"type": "LineString", "coordinates": [[10.0093961, 53.5883038], [10.0091323, 53.5881502], [10.0091553, 53.5881318]]}, "properties": {"id": 79382760, "highway": "footway", "name": "", "surface": "", "foot": ""}}, {"type": "Feature", "geometry": {"type": "LineString", "coordinates": [[10.0345574, 53.5751499], [10.0345735, 53.5751603], [10.0346623, 53.5752177], [10.0347178, 53.5752535]]}, "properties": {"id": 96475798, "highway": "footway", "name": "", "surface": "paving_stones", "foot": ""}}, {"type": "Feature", "geometry": {"type": "LineString", "coordinates": [[10.035842, 53.5749775], [10.0359462, 53.5750911], [10.0360823, 53.5751804], [10.0362024, 53.5752588], [10.0362669, 53.575303]]}, "properties": {"id": 96475799, "highway": "path", "name": "", "surface": "", "foot": "yes"}}, {"type": "Feature", "geometry": {"type": "LineString", "coordinates": [[10.0352236, 53.5753439], [10.035263, 53.5753664], [10.0357262, 53.5756305]]}, "properties": {"id": 97282148, "highway": "footway", "name": "", "surface": "paving_stones", "foot": ""}}, {"type": "Feature", "geometry": {"type": "LineString", "coordinates": [[10.0396558, 53.5783917], [10.0394855, 53.5784223]]}, "properties": {"id": 97766339, "highway": "footway", "name": "", "surface": "asphalt", "foot": ""}}, {"type": "Feature", "geometry": {"type": "LineString", "coordinates": [[10.0394855, 53.5784223], [10.0394657, 53.5784746], [10.0393374, 53.5785062], [10.039165, 53.5785456], [10.0389334, 53.5786034]]}, "properties": {"id": 97766373, "highway": "footway", "name": "", "surface": "paving_stones", "foot": ""}}, {"type": "Feature", "geometry": {"type": "LineString", "coordinates": [[10.0024989, 53.5928228], [10.0023111, 53.5929186], [10.0014605, 53.5929525], [10.0011691, 53.59298]]}, "properties": {"id": 100495301, "highway": "footway", "name": "", "surface": "paving_stones", "foot": ""}}, {"type": "Feature", "geometry": {"type": "LineString", "coordinates": [[10.0035979, 53.5944489], [10.0036457, 53.5941905], [10.0037141, 53.5941161]]}, "properties": {"id": 100611158, "highway": "footway", "name": "", "surface": "", "foot": ""}}, {"type": "Feature", "geometry": {"type": "LineString", "coordinates": [[10.0014405, 53.5949994], [10.0024875, 53.5951208]]}, "properties": {"id": 100611172, "highway": "footway", "name": "", "surface": "", "foot": ""}}, {"type": "Feature", "geometry": {"type": "LineString", "coordinates": [[10.0028581, 53.5941047], [10.0036457, 53.5941905]]}, "properties": {"id": 100611210, "highway": "footway", "name": "", "surface": "", "foot": ""}}, {"type": "Feature", "geometry": {"type": "LineString", "coordinates": [[10.0026956, 53.5945493], [10.0024299, 53.5945213], [10.0023438, 53.594443], [10.0019762, 53.5944053]]}, "properties": {"id": 100611222, "highway": "footway", "name": "", "surface": "", "foot": ""}}, {"type": "Feature", "geometry": {"type": "LineString", "coordinates": [[10.0030791, 53.5935558], [10.0039603, 53.5936691], [10.0040644, 53.5936818], [10.0040556, 53.5936586]]}, "properties": {"id": 100611252, "highway": "footway", "name": "", "surface": "", "foot": ""}}, {"type": "Feature", "geometry": {"type": "LineString", "coordinates": [[10.0031302, 53.5933986], [10.004105, 53.5935136]]}, "properties": {"id": 100611262, "highway": "footway", "name": "", "surface": "", "foot": ""}}, {"type": "Feature", "geometry": {"type": "LineString", "coordinates": [[10.0378531, 53.5771194], [10.0379838, 53.5770834]]}, "properties": {"id": 107633780, "highway": "footway", "name": "", "surface": "asphalt", "foot": ""}}, {"type": "Feature", "geometry": {"type": "LineString", "coordinates": [[10.0382346, 53.5776781], [10.0383794, 53.5776421]]}, "properties": {"id": 107633791, "highway": "footway", "name": "", "surface": "asphalt", "foot": ""}}, {"type": "Feature", "geometry": {"type": "LineString", "coordinates": [[10.0379838, 53.5770834], [10.038138, 53.5770263]]}, "properties": {"id": 107633792, "highway": "footway", "name": "", "surface": "paving_stones", "foot": ""}}, {"type": "Feature", "geometry": {"type": "LineString", "coordinates": [[10.0383794, 53.5776421], [10.0385419, 53.577604]]}, "properties": {"id": 107633800, "highway": "footway", "name": "", "surface": "paving_stones", "foot": ""}}, {"type": "Feature", "geometry": {"type": "LineString", "coordinates": [[10.0192999, 53.5749762], [10.0192328, 53.5752274]]}, "properties": {"id": 110884595, "highway": "footway", "name": "", "surface": "paving_stones", "foot": ""}}, {"type": "Feature", "geometry": {"type": "LineString", "coordinates": [[10.0166379, 53.5767526], [10.0166184, 53.5768174], [10.0164819, 53.5772464]]}, "properties": {"id": 111406588, "highway": "footway", "name": "", "surface": "", "foot": ""}}, {"type": "Feature", "geometry": {"type": "LineString", "coordinates": [[10.0170585, 53.5768008], [10.0169144, 53.5772532]]}, "properties": {"id": 111406593, "highway": "footway", "name": "", "surface": "", "foot": ""}}, {"type": "Feature", "geometry": {"type": "LineString", "coordinates": [[10.0134665, 53.5788691], [10.0134232, 53.5788871], [10.0133866, 53.5789023], [10.013322, 53.5789272], [10.0132779, 53.5789854], [10.0132762, 53.5790061], [10.0133294, 53.579051]]}, "properties": {"id": 112148810, "highway": "path", "name": "", "surface": "metal", "foot": ""}}, {"type": "Feature", "geometry": {"type": "LineString", "coordinates": [[10.0406991, 53.5758996], [10.0398334, 53.5760214]]}, "properties": {"id": 118088204, "highway": "footway", "name": "", "surface": "paving_stones", "foot": ""}}, {"type": "Feature", "geometry": {"type": "LineString", "coordinates": [[10.0262922, 53.5835273], [10.0263377, 53.5834688], [10.0262284, 53.5833244], [10.0261626, 53.5832206], [10.0261398, 53.5831519], [10.0261387, 53.583101], [10.0261475, 53.5830443], [10.0261932, 53.5829472], [10.0262138, 53.5828378], [10.026229, 53.5827428], [10.026233, 53.5825711], [10.0262337, 53.5824576], [10.0262341, 53.5824075], [10.026223, 53.5823279], [10.0261886, 53.5822584], [10.0261297, 53.5822112], [10.0258832, 53.5820851]]}, "properties": {"id": 118847368, "highway": "footway", "name": "", "surface": "paving_stones", "foot": ""}}, {"type": "Feature", "geometry": {"type": "LineString", "coordinates": [[10.0254169, 53.581757], [10.025467, 53.5817532], [10.0255178, 53.5817679], [10.0255766, 53.581799], [10.0255752, 53.5818725], [10.0255817, 53.5819031], [10.0256059, 53.5819192], [10.0256638, 53.5819435], [10.0257217, 53.581963], [10.0257565, 53.5819859], [10.0257708, 53.5820041], [10.0257799, 53.5820211], [10.0257525, 53.5820521], [10.0257144, 53.5820813], [10.0256564, 53.5821081], [10.025609, 53.5821181]]}, "properties": {"id": 118847369, "highway": "footway", "name": "", "surface": "asphalt", "foot": ""}}, {"type": "Feature", "geometry": {"type": "LineString", "coordinates": [[10.0259676, 53.5814229], [10.025574, 53.5814223], [10.0255727, 53.5813518], [10.0259668, 53.5813523]]}, "properties": {"id": 118847371, "highway": "footway", "name": "", "surface": "paving_stones", "foot": ""}}, {"type": "Feature", "geometry": {"type": "LineString", "coordinates": [[10.0241594, 53.5827732], [10.025106, 53.5826328], [10.0256031, 53.5825602], [10.0260811, 53.5824842]]}, "properties": {"id": 118847374, "highway": "footway", "name": "", "surface": "paving_stones", "foot": ""}}, {"type": "Feature", "geometry": {"type": "LineString", "coordinates": [[10.0266878, 53.5816633], [10.0259585, 53.5816626], [10.0253251, 53.5816593], [10.0252057, 53.5816288], [10.0250845, 53.5815965]]}, "properties": {"id": 118847375, "highway": "footway", "name": "", "surface": "asphalt", "foot": ""}}, {"type": "Feature", "geometry": {"type": "LineString", "coordinates": [[10.0259732, 53.5811518], [10.0257162, 53.5811514], [10.0257165, 53.5810882], [10.0259742, 53.5810885]]}, "properties": {"id": 118847377, "highway": "footway", "name": "", "surface": "paving_stones", "foot": ""}}, {"type": "Feature", "geometry": {"type": "LineString", "coordinates": [[10.025609, 53.5821181], [10.0255669, 53.5821125], [10.0255236, 53.5820949], [10.0254549, 53.5820214], [10.0253993, 53.5820093], [10.0253282, 53.5820073], [10.0252841, 53.5819972], [10.0252541, 53.5819785], [10.0252383, 53.5819448], [10.0252424, 53.581915], [10.0252683, 53.5818892], [10.0253092, 53.5818258], [10.0253226, 53.5818067]]}, "properties": {"id": 118847378, "highway": "footway", "name": "", "surface": "asphalt", "foot": ""}}, {"type": "Feature", "geometry": {"type": "LineString", "coordinates": [[10.0253251, 53.5816593], [10.0253131, 53.5816919], [10.0252516, 53.581759], [10.0252364, 53.5817787]]}, "properties": {"id": 118847380, "highway": "footway", "name": "", "surface": "asphalt", "foot": ""}}, {"type": "Feature", "geometry": {"type": "LineString", "coordinates": [[10.0259205, 53.5819999], [10.0258706, 53.5820096], [10.0258372, 53.5820172], [10.0257799, 53.5820211]]}, "properties": {"id": 118847381, "highway": "footway", "name": "", "surface": "asphalt", "foot": ""}}, {"type": "Feature", "geometry": {"type": "LineString", "coordinates": [[10.0259659, 53.5807403], [10.0259742, 53.5810885], [10.0259732, 53.5811518], [10.0259668, 53.5813523], [10.0259676, 53.5814229], [10.0259585, 53.5816626], [10.0259569, 53.5817153], [10.0259537, 53.5817634], [10.0259517, 53.5817923], [10.0259391, 53.5819128], [10.0259205, 53.5819999], [10.0259122, 53.5820189], [10.0258832, 53.5820851], [10.0256031, 53.5825602], [10.0252244, 53.58318]]}, "properties": {"id": 118847382, "highway": "footway", "name": "", "surface": "asphalt", "foot": ""}}, {"type": "Feature", "geometry": {"type": "LineString", "coordinates": [[10.025609, 53.5821181], [10.0255808, 53.5821557], [10.0255715, 53.5821898], [10.0255843, 53.5822244], [10.0255944, 53.5822588], [10.0255796, 53.5822877], [10.0255141, 53.5823089], [10.0254553, 53.5823264], [10.0254008, 53.5823665], [10.0253648, 53.5824158], [10.0253344, 53.5824826], [10.0252886, 53.5825427], [10.0252484, 53.5825638], [10.0251792, 53.5825747], [10.0251494, 53.5825756], [10.0250791, 53.5825772], [10.0250169, 53.5825678], [10.0249557, 53.5825427], [10.0249127, 53.5825107], [10.0248912, 53.5824811], [10.0249085, 53.5824467], [10.024945, 53.5824122], [10.0249873, 53.5823626], [10.0250291, 53.5822994], [10.0250819, 53.5822351], [10.0251524, 53.582171], [10.0252147, 53.5821322], [10.0252703, 53.5820837], [10.0253282, 53.5820073]]}, "properties": {"id": 118850049, "highway": "footway", "name": "", "surface": "asphalt", "foot": ""}}, {"type": "Feature", "geometry": {"type": "LineString", "coordinates": [[10.0255766, 53.581799], [10.025594, 53.5818152], [10.0257353, 53.5818112], [10.0259517, 53.5817923]]}, "properties": {"id": 118850051, "highway": "footway", "name": "", "surface": "asphalt", "foot": ""}}, {"type": "Feature", "geometry": {"type": "LineString", "coordinates": [[10.0399212, 53.583223], [10.0399857, 53.5834222], [10.0400898, 53.5834684], [10.0406128, 53.5834247], [10.0405086, 53.5831738]]}, "properties": {"id": 119101516, "highway": "footway", "name": "", "surface": "paving_stones", "foot": ""}}, {"type": "Feature", "geometry": {"type": "LineString", "coordinates": [[10.0383574, 53.582045], [10.0385057, 53.5820188]]}, "properties": {"id": 119940744, "highway": "footway", "name": "", "surface": "paving_stones", "foot": ""}}, {"type": "Feature", "geometry": {"type": "LineString", "coordinates": [[10.0400365, 53.5820711], [10.0397621, 53.5820986], [10.0396414, 53.5821003], [10.039613, 53.5820888], [10.0393837, 53.5816147]]}, "properties": {"id": 119940752, "highway": "footway", "name": "", "surface": "paving_stones", "foot": ""}}, {"type": "Feature", "geometry": {"type": "LineString", "coordinates": [[10.0380795, 53.5824444], [10.0383673, 53.5824162], [10.0384258, 53.5824036], [10.0384541, 53.5823789], [10.0383574, 53.582045], [10.0382313, 53.5818394]]}, "properties": {"id": 119940755, "highway": "footway", "name": "", "surface": "paving_stones", "foot": ""}}, {"type": "Feature", "geometry": {"type": "LineString", "coordinates": [[10.0310136, 53.5880245], [10.0312439, 53.5870567], [10.0313268, 53.5866693]]}, "properties": {"id": 120233322, "highway": "footway", "name": "", "surface": "paving_stones", "foot": ""}}, {"type": "Feature", "geometry": {"type": "LineString", "coordinates": [[10.031664, 53.5868431], [10.0317715, 53.5868756], [10.0315221, 53.5879631]]}, "properties": {"id": 120233324, "highway": "footway", "name": "", "surface": "paving_stones", "foot": ""}}, {"type": "Feature", "geometry": {"type": "LineString", "coordinates": [[10.0280647, 53.5847069], [10.0279396, 53.5846701], [10.0279646, 53.5845998], [10.0279005, 53.5845047], [10.0278784, 53.5844896], [10.0278432, 53.5844654], [10.0275164, 53.5843741]]}, "properties": {"id": 120290278, "highway": "footway", "name": "", "surface": "paving_stones", "foot": ""}}, {"type": "Feature", "geometry": {"type": "LineString", "coordinates": [[10.0002021, 53.5777422], [10.0002854, 53.5777606]]}, "properties": {"id": 120439508, "highway": "footway", "name": "", "surface": "paving_stones", "foot": ""}}, {"type": "Feature", "geometry": {"type": "LineString", "coordinates": [[10.0197505, 53.5750106], [10.0198147, 53.5750738], [10.0198474, 53.5751812], [10.0193552, 53.575589]]}, "properties": {"id": 123789333, "highway": "footway", "name": "", "surface": "paving_stones", "foot": ""}}, {"type": "Feature", "geometry": {"type": "LineString", "coordinates": [[10.0326304, 53.5932795], [10.0328291, 53.5933135], [10.0329335, 53.5933183], [10.0331869, 53.5933353]]}, "properties": {"id": 126563410, "highway": "path", "name": "", "surface": "compacted", "foot": ""}}, {"type": "Feature", "geometry": {"type": "LineString", "coordinates": [[10.0300212, 53.5921475], [10.0301732, 53.592115]]}, "properties": {"id": 126724204, "highway": "footway", "name": "", "surface": "compacted", "foot": ""}}, {"type": "Feature", "geometry": {"type": "LineString", "coordinates": [[10.030207, 53.5921065], [10.0304211, 53.5920572]]}, "properties": {"id": 126724205, "highway": "footway", "name": "", "surface": "compacted", "foot": "yes"}}, {"type": "Feature", "geometry": {"type": "LineString", "coordinates": [[10.0299147, 53.5919982], [10.0300684, 53.5919661]]}, "properties": {"id": 126724206, "highway": "footway", "name": "", "surface": "compacted", "foot": ""}}, {"type": "Feature", "geometry": {"type": "LineString", "coordinates": [[10.0299147, 53.5919982], [10.0299902, 53.5919149], [10.029907, 53.5917881], [10.0298419, 53.5917551], [10.0297327, 53.5917532], [10.0294291, 53.5918324]]}, "properties": {"id": 126724208, "highway": "footway", "name": "", "surface": "compacted", "foot": ""}}, {"type": "Feature", "geometry": {"type": "LineString", "coordinates": [[10.0275499, 53.5937109], [10.0278734, 53.5941842], [10.0280573, 53.5944368], [10.0282916, 53.5947729], [10.0284252, 53.5949637], [10.0284574, 53.5949996]]}, "properties": {"id": 126726956, "highway": "footway", "name": "", "surface": "compacted", "foot": "yes"}}, {"type": "Feature", "geometry": {"type": "LineString", "coordinates": [[10.0281048, 53.591849], [10.0284626, 53.5917594]]}, "properties": {"id": 127246364, "highway": "footway", "name": "", "surface": "paving_stones", "foot": ""}}, {"type": "Feature", "geometry": {"type": "LineString", "coordinates": [[10.0053636, 53.5917285], [10.0050741, 53.591274], [10.004892, 53.5909815], [10.0049549, 53.5909556]]}, "properties": {"id": 132045902, "highway": "footway", "name": "", "surface": "paving_stones", "foot": ""}}, {"type": "Feature", "geometry": {"type": "LineString", "coordinates": [[10.0038733, 53.5888463], [10.0037486, 53.5888019]]}, "properties": {"id": 132151745, "highway": "footway", "name": "", "surface": "paving_stones", "foot": ""}}, {"type": "Feature", "geometry": {"type": "LineString", "coordinates": [[10.0035066, 53.5919571], [10.0034914, 53.5918708], [10.0033698, 53.5916092]]}, "properties": {"id": 132464451, "highway": "footway", "name": "", "surface": "concrete", "foot": ""}}, {"type": "Feature", "geometry": {"type": "LineString", "coordinates": [[10.0142686, 53.5899474], [10.0141716, 53.5898872], [10.0141018, 53.5897852]]}, "properties": {"id": 133522911, "highway": "footway", "name": "", "surface": "paving_stones", "foot": ""}}, {"type": "Feature", "geometry": {"type": "LineString", "coordinates": [[10.0128036, 53.5902587], [10.0128124, 53.5903659]]}, "properties": {"id": 133522912, "highway": "footway", "name": "", "surface": "asphalt", "foot": ""}}, {"type": "Feature", "geometry": {"type": "LineString", "coordinates": [[10.0153909, 53.590125], [10.0153924, 53.5900931], [10.0153935, 53.5900686]]}, "properties": {"id": 133522915, "highway": "footway", "name": "", "surface": "asphalt", "foot": ""}}, {"type": "Feature", "geometry": {"type": "LineString", "coordinates": [[10.0000952, 53.5945425], [10.000041, 53.5945562], [9.9999663, 53.5945751], [9.9999317, 53.5945839]]}, "properties": {"id": 135629055, "highway": "path", "name": "", "surface": "asphalt", "foot": "designated"}}, {"type": "Feature", "geometry": {"type": "LineString", "coordinates": [[10.0341003, 53.5825723], [10.0341796, 53.5823723]]}, "properties": {"id": 136883854, "highway": "footway", "name": "", "surface": "paving_stones", "foot": ""}}, {"type": "Feature", "geometry": {"type": "LineString", "coordinates": [[9.9997095, 53.5764877], [9.9998567, 53.57651], [10.0000261, 53.5765136]]}, "properties": {"id": 136964934, "highway": "footway", "name": "", "surface": "paving_stones", "foot": ""}}, {"type": "Feature", "geometry": {"type": "LineString", "coordinates": [[10.0002083, 53.5801745], [10.000072, 53.5802836], [10.0001033, 53.5803509], [10.0001154, 53.5804117], [10.0001173, 53.5804464]]}, "properties": {"id": 136964935, "highway": "footway", "name": "", "surface": "paving_stones", "foot": ""}}, {"type": "Feature", "geometry": {"type": "LineString", "coordinates": [[10.0000165, 53.5767621], [10.0000363, 53.5766937], [10.000037, 53.5766561], [10.0000261, 53.5765136], [9.9999523, 53.5763136], [9.9999171, 53.5760149], [9.9998031, 53.575346], [9.9998014, 53.5750522], [9.9997804, 53.5745686], [9.9998263, 53.5742339], [10.0000027, 53.5734208], [10.0000186, 53.5733757], [10.0001535, 53.5729467], [10.0002686, 53.5725672], [10.0003106, 53.5724076]]}, "properties": {"id": 137247335, "highway": "footway", "name": "", "surface": "gravel", "foot": ""}}, {"type": "Feature", "geometry": {"type": "LineString", "coordinates": [[10.0309875, 53.5961361], [10.0309388, 53.5959298], [10.0306763, 53.5953526], [10.0305537, 53.5951544], [10.0302314, 53.5946803], [10.029858, 53.594154], [10.029782, 53.5940407]]}, "properties": {"id": 144956143, "highway": "footway", "name": "", "surface": "compacted", "foot": ""}}, {"type": "Feature", "geometry": {"type": "LineString", "coordinates": [[10.0287255, 53.5932338], [10.0294381, 53.5942583], [10.029858, 53.594154], [10.030289, 53.5940469], [10.0303896, 53.593913]]}, "properties": {"id": 144956146, "highway": "footway", "name": "", "surface": "compacted", "foot": "yes"}}, {"type": "Feature", "geometry": {"type": "LineString", "coordinates": [[10.0314336, 53.5949469], [10.0311675, 53.5950145], [10.0305537, 53.5951544], [10.0301837, 53.5951861], [10.0298787, 53.5951978], [10.0297059, 53.5952074], [10.0294196, 53.5952638], [10.0287622, 53.5954279], [10.0276976, 53.5956974], [10.0273395, 53.5957864], [10.0270986, 53.5958418], [10.0267514, 53.5959248], [10.0267371, 53.5959286], [10.0263776, 53.596018]]}, "properties": {"id": 144956147, "highway": "footway", "name": "", "surface": "compacted", "foot": "yes"}}, {"type": "Feature", "geometry": {"type": "LineString", "coordinates": [[10.0273568, 53.5934875], [10.0274088, 53.5935672], [10.0275166, 53.5935927]]}, "properties": {"id": 144956152, "highway": "footway", "name": "", "surface": "compacted", "foot": "yes"}}, {"type": "Feature", "geometry": {"type": "LineString", "coordinates": [[10.0164446, 53.5881666], [10.0166399, 53.5882421], [10.0172289, 53.5884489], [10.0173873, 53.5885122], [10.01744, 53.5885288]]}, "properties": {"id": 144956155, "highway": "footway", "name": "", "surface": "paving_stones", "foot": ""}}, {"type": "Feature", "geometry": {"type": "LineString", "coordinates": [[10.0285886, 53.5951938], [10.0285504, 53.5951997], [10.0285058, 53.5952], [10.0284625, 53.5951935], [10.0284235, 53.5951807], [10.0283911, 53.5951625], [10.0283663, 53.5951386], [10.0283542, 53.5951137], [10.0283528, 53.5950863], [10.0283636, 53.5950596], [10.0283859, 53.5950356], [10.0284074, 53.5950213], [10.0284574, 53.5949996], [10.028496, 53.5949949], [10.028536, 53.5949934], [10.0285756, 53.5949975], [10.0286125, 53.5950067], [10.028645, 53.5950207], [10.0286712, 53.5950387], [10.0286883, 53.595058], [10.0287003, 53.5950857], [10.0286994, 53.5951123], [10.0286872, 53.5951379], [10.0286643, 53.5951608], [10.0286324, 53.5951795], [10.0285886, 53.5951938]]}, "properties": {"id": 144956157, "highway": "footway", "name": "", "surface": "compacted", "foot": ""}}, {"type": "Feature", "geometry": {"type": "LineString", "coordinates": [[10.0148401, 53.5940664], [10.0143465, 53.5940206], [10.0141306, 53.5940008], [10.0140716, 53.5939841]]}, "properties": {"id": 144956159, "highway": "footway", "name": "", "surface": "compacted", "foot": ""}}, {"type": "Feature", "geometry": {"type": "LineString", "coordinates": [[10.0275499, 53.5937109], [10.027538, 53.5936836], [10.0275181, 53.5936384], [10.0275166, 53.5935927], [10.0275692, 53.5935423], [10.0277586, 53.5934764], [10.0287255, 53.5932338], [10.0289654, 53.5931731]]}, "properties": {"id": 144956160, "highway": "footway", "name": "", "surface": "compacted", "foot": "yes"}}, {"type": "Feature", "geometry": {"type": "LineString", "coordinates": [[10.0199278, 53.592453], [10.0186222, 53.5927736], [10.0184249, 53.5928221], [10.0177552, 53.5929769], [10.0170942, 53.5931112]]}, "properties": {"id": 144956162, "highway": "footway", "name": "", "surface": "compacted", "foot": ""}}, {"type": "Feature", "geometry": {"type": "LineString", "coordinates": [[10.0277855, 53.5943463], [10.0276247, 53.5944399], [10.0274114, 53.5945134], [10.0271668, 53.5945624]]}, "properties": {"id": 144956163, "highway": "footway", "name": "", "surface": "compacted", "foot": "yes"}}, {"type": "Feature", "geometry": {"type": "LineString", "coordinates": [[10.0183648, 53.5890611], [10.0185148, 53.5890148], [10.0186406, 53.5888297], [10.018194, 53.5886028], [10.0180122, 53.5885105], [10.0177085, 53.5886345]]}, "properties": {"id": 144956164, "highway": "path", "name": "", "surface": "compacted", "foot": "yes"}}, {"type": "Feature", "geometry": {"type": "LineString", "coordinates": [[10.01744, 53.5885288], [10.0175317, 53.5885645], [10.0177085, 53.5886345], [10.0178375, 53.5887808], [10.0183648, 53.5890611], [10.0186042, 53.589507]]}, "properties": {"id": 144956167, "highway": "footway", "name": "", "surface": "compacted", "foot": ""}}, {"type": "Feature", "geometry": {"type": "LineString", "coordinates": [[10.0219118, 53.5915824], [10.02189, 53.5915178], [10.0217702, 53.5914933], [10.0209865, 53.5910374], [10.0209196, 53.590991], [10.0208806, 53.5908124], [10.0208275, 53.5906955]]}, "properties": {"id": 144956171, "highway": "footway", "name": "Wiesenstieg", "surface": "paving_stones", "foot": "designated"}}, {"type": "Feature", "geometry": {"type": "LineString", "coordinates": [[10.0281054, 53.5840927], [10.0280968, 53.5839981], [10.0280937, 53.5839539]]}, "properties": {"id": 145893948, "highway": "footway", "name": "Großheidesteg", "surface": "paving_stones", "foot": "designated"}}, {"type": "Feature", "geometry": {"type": "LineString", "coordinates": [[10.0301351, 53.5840664], [10.03018, 53.5840812], [10.0303431, 53.5841349], [10.0306166, 53.584225], [10.0336006, 53.5845862]]}, "properties": {"id": 145893961, "highway": "footway", "name": "", "surface": "paving_stones", "foot": "designated"}}, {"type": "Feature", "geometry": {"type": "LineString", "coordinates": [[10.0202609, 53.5816803], [10.0201913, 53.5816501], [10.020012, 53.5816184]]}, "properties": {"id": 145893963, "highway": "footway", "name": "", "surface": "paving_stones", "foot": "yes"}}, {"type": "Feature", "geometry": {"type": "LineString", "coordinates": [[10.0301355, 53.5829452], [10.0302171, 53.5828316]]}, "properties": {"id": 145893965, "highway": "footway", "name": "", "surface": "compacted", "foot": "yes"}}, {"type": "Feature", "geometry": {"type": "LineString", "coordinates": [[10.0301351, 53.5840664], [10.0300208, 53.5840359], [10.0286646, 53.5840376], [10.0284258, 53.584026]]}, "properties": {"id": 145893966, "highway": "footway", "name": "", "surface": "compacted", "foot": "designated"}}, {"type": "Feature", "geometry": {"type": "LineString", "coordinates": [[10.0280968, 53.5839981], [10.0274156, 53.5838746], [10.026686, 53.5837113], [10.0262503, 53.5835623], [10.0255611, 53.583335], [10.025202, 53.5832166], [10.0250638, 53.5831719], [10.0217623, 53.5821038]]}, "properties": {"id": 145893967, "highway": "footway", "name": "", "surface": "ground", "foot": "yes"}}, {"type": "Feature", "geometry": {"type": "LineString", "coordinates": [[10.031601, 53.5827774], [10.0314313, 53.582803], [10.0307452, 53.582816], [10.0303732, 53.5828163], [10.0302138, 53.5828167]]}, "properties": {"id": 145893968, "highway": "footway", "name": "", "surface": "paving_stones", "foot": "yes"}}, {"type": "Feature", "geometry": {"type": "LineString", "coordinates": [[10.0204963, 53.5817249], [10.0204124, 53.5817663], [10.020323, 53.5818255], [10.0202109, 53.5818246], [10.0201902, 53.5819064]]}, "properties": {"id": 145893970, "highway": "footway", "name": "", "surface": "concrete", "foot": "yes"}}, {"type": "Feature", "geometry": {"type": "LineString", "coordinates": [[10.038586, 53.5854248], [10.0385203, 53.5851036]]}, "properties": {"id": 147233407, "highway": "footway", "name": "Käthnerortbrücke", "surface": "asphalt", "foot": "yes"}}, {"type": "Feature", "geometry": {"type": "LineString", "coordinates": [[10.037748, 53.5861095], [10.0377038, 53.5859373], [10.0376342, 53.5859205]]}, "properties": {"id": 147233426, "highway": "footway", "name": "", "surface": "paving_stones", "foot": ""}}, {"type": "Feature", "geometry": {"type": "LineString", "coordinates": [[10.0363085, 53.5876095], [10.0368847, 53.5875415], [10.0375084, 53.5874696], [10.0390425, 53.5872958], [10.039084, 53.587291], [10.0392355, 53.5872733], [10.0407129, 53.5871036], [10.0408415, 53.5870938], [10.0409688, 53.5870884], [10.0410943, 53.5870871], [10.0412254, 53.5870889]]}, "properties": {"id": 147233427, "highway": "footway", "name": "", "surface": "dirt", "foot": "yes"}}, {"type": "Feature", "geometry": {"type": "LineString", "coordinates": [[10.0386832, 53.5855233], [10.0386064, 53.5854853], [10.038586, 53.5854248]]}, "properties": {"id": 147233432, "highway": "footway", "name": "", "surface": "paving_stones", "foot": "yes"}}, {"type": "Feature", "geometry": {"type": "LineString", "coordinates": [[10.0366999, 53.5864218], [10.0366451, 53.5864307], [10.0363527, 53.5864585], [10.036411, 53.5866773], [10.0365373, 53.5871517], [10.036623, 53.5874731]]}, "properties": {"id": 147233433, "highway": "footway", "name": "", "surface": "paving_stones", "foot": "yes"}}, {"type": "Feature", "geometry": {"type": "LineString", "coordinates": [[10.0363533, 53.5846712], [10.036339, 53.5847573]]}, "properties": {"id": 147233434, "highway": "footway", "name": "", "surface": "compacted", "foot": "designated"}}, {"type": "Feature", "geometry": {"type": "LineString", "coordinates": [[10.0385203, 53.5851036], [10.038504, 53.585016], [10.0384629, 53.5848228]]}, "properties": {"id": 147233435, "highway": "footway", "name": "", "surface": "paving_stones", "foot": "yes"}}, {"type": "Feature", "geometry": {"type": "LineString", "coordinates": [[10.039083, 53.5847376], [10.0391856, 53.5848358], [10.0393281, 53.5849181], [10.03959, 53.5851069], [10.0396285, 53.5851275], [10.0396817, 53.5851421], [10.0399614, 53.585188], [10.0400501, 53.5851923], [10.0405093, 53.5851733], [10.0408515, 53.5851495], [10.0411352, 53.5851164], [10.0412013, 53.5851017], [10.0412487, 53.5850798], [10.0416214, 53.5848295], [10.0416527, 53.584799]]}, "properties": {"id": 147233441, "highway": "path", "name": "", "surface": "asphalt", "foot": "yes"}}, {"type": "Feature", "geometry": {"type": "LineString", "coordinates": [[10.0344055, 53.5870141], [10.0344821, 53.5864937], [10.0344968, 53.5863939]]}, "properties": {"id": 147278953, "highway": "footway", "name": "", "surface": "paving_stones", "foot": "yes"}}, {"type": "Feature", "geometry": {"type": "LineString", "coordinates": [[10.0353624, 53.5864259], [10.0344968, 53.5863939]]}, "properties": {"id": 147279014, "highway": "footway", "name": "", "surface": "paving_stones", "foot": "yes"}}, {"type": "Feature", "geometry": {"type": "LineString", "coordinates": [[10.0345694, 53.5857665], [10.0349153, 53.5857933], [10.0354342, 53.5858336]]}, "properties": {"id": 147279016, "highway": "footway", "name": "", "surface": "paving_stones", "foot": "yes"}}, {"type": "Feature", "geometry": {"type": "LineString", "coordinates": [[10.0344968, 53.5863939], [10.0345694, 53.5857665], [10.0346403, 53.5851896], [10.0346371, 53.5851473]]}, "properties": {"id": 147279023, "highway": "path", "name": "", "surface": "paving_stones", "foot": "yes"}}, {"type": "Feature", "geometry": {"type": "LineString", "coordinates": [[10.0353624, 53.5864259], [10.0354342, 53.5858336], [10.0354528, 53.585531]]}, "properties": {"id": 147279028, "highway": "footway", "name": "", "surface": "compacted", "foot": ""}}, {"type": "Feature", "geometry": {"type": "LineString", "coordinates": [[10.0352838, 53.5870545], [10.0353624, 53.5864259]]}, "properties": {"id": 152976007, "highway": "footway", "name": "", "surface": "compacted", "foot": ""}}, {"type": "Feature", "geometry": {"type": "LineString", "coordinates": [[10.0344055, 53.5870141], [10.0352838, 53.5870545]]}, "properties": {"id": 152976010, "highway": "footway", "name": "", "surface": "paving_stones", "foot": ""}}, {"type": "Feature", "geometry": {"type": "LineString", "coordinates": [[10.033882, 53.5850091], [10.0339915, 53.5850728], [10.0340917, 53.5851001], [10.0345777, 53.5851307], [10.0346371, 53.5851473], [10.0352889, 53.5851754], [10.0354821, 53.58533], [10.0354528, 53.585531]]}, "properties": {"id": 152976017, "highway": "footway", "name": "", "surface": "dirt", "foot": ""}}, {"type": "Feature", "geometry": {"type": "LineString", "coordinates": [[10.0108669, 53.5936812], [10.0111231, 53.5936541], [10.0112145, 53.5936298], [10.0114068, 53.5935833], [10.0116572, 53.5935108], [10.0119191, 53.5933949], [10.0129487, 53.5927029], [10.0134983, 53.5923807], [10.0137453, 53.5922885], [10.0139896, 53.5922191], [10.0145102, 53.5921291], [10.0152136, 53.5920465]]}, "properties": {"id": 156298864, "highway": "footway", "name": "", "surface": "compacted", "foot": ""}}, {"type": "Feature", "geometry": {"type": "LineString", "coordinates": [[10.021917, 53.5916055], [10.0219118, 53.5915824]]}, "properties": {"id": 156298866, "highway": "footway", "name": "", "surface": "asphalt", "foot": "yes"}}, {"type": "Feature", "geometry": {"type": "LineString", "coordinates": [[10.005797, 53.5931934], [10.0060478, 53.5931774], [10.0068661, 53.5932529], [10.0074728, 53.5933088], [10.007618, 53.5933473], [10.0082003, 53.593417], [10.0085434, 53.5934798], [10.0087407, 53.5935077], [10.0105699, 53.5936768], [10.0108669, 53.5936812]]}, "properties": {"id": 156298867, "highway": "footway", "name": "", "surface": "compacted", "foot": "yes"}}, {"type": "Feature", "geometry": {"type": "LineString", "coordinates": [[10.0190548, 53.578338], [10.019283, 53.5783389]]}, "properties": {"id": 157813524, "highway": "footway", "name": "", "surface": "paving_stones", "foot": "permissive"}}, {"type": "Feature", "geometry": {"type": "LineString", "coordinates": [[10.0201673, 53.5785129], [10.0200284, 53.5784593]]}, "properties": {"id": 157813525, "highway": "footway", "name": "", "surface": "sett", "foot": ""}}, {"type": "Feature", "geometry": {"type": "LineString", "coordinates": [[10.0205094, 53.5782069], [10.020391, 53.5781471]]}, "properties": {"id": 157813528, "highway": "footway", "name": "", "surface": "paving_stones", "foot": ""}}, {"type": "Feature", "geometry": {"type": "LineString", "coordinates": [[10.0224826, 53.5792228], [10.0230699, 53.5794597]]}, "properties": {"id": 157842552, "highway": "footway", "name": "", "surface": "paving_stones", "foot": ""}}, {"type": "Feature", "geometry": {"type": "LineString", "coordinates": [[10.0221211, 53.5794313], [10.0222084, 53.5794645], [10.0224603, 53.5795604], [10.0226705, 53.5799132]]}, "properties": {"id": 157842557, "highway": "footway", "name": "", "surface": "paving_stones", "foot": ""}}, {"type": "Feature", "geometry": {"type": "LineString", "coordinates": [[10.00331, 53.592623], [10.0031976, 53.5926144], [10.002894, 53.5926385], [10.0027962, 53.5926405]]}, "properties": {"id": 160015114, "highway": "footway", "name": "", "surface": "compacted", "foot": ""}}, {"type": "Feature", "geometry": {"type": "LineString", "coordinates": [[9.9995634, 53.5742473], [9.9998263, 53.5742339], [10.0000475, 53.5743822], [10.0010536, 53.5750064], [10.0013477, 53.575214], [10.0015878, 53.5753823]]}, "properties": {"id": 160119498, "highway": "footway", "name": "", "surface": "compacted", "foot": ""}}, {"type": "Feature", "geometry": {"type": "LineString", "coordinates": [[10.0245688, 53.5791239], [10.0246336, 53.579061], [10.024595, 53.5789127]]}, "properties": {"id": 160345316, "highway": "footway", "name": "", "surface": "paving_stones", "foot": ""}}, {"type": "Feature", "geometry": {"type": "LineString", "coordinates": [[10.0233863, 53.5784111], [10.0238972, 53.5786449], [10.0239104, 53.5786901], [10.0239492, 53.5788225], [10.023916, 53.5788597]]}, "properties": {"id": 160345320, "highway": "footway", "name": "", "surface": "paving_stones", "foot": ""}}, {"type": "Feature", "geometry": {"type": "LineString", "coordinates": [[10.0242002, 53.578975], [10.0242664, 53.5789099], [10.0242134, 53.5787644]]}, "properties": {"id": 160345324, "highway": "footway", "name": "", "surface": "paving_stones", "foot": ""}}, {"type": "Feature", "geometry": {"type": "LineString", "coordinates": [[10.030051, 53.5788863], [10.0298439, 53.5788654], [10.0295537, 53.5790281], [10.0291909, 53.579439], [10.0291364, 53.5795007]]}, "properties": {"id": 160374631, "highway": "footway", "name": "", "surface": "paving_stones", "foot": ""}}, {"type": "Feature", "geometry": {"type": "LineString", "coordinates": [[10.0307322, 53.5792692], [10.030461, 53.5794333], [10.03007, 53.5798324], [10.030014, 53.5798841]]}, "properties": {"id": 160374632, "highway": "footway", "name": "", "surface": "paving_stones", "foot": ""}}, {"type": "Feature", "geometry": {"type": "LineString", "coordinates": [[10.0284549, 53.578056], [10.0280044, 53.578462], [10.0278075, 53.5785542]]}, "properties": {"id": 160374634, "highway": "footway", "name": "", "surface": "paving_stones", "foot": ""}}, {"type": "Feature", "geometry": {"type": "LineString", "coordinates": [[10.0304723, 53.5791161], [10.0302973, 53.5791112], [10.0301627, 53.5791392], [10.0300422, 53.5792196], [10.029844, 53.5794017], [10.0296555, 53.579647], [10.0296062, 53.5797003]]}, "properties": {"id": 160374636, "highway": "footway", "name": "", "surface": "paving_stones", "foot": ""}}, {"type": "Feature", "geometry": {"type": "LineString", "coordinates": [[10.0312282, 53.579529], [10.0309631, 53.579528], [10.0308237, 53.579642], [10.0304987, 53.5799813], [10.0301896, 53.5800405]]}, "properties": {"id": 160374638, "highway": "footway", "name": "", "surface": "paving_stones", "foot": ""}}, {"type": "Feature", "geometry": {"type": "LineString", "coordinates": [[10.0217091, 53.5772055], [10.0217775, 53.5772315]]}, "properties": {"id": 160566718, "highway": "footway", "name": "", "surface": "paving_stones", "foot": ""}}, {"type": "Feature", "geometry": {"type": "LineString", "coordinates": [[10.021433, 53.5774467], [10.0219142, 53.5776338]]}, "properties": {"id": 160566719, "highway": "footway", "name": "", "surface": "paving_stones", "foot": ""}}, {"type": "Feature", "geometry": {"type": "LineString", "coordinates": [[10.01973, 53.5817646], [10.0197435, 53.5817651], [10.0198248, 53.5816338], [10.0198467, 53.581598], [10.0198523, 53.5815852], [10.0198579, 53.5815569], [10.0198503, 53.5815453], [10.019835, 53.5815534], [10.0198107, 53.5815932], [10.0197232, 53.5817576], [10.01973, 53.5817646]]}, "properties": {"id": 161697961, "highway": "footway", "name": "", "surface": "paving_stones", "foot": ""}}, {"type": "Feature", "geometry": {"type": "LineString", "coordinates": [[10.0200682, 53.5815292], [10.020012, 53.5816184], [10.0197935, 53.581929]]}, "properties": {"id": 161697963, "highway": "footway", "name": "", "surface": "paving_stones", "foot": "yes"}}, {"type": "Feature", "geometry": {"type": "LineString", "coordinates": [[10.0196766, 53.5812503], [10.0197369, 53.5812263]]}, "properties": {"id": 161697964, "highway": "footway", "name": "", "surface": "paved", "foot": ""}}, {"type": "Feature", "geometry": {"type": "LineString", "coordinates": [[10.0217623, 53.5821038], [10.0212118, 53.581927], [10.0204963, 53.5817249], [10.0204736, 53.5816979], [10.0205109, 53.5816442], [10.0204668, 53.5815638], [10.0204284, 53.5814621], [10.0201786, 53.5814997], [10.0200682, 53.5815292], [10.0201013, 53.5814397], [10.0201307, 53.5813727], [10.0201641, 53.5813146], [10.0201685, 53.581275], [10.0201655, 53.5812421], [10.0201177, 53.5811651]]}, "properties": {"id": 161735648, "highway": "footway", "name": "", "surface": "paving_stones", "foot": ""}}, {"type": "Feature", "geometry": {"type": "LineString", "coordinates": [[10.0262503, 53.5835623], [10.0262922, 53.5835273]]}, "properties": {"id": 161735650, "highway": "footway", "name": "", "surface": "compacted", "foot": "yes"}}, {"type": "Feature", "geometry": {"type": "LineString", "coordinates": [[10.0217623, 53.5821038], [10.0217611, 53.5820458]]}, "properties": {"id": 161735651, "highway": "footway", "name": "", "surface": "compacted", "foot": "yes"}}, {"type": "Feature", "geometry": {"type": "LineString", "coordinates": [[10.0222595, 53.5822057], [10.0222824, 53.5820866]]}, "properties": {"id": 161735652, "highway": "footway", "name": "", "surface": "concrete", "foot": ""}}, {"type": "Feature", "geometry": {"type": "LineString", "coordinates": [[10.0232595, 53.5813557], [10.0229713, 53.5813917], [10.0228489, 53.5813524], [10.022505, 53.581242]]}, "properties": {"id": 161736488, "highway": "footway", "name": "", "surface": "paving_stones", "foot": ""}}, {"type": "Feature", "geometry": {"type": "LineString", "coordinates": [[10.0189356, 53.5804203], [10.0189052, 53.5804235], [10.0188678, 53.5804232], [10.0188288, 53.5804183], [10.0186624, 53.5803443], [10.0186218, 53.5803197], [10.0188687, 53.5802504], [10.0189577, 53.580234], [10.0189658, 53.5802692], [10.0189727, 53.5802899], [10.0189142, 53.5803085], [10.0189356, 53.5804203]]}, "properties": {"id": 161815927, "highway": "footway", "name": "", "surface": "paving_stones", "foot": ""}}, {"type": "Feature", "geometry": {"type": "LineString", "coordinates": [[10.0177637, 53.5811721], [10.0178612, 53.5810868]]}, "properties": {"id": 161815928, "highway": "footway", "name": "", "surface": "paving_stones", "foot": ""}}, {"type": "Feature", "geometry": {"type": "LineString", "coordinates": [[10.0188687, 53.5802504], [10.0188765, 53.580289], [10.0189052, 53.5804235], [10.018915, 53.5804581]]}, "properties": {"id": 161815930, "highway": "footway", "name": "", "surface": "paving_stones", "foot": ""}}, {"type": "Feature", "geometry": {"type": "LineString", "coordinates": [[10.018568, 53.5803556], [10.0186624, 53.5803443], [10.0188765, 53.580289], [10.0189658, 53.5802692], [10.0190835, 53.5802608]]}, "properties": {"id": 161815931, "highway": "footway", "name": "", "surface": "paving_stones", "foot": ""}}, {"type": "Feature", "geometry": {"type": "LineString", "coordinates": [[10.0208217, 53.5919997], [10.0208511, 53.5920772]]}, "properties": {"id": 162472418, "highway": "path", "name": "", "surface": "compacted", "foot": ""}}, {"type": "Feature", "geometry": {"type": "LineString", "coordinates": [[10.0206526, 53.5920052], [10.0207897, 53.5919873]]}, "properties": {"id": 162472422, "highway": "path", "name": "", "surface": "compacted", "foot": ""}}, {"type": "Feature", "geometry": {"type": "LineString", "coordinates": [[10.0207893, 53.5919823], [10.0207897, 53.5919873], [10.0207928, 53.5919921], [10.0207983, 53.591996], [10.0208056, 53.5919988], [10.020814, 53.592], [10.0208217, 53.5919997], [10.0208303, 53.5919976], [10.0208366, 53.5919944], [10.020841, 53.5919902], [10.020843, 53.5919853], [10.0208424, 53.5919805], [10.0208392, 53.5919758], [10.0208339, 53.591972], [10.0208269, 53.5919694], [10.0208189, 53.5919681], [10.0208099, 53.5919685], [10.0208027, 53.5919701], [10.0207961, 53.5919733], [10.0207915, 53.5919775], [10.0207893, 53.5919823]]}, "properties": {"id": 162472423, "highway": "path", "name": "", "surface": "compacted", "foot": ""}}, {"type": "Feature", "geometry": {"type": "LineString", "coordinates": [[10.0156282, 53.5929102], [10.0157349, 53.5927383]]}, "properties": {"id": 162472426, "highway": "footway", "name": "", "surface": "compacted", "foot": ""}}, {"type": "Feature", "geometry": {"type": "LineString", "coordinates": [[10.0208424, 53.5919805], [10.0209776, 53.5919629]]}, "properties": {"id": 162472429, "highway": "path", "name": "", "surface": "compacted", "foot": ""}}, {"type": "Feature", "geometry": {"type": "LineString", "coordinates": [[10.0209015, 53.5922103], [10.0208511, 53.5920772]]}, "properties": {"id": 162472432, "highway": "footway", "name": "", "surface": "compacted", "foot": "yes"}}, {"type": "Feature", "geometry": {"type": "LineString", "coordinates": [[10.0299382, 53.5939637], [10.0299608, 53.5939946], [10.029782, 53.5940407], [10.0296125, 53.5940844], [10.0295858, 53.594048]]}, "properties": {"id": 162472434, "highway": "footway", "name": "", "surface": "compacted", "foot": ""}}, {"type": "Feature", "geometry": {"type": "LineString", "coordinates": [[10.0242941, 53.5916603], [10.0243693, 53.5917727]]}, "properties": {"id": 162472435, "highway": "footway", "name": "", "surface": "paving_stones", "foot": ""}}, {"type": "Feature", "geometry": {"type": "LineString", "coordinates": [[10.0152808, 53.5936422], [10.0153202, 53.5936344], [10.0153535, 53.5936197], [10.0153774, 53.5935995], [10.0153893, 53.5935759], [10.0153881, 53.5935512], [10.015378, 53.5935327], [10.0153603, 53.5935162], [10.0153363, 53.5935029], [10.0153111, 53.5934943], [10.0152688, 53.5934884], [10.0152293, 53.5934904], [10.0151927, 53.5934994], [10.0151618, 53.5935148], [10.0151408, 53.5935342], [10.0151304, 53.5935569], [10.0151319, 53.5935804], [10.0151393, 53.5935927], [10.0151452, 53.5936025], [10.0151692, 53.5936213], [10.0152015, 53.5936349], [10.0152392, 53.5936422], [10.0152808, 53.5936422]]}, "properties": {"id": 162472436, "highway": "footway", "name": "", "surface": "compacted", "foot": ""}}, {"type": "Feature", "geometry": {"type": "LineString", "coordinates": [[10.0153881, 53.5935512], [10.0154672, 53.5935579], [10.0155811, 53.5935663], [10.0156876, 53.5935806]]}, "properties": {"id": 162472440, "highway": "footway", "name": "", "surface": "compacted", "foot": ""}}, {"type": "Feature", "geometry": {"type": "LineString", "coordinates": [[10.020809, 53.5920797], [10.0207666, 53.5920756], [10.0207274, 53.5920653], [10.0206939, 53.5920493], [10.0206684, 53.5920288], [10.0206526, 53.5920052], [10.0206476, 53.5919791], [10.0206543, 53.5919531], [10.0206723, 53.5919291], [10.0207004, 53.5919087], [10.0207364, 53.5918935], [10.020778, 53.5918845], [10.0208223, 53.5918822], [10.0208659, 53.5918871], [10.0209059, 53.5918985], [10.0209393, 53.5919159], [10.0209638, 53.5919379], [10.0209776, 53.5919629], [10.02098, 53.5919879], [10.0209717, 53.5920125], [10.0209533, 53.592035], [10.0209259, 53.5920541], [10.0208912, 53.5920684], [10.0208511, 53.5920772], [10.020809, 53.5920797]]}, "properties": {"id": 162472445, "highway": "footway", "name": "", "surface": "compacted", "foot": ""}}, {"type": "Feature", "geometry": {"type": "LineString", "coordinates": [[10.020778, 53.5918845], [10.0208099, 53.5919685]]}, "properties": {"id": 162472448, "highway": "path", "name": "", "surface": "compacted", "foot": ""}}, {"type": "Feature", "geometry": {"type": "LineString", "coordinates": [[10.0290471, 53.5948502], [10.0287466, 53.59443], [10.0291769, 53.594324], [10.0294736, 53.5947459]]}, "properties": {"id": 162479593, "highway": "footway", "name": "", "surface": "compacted", "foot": "yes"}}, {"type": "Feature", "geometry": {"type": "LineString", "coordinates": [[10.029038, 53.5949749], [10.029064, 53.5950119], [10.0296624, 53.5948632], [10.0296308, 53.5948184]]}, "properties": {"id": 162479606, "highway": "footway", "name": "", "surface": "compacted", "foot": ""}}, {"type": "Feature", "geometry": {"type": "LineString", "coordinates": [[10.0285577, 53.5944769], [10.0285098, 53.5944788], [10.0284592, 53.5944736], [10.0284142, 53.5944602], [10.0282969, 53.5944168], [10.0282455, 53.5944121], [10.0281837, 53.5944154], [10.0280573, 53.5944368]]}, "properties": {"id": 162479608, "highway": "footway", "name": "", "surface": "compacted", "foot": "yes"}}, {"type": "Feature", "geometry": {"type": "LineString", "coordinates": [[10.0292637, 53.5943016], [10.0294381, 53.5942583]]}, "properties": {"id": 162479611, "highway": "footway", "name": "", "surface": "compacted", "foot": "yes"}}, {"type": "Feature", "geometry": {"type": "LineString", "coordinates": [[10.030289, 53.5940469], [10.030359, 53.5941242]]}, "properties": {"id": 162551519, "highway": "footway", "name": "", "surface": "compacted", "foot": ""}}, {"type": "Feature", "geometry": {"type": "LineString", "coordinates": [[10.030417, 53.5937779], [10.0306355, 53.5937889], [10.0307752, 53.5940798], [10.0309697, 53.5942662], [10.0310777, 53.5944094], [10.0311723, 53.5945823], [10.0312371, 53.5947741], [10.0311675, 53.5950145]]}, "properties": {"id": 162551521, "highway": "footway", "name": "", "surface": "ground", "foot": "yes"}}, {"type": "Feature", "geometry": {"type": "LineString", "coordinates": [[10.0156006, 53.5931891], [10.0156188, 53.5931926], [10.0157182, 53.5932116], [10.0158481, 53.5932366], [10.0159123, 53.5931213], [10.0157844, 53.593096], [10.0156854, 53.5930765], [10.0156664, 53.5930727]]}, "properties": {"id": 163990876, "highway": "footway", "name": "", "surface": "compacted", "foot": ""}}, {"type": "Feature", "geometry": {"type": "LineString", "coordinates": [[10.0148609, 53.5933555], [10.0147327, 53.5932876], [10.0145757, 53.5932045]]}, "properties": {"id": 163990882, "highway": "footway", "name": "", "surface": "compacted", "foot": ""}}, {"type": "Feature", "geometry": {"type": "LineString", "coordinates": [[10.0156151, 53.5930626], [10.0155983, 53.5930593], [10.0154958, 53.593039]]}, "properties": {"id": 163990883, "highway": "footway", "name": "", "surface": "compacted", "foot": ""}}, {"type": "Feature", "geometry": {"type": "LineString", "coordinates": [[10.0154481, 53.5933252], [10.0154614, 53.5933015], [10.0155324, 53.5931759], [10.0155983, 53.5930593], [10.0156771, 53.5929199], [10.0156282, 53.5929102], [10.0155746, 53.5928995], [10.0154958, 53.593039], [10.0154759, 53.5930427], [10.0154179, 53.5931464], [10.0154296, 53.5931562], [10.0153456, 53.5933048], [10.0154066, 53.5933174], [10.0154481, 53.5933252]]}, "properties": {"id": 163990884, "highway": "footway", "name": "", "surface": "compacted", "foot": ""}}, {"type": "Feature", "geometry": {"type": "LineString", "coordinates": [[10.0157029, 53.5918213], [10.0156093, 53.5918364], [10.0155589, 53.5918445]]}, "properties": {"id": 164055998, "highway": "footway", "name": "", "surface": "asphalt", "foot": ""}}, {"type": "Feature", "geometry": {"type": "LineString", "coordinates": [[10.02314, 53.5916602], [10.0231638, 53.5917199], [10.0229446, 53.5919657], [10.0228362, 53.5922569], [10.022829, 53.592354], [10.022829, 53.5924455], [10.0228022, 53.5925661], [10.0228074, 53.5926481], [10.0228404, 53.5927646], [10.0226874, 53.5928013]]}, "properties": {"id": 169506530, "highway": "footway", "name": "", "surface": "compacted", "foot": ""}}, {"type": "Feature", "geometry": {"type": "LineString", "coordinates": [[10.036339, 53.5847573], [10.0365247, 53.5847644], [10.0380144, 53.5848018], [10.0384629, 53.5848228]]}, "properties": {"id": 169506928, "highway": "footway", "name": "", "surface": "compacted", "foot": ""}}, {"type": "Feature", "geometry": {"type": "LineString", "coordinates": [[10.0380085, 53.584877], [10.0380091, 53.5849186], [10.037997, 53.5849536], [10.0379744, 53.5849677], [10.0379324, 53.5849691], [10.0374272, 53.5849676], [10.0372743, 53.5849533], [10.0370732, 53.5849229], [10.0368197, 53.5848745], [10.0366427, 53.5848243], [10.0365247, 53.5847644]]}, "properties": {"id": 169507095, "highway": "footway", "name": "", "surface": "asphalt", "foot": ""}}, {"type": "Feature", "geometry": {"type": "LineString", "coordinates": [[10.0304321, 53.5788612], [10.0305056, 53.5787489]]}, "properties": {"id": 169746976, "highway": "footway", "name": "", "surface": "paving_stones", "foot": ""}}, {"type": "Feature", "geometry": {"type": "LineString", "coordinates": [[10.0308387, 53.578387], [10.0309189, 53.5782484]]}, "properties": {"id": 169746978, "highway": "footway", "name": "", "surface": "paving_stones", "foot": ""}}, {"type": "Feature", "geometry": {"type": "LineString", "coordinates": [[10.0309904, 53.5790028], [10.0310977, 53.5789187]]}, "properties": {"id": 169746983, "highway": "footway", "name": "", "surface": "asphalt", "foot": ""}}, {"type": "Feature", "geometry": {"type": "LineString", "coordinates": [[10.0308626, 53.579094], [10.0309904, 53.5790028]]}, "properties": {"id": 169746984, "highway": "footway", "name": "", "surface": "paving_stones", "foot": ""}}, {"type": "Feature", "geometry": {"type": "LineString", "coordinates": [[10.0305056, 53.5787489], [10.0306122, 53.5786637]]}, "properties": {"id": 169746985, "highway": "footway", "name": "", "surface": "paving_stones", "foot": ""}}, {"type": "Feature", "geometry": {"type": "LineString", "coordinates": [[10.0310977, 53.5789187], [10.0313647, 53.5786508], [10.0314803, 53.5785319]]}, "properties": {"id": 169746986, "highway": "footway", "name": "", "surface": "paving_stones", "foot": ""}}, {"type": "Feature", "geometry": {"type": "LineString", "coordinates": [[10.0306122, 53.5786637], [10.0308971, 53.5784851], [10.030943, 53.5784125]]}, "properties": {"id": 169746987, "highway": "footway", "name": "", "surface": "paving_stones", "foot": ""}}, {"type": "Feature", "geometry": {"type": "LineString", "coordinates": [[10.0315615, 53.5772565], [10.0318766, 53.5773653], [10.0319431, 53.5772989]]}, "properties": {"id": 169746988, "highway": "footway", "name": "", "surface": "paving_stones", "foot": ""}}, {"type": "Feature", "geometry": {"type": "LineString", "coordinates": [[10.0269035, 53.58033], [10.0269422, 53.5804128]]}, "properties": {"id": 169765952, "highway": "footway", "name": "", "surface": "asphalt", "foot": ""}}, {"type": "Feature", "geometry": {"type": "LineString", "coordinates": [[10.0269576, 53.5804503], [10.0269422, 53.5804128]]}, "properties": {"id": 169765953, "highway": "footway", "name": "", "surface": "paving_stones", "foot": ""}}, {"type": "Feature", "geometry": {"type": "LineString", "coordinates": [[10.0285985, 53.5779267], [10.0284549, 53.578056]]}, "properties": {"id": 169765955, "highway": "footway", "name": "", "surface": "paving_stones", "foot": ""}}, {"type": "Feature", "geometry": {"type": "LineString", "coordinates": [[10.0289054, 53.5779447], [10.0291073, 53.5777889]]}, "properties": {"id": 169765956, "highway": "footway", "name": "", "surface": "paving_stones", "foot": ""}}, {"type": "Feature", "geometry": {"type": "LineString", "coordinates": [[10.0311087, 53.5751758], [10.0310807, 53.5751558], [10.0310516, 53.5751329], [10.0309796, 53.5751312], [10.0309163, 53.5751471], [10.030887, 53.5752034], [10.0309487, 53.5753352]]}, "properties": {"id": 169765958, "highway": "footway", "name": "", "surface": "paving_stones", "foot": ""}}, {"type": "Feature", "geometry": {"type": "LineString", "coordinates": [[10.0305285, 53.575956], [10.0305716, 53.5758977], [10.0309487, 53.5753352], [10.0310929, 53.5752912], [10.0311087, 53.5751758], [10.0311641, 53.5751589], [10.0312752, 53.5751775]]}, "properties": {"id": 169765959, "highway": "footway", "name": "", "surface": "paving_stones", "foot": ""}}, {"type": "Feature", "geometry": {"type": "LineString", "coordinates": [[10.0307048, 53.5762109], [10.0308213, 53.5760756], [10.030863, 53.5760272]]}, "properties": {"id": 169766715, "highway": "footway", "name": "", "surface": "paving_stones", "foot": ""}}, {"type": "Feature", "geometry": {"type": "LineString", "coordinates": [[10.0221973, 53.5768948], [10.0221058, 53.576859]]}, "properties": {"id": 171604594, "highway": "footway", "name": "", "surface": "paving_stones", "foot": "yes"}}, {"type": "Feature", "geometry": {"type": "LineString", "coordinates": [[10.0223484, 53.5769597], [10.0222267, 53.5769063], [10.0221973, 53.5768948]]}, "properties": {"id": 171604595, "highway": "footway", "name": "", "surface": "paving_stones", "foot": "yes"}}, {"type": "Feature", "geometry": {"type": "LineString", "coordinates": [[10.0222824, 53.5820866], [10.0223452, 53.5820094]]}, "properties": {"id": 172024071, "highway": "footway", "name": "", "surface": "concrete", "foot": ""}}, {"type": "Feature", "geometry": {"type": "LineString", "coordinates": [[10.0223452, 53.5820094], [10.022384, 53.5819688], [10.0229157, 53.5821419], [10.0230863, 53.5821234]]}, "properties": {"id": 172024072, "highway": "footway", "name": "", "surface": "paving_stones", "foot": ""}}, {"type": "Feature", "geometry": {"type": "LineString", "coordinates": [[10.0214821, 53.5871808], [10.0224517, 53.5865165]]}, "properties": {"id": 172170003, "highway": "footway", "name": "", "surface": "asphalt", "foot": ""}}, {"type": "Feature", "geometry": {"type": "LineString", "coordinates": [[10.0213733, 53.5872515], [10.0214821, 53.5871808]]}, "properties": {"id": 172170005, "highway": "footway", "name": "", "surface": "paving_stones", "foot": ""}}, {"type": "Feature", "geometry": {"type": "LineString", "coordinates": [[10.0309248, 53.5839232], [10.0310454, 53.5839089], [10.0310875, 53.5839039], [10.0314168, 53.5838677], [10.031525, 53.5838558], [10.0315507, 53.583853]]}, "properties": {"id": 172451139, "highway": "footway", "name": "", "surface": "paving_stones", "foot": ""}}, {"type": "Feature", "geometry": {"type": "LineString", "coordinates": [[10.0307363, 53.5839378], [10.0309248, 53.5839232]]}, "properties": {"id": 172451140, "highway": "footway", "name": "", "surface": "paving_stones", "foot": ""}}, {"type": "Feature", "geometry": {"type": "LineString", "coordinates": [[10.0315507, 53.583853], [10.0317438, 53.5838345]]}, "properties": {"id": 172451142, "highway": "footway", "name": "", "surface": "paving_stones", "foot": ""}}, {"type": "Feature", "geometry": {"type": "LineString", "coordinates": [[10.0317438, 53.5838345], [10.031819, 53.583817], [10.0329257, 53.5836494], [10.0332311, 53.5836409], [10.0334318, 53.5836444], [10.0336789, 53.5836244]]}, "properties": {"id": 172451143, "highway": "footway", "name": "", "surface": "paving_stones", "foot": ""}}, {"type": "Feature", "geometry": {"type": "LineString", "coordinates": [[10.0177431, 53.5896482], [10.0177065, 53.5893978], [10.0177232, 53.5892603]]}, "properties": {"id": 172642084, "highway": "footway", "name": "", "surface": "paving_stones", "foot": ""}}, {"type": "Feature", "geometry": {"type": "LineString", "coordinates": [[10.0307968, 53.5830211], [10.0313603, 53.5830205]]}, "properties": {"id": 174789349, "highway": "footway", "name": "", "surface": "paving_stones", "foot": "yes"}}, {"type": "Feature", "geometry": {"type": "LineString", "coordinates": [[10.019283, 53.5783389], [10.0194242, 53.5783395]]}, "properties": {"id": 180352729, "highway": "footway", "name": "", "surface": "concrete", "foot": "permissive"}}, {"type": "Feature", "geometry": {"type": "LineString", "coordinates": [[10.0194242, 53.5783395], [10.0194821, 53.5783388], [10.0195637, 53.5782947]]}, "properties": {"id": 180352730, "highway": "footway", "name": "", "surface": "", "foot": "permissive"}}, {"type": "Feature", "geometry": {"type": "LineString", "coordinates": [[10.0267806, 53.5818837], [10.0267118, 53.5819019], [10.0266389, 53.5819136], [10.0265963, 53.5819117], [10.0265073, 53.5819079]]}, "properties": {"id": 187402687, "highway": "path", "name": "", "surface": "paving_stones", "foot": ""}}, {"type": "Feature", "geometry": {"type": "LineString", "coordinates": [[9.9996362, 53.5777503], [10.0001022, 53.5778823]]}, "properties": {"id": 216740011, "highway": "footway", "name": "", "surface": "compacted", "foot": ""}}, {"type": "Feature", "geometry": {"type": "LineString", "coordinates": [[10.0000261, 53.5765136], [10.0003102, 53.5765297], [10.0008127, 53.5765942]]}, "properties": {"id": 216740012, "highway": "footway", "name": "", "surface": "compacted", "foot": ""}}, {"type": "Feature", "geometry": {"type": "LineString", "coordinates": [[10.0251741, 53.5832638], [10.0251716, 53.5832678]]}, "properties": {"id": 218162232, "highway": "footway", "name": "Heinz-Gärtner-Brücke", "surface": "asphalt", "foot": ""}}, {"type": "Feature", "geometry": {"type": "LineString", "coordinates": [[10.0251926, 53.5832321], [10.025202, 53.5832166], [10.0252244, 53.58318]]}, "properties": {"id": 218162234, "highway": "footway", "name": "", "surface": "asphalt", "foot": ""}}, {"type": "Feature", "geometry": {"type": "LineString", "coordinates": [[10.0246962, 53.5840153], [10.0247646, 53.5839103], [10.0249306, 53.583655], [10.0248691, 53.5836434], [10.0247177, 53.5836022]]}, "properties": {"id": 218162235, "highway": "footway", "name": "", "surface": "compacted", "foot": ""}}, {"type": "Feature", "geometry": {"type": "LineString", "coordinates": [[10.0251926, 53.5832321], [10.0254636, 53.5833168], [10.0254828, 53.5833323], [10.0254698, 53.5833467], [10.0254406, 53.5833408], [10.0251741, 53.5832638]]}, "properties": {"id": 218162236, "highway": "footway", "name": "Heinz-Gärtner-Brücke", "surface": "asphalt", "foot": ""}}, {"type": "Feature", "geometry": {"type": "LineString", "coordinates": [[10.0247177, 53.5836022], [10.024796, 53.58361], [10.0248424, 53.5836146], [10.024949, 53.5836252], [10.0250672, 53.583637], [10.0250791, 53.5836349], [10.0250853, 53.5836279], [10.0250804, 53.5836205], [10.0249705, 53.5835889]]}, "properties": {"id": 218162237, "highway": "footway", "name": "Heinz-Gärtner-Brücke", "surface": "asphalt", "foot": ""}}, {"type": "Feature", "geometry": {"type": "LineString", "coordinates": [[10.0210362, 53.5782884], [10.0208275, 53.5782122]]}, "properties": {"id": 218163008, "highway": "footway", "name": "", "surface": "paving_stones", "foot": ""}}, {"type": "Feature", "geometry": {"type": "LineString", "coordinates": [[10.0171986, 53.588826], [10.0170985, 53.5888719], [10.0170956, 53.5889567]]}, "properties": {"id": 223389799, "highway": "footway", "name": "", "surface": "", "foot": ""}}, {"type": "Feature", "geometry": {"type": "LineString", "coordinates": [[10.0166774, 53.588813], [10.0169401, 53.5889181], [10.0170956, 53.5889567], [10.0172835, 53.5889897], [10.0176267, 53.5890056], [10.0176054, 53.5891425], [10.0176778, 53.5891425]]}, "properties": {"id": 223389801, "highway": "footway", "name": "", "surface": "", "foot": ""}}, {"type": "Feature", "geometry": {"type": "LineString", "coordinates": [[10.0168745, 53.5886179], [10.0167958, 53.5886319], [10.0166665, 53.5886267], [10.0166249, 53.5886243]]}, "properties": {"id": 223389802, "highway": "footway", "name": "", "surface": "paving_stones", "foot": ""}}, {"type": "Feature", "geometry": {"type": "LineString", "coordinates": [[10.0168638, 53.5885451], [10.0169765, 53.5885026], [10.0170309, 53.5884934], [10.0170906, 53.5884919], [10.0171494, 53.588499], [10.017258, 53.5885419], [10.0172936, 53.5885721], [10.0172862, 53.5886732], [10.017246, 53.5887592], [10.0171986, 53.588826], [10.0176943, 53.5888385], [10.0176834, 53.5889017]]}, "properties": {"id": 223389807, "highway": "footway", "name": "", "surface": "", "foot": ""}}, {"type": "Feature", "geometry": {"type": "LineString", "coordinates": [[10.024939, 53.5836413], [10.024949, 53.5836252]]}, "properties": {"id": 224012358, "highway": "footway", "name": "", "surface": "asphalt", "foot": ""}}, {"type": "Feature", "geometry": {"type": "LineString", "coordinates": [[10.0265073, 53.5819079], [10.026425, 53.5819628], [10.0263719, 53.5820849], [10.0263524, 53.5821488]]}, "properties": {"id": 229657968, "highway": "path", "name": "", "surface": "ground", "foot": "yes"}}, {"type": "Feature", "geometry": {"type": "LineString", "coordinates": [[10.0245834, 53.5835888], [10.0246204, 53.5835346], [10.0244628, 53.5834891]]}, "properties": {"id": 232862768, "highway": "footway", "name": "", "surface": "paving_stones", "foot": ""}}, {"type": "Feature", "geometry": {"type": "LineString", "coordinates": [[10.0243067, 53.5834369], [10.0242776, 53.5833996], [10.0243014, 53.5833725]]}, "properties": {"id": 232862770, "highway": "footway", "name": "", "surface": "paving_stones", "foot": ""}}, {"type": "Feature", "geometry": {"type": "LineString", "coordinates": [[10.0346403, 53.5851896], [10.0350324, 53.5852315], [10.0350054, 53.585488], [10.0354528, 53.585531]]}, "properties": {"id": 233676373, "highway": "path", "name": "", "surface": "paving_stones", "foot": "destination"}}, {"type": "Feature", "geometry": {"type": "LineString", "coordinates": [[10.0033613, 53.5796765], [10.0032738, 53.5796095], [10.0032925, 53.5795177], [10.0033421, 53.5793262], [10.0034119, 53.5790462], [10.0034908, 53.5785997], [10.0035304, 53.5784643], [10.0035598, 53.5783946], [10.0035781, 53.5783487], [10.0035809, 53.5783116], [10.0035448, 53.5782729], [10.0035396, 53.5782359], [10.0035587, 53.5782156], [10.003598, 53.5782072], [10.0036344, 53.5780437], [10.0036431, 53.5779563], [10.0036605, 53.577891], [10.0036861, 53.5777953], [10.0037263, 53.5777091], [10.0038045, 53.577568], [10.0039064, 53.5774236], [10.0039937, 53.57734], [10.0040959, 53.5772589], [10.0041948, 53.5771989], [10.0042577, 53.5771719], [10.0044993, 53.5770682], [10.0048205, 53.5769766], [10.0050803, 53.5769395], [10.0053684, 53.576919], [10.005631, 53.576929], [10.0057609, 53.576934], [10.0060181, 53.5769704], [10.0061208, 53.5769949], [10.0062943, 53.5770471], [10.0068983, 53.5772567], [10.0072998, 53.5773886], [10.007497, 53.5774503], [10.0076555, 53.5774923], [10.0077578, 53.5775283], [10.0078904, 53.5775718], [10.008064, 53.5776421], [10.0081114, 53.5776557], [10.008729, 53.5778323], [10.0091338, 53.5779374], [10.0092063, 53.5779499], [10.0095661, 53.5779956]]}, "properties": {"id": 237742134, "highway": "footway", "name": "", "surface": "dirt", "foot": ""}}, {"type": "Feature", "geometry": {"type": "LineString", "coordinates": [[10.00545, 53.5894254], [10.0056886, 53.5897794], [10.0059602, 53.5901866], [10.0061445, 53.5905053], [10.0066775, 53.5912905], [10.0067543, 53.5914014]]}, "properties": {"id": 238358432, "highway": "footway", "name": "", "surface": "paving_stones", "foot": ""}}, {"type": "Feature", "geometry": {"type": "LineString", "coordinates": [[10.0077384, 53.5845208], [10.0079885, 53.5841506]]}, "properties": {"id": 238945751, "highway": "footway", "name": "", "surface": "concrete", "foot": ""}}, {"type": "Feature", "geometry": {"type": "LineString", "coordinates": [[10.0310875, 53.5839039], [10.0310484, 53.5837985], [10.0309668, 53.5837867], [10.0308576, 53.5833517], [10.0307793, 53.583274], [10.0303371, 53.5832954]]}, "properties": {"id": 240888373, "highway": "footway", "name": "", "surface": "paving_stones", "foot": ""}}, {"type": "Feature", "geometry": {"type": "LineString", "coordinates": [[10.0200069, 53.588405], [10.0201148, 53.5883282]]}, "properties": {"id": 245198507, "highway": "footway", "name": "", "surface": "paving_stones", "foot": ""}}, {"type": "Feature", "geometry": {"type": "LineString", "coordinates": [[10.0201148, 53.5883282], [10.0206553, 53.5879425]]}, "properties": {"id": 245198509, "highway": "footway", "name": "", "surface": "paving_stones", "foot": ""}}, {"type": "Feature", "geometry": {"type": "LineString", "coordinates": [[10.0197341, 53.5882743], [10.019844, 53.5881979]]}, "properties": {"id": 245198511, "highway": "footway", "name": "", "surface": "paving_stones", "foot": ""}}, {"type": "Feature", "geometry": {"type": "LineString", "coordinates": [[10.0000165, 53.5767621], [10.0000159, 53.5767997], [10.0000064, 53.5768536], [9.9999037, 53.5772392], [9.9998721, 53.5773598], [9.9998369, 53.5774861], [9.9998024, 53.5775565], [9.9997716, 53.5775965], [9.9997105, 53.5776452], [9.9995654, 53.5777292]]}, "properties": {"id": 248965132, "highway": "footway", "name": "", "surface": "paving_stones", "foot": ""}}, {"type": "Feature", "geometry": {"type": "LineString", "coordinates": [[10.0036932, 53.5857111], [10.0035257, 53.585839], [10.0034576, 53.5858843], [10.0033351, 53.5859575], [10.0032624, 53.585994], [10.0031357, 53.5860499], [10.0029915, 53.5860971], [10.0029192, 53.5861175], [10.0028382, 53.5861405], [10.0027016, 53.5861701], [10.0025882, 53.5861891], [10.0024368, 53.5862082], [10.0022323, 53.5862178], [10.0020476, 53.5862146], [10.0018509, 53.5861986], [10.0017423, 53.5861846], [10.001504, 53.5861436], [10.0014378, 53.5861419]]}, "properties": {"id": 262266595, "highway": "footway", "name": "", "surface": "paving_stones", "foot": ""}}, {"type": "Feature", "geometry": {"type": "LineString", "coordinates": [[10.0043136, 53.5847397], [10.0042514, 53.5847937], [10.0042272, 53.5850128]]}, "properties": {"id": 262266596, "highway": "footway", "name": "", "surface": "paving_stones", "foot": ""}}, {"type": "Feature", "geometry": {"type": "LineString", "coordinates": [[10.0262337, 53.5824576], [10.0261764, 53.5824675]]}, "properties": {"id": 269161207, "highway": "footway", "name": "", "surface": "concrete", "foot": ""}}, {"type": "Feature", "geometry": {"type": "LineString", "coordinates": [[10.0332663, 53.5870635], [10.0335259, 53.5870798]]}, "properties": {"id": 270859099, "highway": "path", "name": "", "surface": "paving_stones", "foot": "designated"}}, {"type": "Feature", "geometry": {"type": "LineString", "coordinates": [[10.0335915, 53.5878252], [10.0335692, 53.5880339]]}, "properties": {"id": 270859100, "highway": "footway", "name": "", "surface": "paving_stones", "foot": "designated"}}, {"type": "Feature", "geometry": {"type": "LineString", "coordinates": [[10.0334591, 53.5876582], [10.0331822, 53.5876717]]}, "properties": {"id": 270859101, "highway": "footway", "name": "", "surface": "paving_stones", "foot": "designated"}}, {"type": "Feature", "geometry": {"type": "LineString", "coordinates": [[10.0329552, 53.5880819], [10.0329741, 53.587871]]}, "properties": {"id": 270859102, "highway": "footway", "name": "", "surface": "paving_stones", "foot": "designated"}}, {"type": "Feature", "geometry": {"type": "LineString", "coordinates": [[10.0333352, 53.5881768], [10.0332287, 53.5881885]]}, "properties": {"id": 270859103, "highway": "path", "name": "", "surface": "paving_stones", "foot": "designated"}}, {"type": "Feature", "geometry": {"type": "LineString", "coordinates": [[10.0330758, 53.5906854], [10.0333232, 53.5907611], [10.0334372, 53.5908002], [10.0336002, 53.5909013]]}, "properties": {"id": 270864902, "highway": "footway", "name": "", "surface": "paving_stones", "foot": ""}}, {"type": "Feature", "geometry": {"type": "LineString", "coordinates": [[10.0332808, 53.5895002], [10.0333527, 53.5895597], [10.0334522, 53.5897009], [10.0335477, 53.5898886]]}, "properties": {"id": 270867352, "highway": "path", "name": "", "surface": "compacted", "foot": "yes"}}, {"type": "Feature", "geometry": {"type": "LineString", "coordinates": [[10.0170681, 53.5839841], [10.0173529, 53.5835954]]}, "properties": {"id": 282412636, "highway": "footway", "name": "", "surface": "paving_stones", "foot": ""}}, {"type": "Feature", "geometry": {"type": "LineString", "coordinates": [[10.0172175, 53.5843771], [10.0172552, 53.584377]]}, "properties": {"id": 282412638, "highway": "footway", "name": "", "surface": "paving_stones", "foot": ""}}, {"type": "Feature", "geometry": {"type": "LineString", "coordinates": [[10.01649, 53.5842859], [10.0166555, 53.5840582], [10.0168509, 53.5841031], [10.0169555, 53.5839553]]}, "properties": {"id": 282412641, "highway": "footway", "name": "", "surface": "paving_stones", "foot": ""}}, {"type": "Feature", "geometry": {"type": "LineString", "coordinates": [[10.016439, 53.5833619], [10.0170621, 53.5835211], [10.0173529, 53.5835954], [10.0176792, 53.5836788]]}, "properties": {"id": 282412643, "highway": "footway", "name": "", "surface": "paving_stones", "foot": ""}}, {"type": "Feature", "geometry": {"type": "LineString", "coordinates": [[10.0174218, 53.5840724], [10.0172363, 53.5840261], [10.0170681, 53.5839841], [10.0169555, 53.5839553], [10.0167766, 53.5839095], [10.0170621, 53.5835211]]}, "properties": {"id": 282412644, "highway": "footway", "name": "", "surface": "paving_stones", "foot": ""}}, {"type": "Feature", "geometry": {"type": "LineString", "coordinates": [[10.0179028, 53.5835172], [10.0178526, 53.5835268], [10.0176792, 53.5836788], [10.0174218, 53.5840724], [10.0173907, 53.5841188], [10.0172175, 53.5843771], [10.0169617, 53.5843894], [10.01649, 53.5842859], [10.0158726, 53.5841349]]}, "properties": {"id": 282412645, "highway": "footway", "name": "", "surface": "paving_stones", "foot": ""}}, {"type": "Feature", "geometry": {"type": "LineString", "coordinates": [[10.0243067, 53.5834369], [10.02384, 53.5834422], [10.0244141, 53.583549], [10.024566, 53.5835871]]}, "properties": {"id": 283852073, "highway": "footway", "name": "", "surface": "paving_stones", "foot": ""}}, {"type": "Feature", "geometry": {"type": "LineString", "coordinates": [[10.0207028, 53.5781624], [10.0206106, 53.5781216]]}, "properties": {"id": 290357143, "highway": "footway", "name": "", "surface": "paving_stones", "foot": ""}}, {"type": "Feature", "geometry": {"type": "LineString", "coordinates": [[10.0200284, 53.5784593], [10.0198833, 53.5784022]]}, "properties": {"id": 290357144, "highway": "footway", "name": "", "surface": "", "foot": ""}}, {"type": "Feature", "geometry": {"type": "LineString", "coordinates": [[10.020391, 53.5781471], [10.0202735, 53.5780981]]}, "properties": {"id": 290357145, "highway": "footway", "name": "", "surface": "paving_stones", "foot": ""}}, {"type": "Feature", "geometry": {"type": "LineString", "coordinates": [[10.0208275, 53.5782122], [10.0207028, 53.5781624]]}, "properties": {"id": 290357148, "highway": "footway", "name": "", "surface": "concrete", "foot": ""}}, {"type": "Feature", "geometry": {"type": "LineString", "coordinates": [[10.0198833, 53.5784022], [10.0198455, 53.5783883], [10.0199261, 53.5783083]]}, "properties": {"id": 290357150, "highway": "footway", "name": "", "surface": "", "foot": ""}}, {"type": "Feature", "geometry": {"type": "LineString", "coordinates": [[10.0202735, 53.5780981], [10.0201922, 53.5780597], [10.0201142, 53.5780663]]}, "properties": {"id": 290357151, "highway": "footway", "name": "", "surface": "paving_stones", "foot": ""}}, {"type": "Feature", "geometry": {"type": "LineString", "coordinates": [[10.0376461, 53.5799329], [10.0373047, 53.580143], [10.0372897, 53.5802642]]}, "properties": {"id": 292306369, "highway": "footway", "name": "", "surface": "paving_stones", "foot": ""}}, {"type": "Feature", "geometry": {"type": "LineString", "coordinates": [[10.0259487, 53.5820231], [10.0259122, 53.5820189]]}, "properties": {"id": 292307050, "highway": "footway", "name": "", "surface": "paving_stones", "foot": ""}}, {"type": "Feature", "geometry": {"type": "LineString", "coordinates": [[10.0259537, 53.5817634], [10.0259882, 53.5817661]]}, "properties": {"id": 292307051, "highway": "footway", "name": "", "surface": "paving_stones", "foot": ""}}, {"type": "Feature", "geometry": {"type": "LineString", "coordinates": [[10.0393115, 53.5940733], [10.0392685, 53.5943029], [10.0392939, 53.594372], [10.039474, 53.5944123]]}, "properties": {"id": 292490749, "highway": "path", "name": "", "surface": "paving_stones", "foot": ""}}, {"type": "Feature", "geometry": {"type": "LineString", "coordinates": [[10.0271731, 53.575983], [10.0275061, 53.5757049]]}, "properties": {"id": 292490793, "highway": "footway", "name": "", "surface": "paving_stones", "foot": ""}}, {"type": "Feature", "geometry": {"type": "LineString", "coordinates": [[10.0273858, 53.5760777], [10.0277212, 53.5757944]]}, "properties": {"id": 292490794, "highway": "footway", "name": "", "surface": "paving_stones", "foot": ""}}, {"type": "Feature", "geometry": {"type": "LineString", "coordinates": [[10.0368179, 53.5781151], [10.0367935, 53.5784927], [10.0370285, 53.5785585], [10.0372603, 53.5785814]]}, "properties": {"id": 293274337, "highway": "footway", "name": "", "surface": "paving_stones", "foot": ""}}, {"type": "Feature", "geometry": {"type": "LineString", "coordinates": [[10.0260185, 53.575137], [10.0262091, 53.5752108], [10.026253, 53.5752123], [10.0264836, 53.5752389], [10.0265244, 53.5752563], [10.026813, 53.5753796]]}, "properties": {"id": 293558269, "highway": "footway", "name": "", "surface": "paving_stones", "foot": ""}}, {"type": "Feature", "geometry": {"type": "LineString", "coordinates": [[10.0105113, 53.5852143], [10.0104774, 53.5852607], [10.010443, 53.5853511], [10.0103785, 53.5853896], [10.0102426, 53.5854258], [10.0098739, 53.5857019], [10.0097858, 53.5858097], [10.0096076, 53.5859106]]}, "properties": {"id": 293669870, "highway": "footway", "name": "", "surface": "paving_stones", "foot": "destination"}}, {"type": "Feature", "geometry": {"type": "LineString", "coordinates": [[10.0110469, 53.5854438], [10.0110052, 53.5855288], [10.0109786, 53.5856079], [10.0108948, 53.58567], [10.0107856, 53.5857016], [10.0103694, 53.5860048], [10.010349, 53.5860481], [10.010192, 53.5861564]]}, "properties": {"id": 293669871, "highway": "footway", "name": "", "surface": "paving_stones", "foot": "destination"}}, {"type": "Feature", "geometry": {"type": "LineString", "coordinates": [[10.0266789, 53.5835357], [10.0267139, 53.5836631]]}, "properties": {"id": 293912947, "highway": "path", "name": "", "surface": "dirt", "foot": ""}}, {"type": "Feature", "geometry": {"type": "LineString", "coordinates": [[10.0278344, 53.5839173], [10.0278802, 53.583827]]}, "properties": {"id": 293912949, "highway": "footway", "name": "", "surface": "compacted", "foot": ""}}, {"type": "Feature", "geometry": {"type": "LineString", "coordinates": [[10.0266147, 53.5836311], [10.0266412, 53.5835683], [10.0266789, 53.5835357], [10.0268135, 53.5834528], [10.0268008, 53.5833356], [10.0268622, 53.5832074], [10.0268731, 53.5830968], [10.026823, 53.5829346], [10.026877, 53.5828849]]}, "properties": {"id": 293912952, "highway": "footway", "name": "", "surface": "compacted", "foot": ""}}, {"type": "Feature", "geometry": {"type": "LineString", "coordinates": [[10.0362963, 53.5784952], [10.0363356, 53.5781073]]}, "properties": {"id": 295465271, "highway": "footway", "name": "", "surface": "paving_stones", "foot": ""}}, {"type": "Feature", "geometry": {"type": "LineString", "coordinates": [[10.0358113, 53.5784193], [10.0358949, 53.5780744]]}, "properties": {"id": 295465272, "highway": "footway", "name": "", "surface": "paving_stones", "foot": ""}}, {"type": "Feature", "geometry": {"type": "LineString", "coordinates": [[10.0198313, 53.5845359], [10.0207191, 53.5847291]]}, "properties": {"id": 296770475, "highway": "footway", "name": "", "surface": "paving_stones", "foot": ""}}, {"type": "Feature", "geometry": {"type": "LineString", "coordinates": [[10.0392478, 53.5846784], [10.0392057, 53.5846415], [10.0392037, 53.5844226], [10.039178, 53.5843222], [10.0389729, 53.584229], [10.0389527, 53.584132]]}, "properties": {"id": 302093539, "highway": "footway", "name": "", "surface": "paving_stones", "foot": ""}}, {"type": "Feature", "geometry": {"type": "LineString", "coordinates": [[10.0398953, 53.58649], [10.0399971, 53.5864851], [10.0400109, 53.5865866]]}, "properties": {"id": 307131241, "highway": "footway", "name": "", "surface": "paving_stones", "foot": ""}}, {"type": "Feature", "geometry": {"type": "LineString", "coordinates": [[10.0401614, 53.5866368], [10.0401422, 53.5864958], [10.0401104, 53.5864973], [10.0401031, 53.5864434], [10.0399921, 53.5864487], [10.0399971, 53.5864851]]}, "properties": {"id": 307131242, "highway": "footway", "name": "", "surface": "paving_stones", "foot": ""}}, {"type": "Feature", "geometry": {"type": "LineString", "coordinates": [[10.039883, 53.586399], [10.0398953, 53.58649], [10.0399096, 53.5865965], [10.0400109, 53.5865866], [10.0400281, 53.5866439], [10.0401614, 53.5866368], [10.0403514, 53.5866266], [10.040434, 53.5866621]]}, "properties": {"id": 307131243, "highway": "footway", "name": "", "surface": "paving_stones", "foot": ""}}, {"type": "Feature", "geometry": {"type": "LineString", "coordinates": [[10.0369121, 53.5876343], [10.0368847, 53.5875415], [10.0368474, 53.5874483]]}, "properties": {"id": 307329545, "highway": "path", "name": "", "surface": "compacted", "foot": ""}}, {"type": "Feature", "geometry": {"type": "LineString", "coordinates": [[10.0257327, 53.5848564], [10.0257768, 53.5847882]]}, "properties": {"id": 308317215, "highway": "footway", "name": "", "surface": "paving_stones", "foot": ""}}, {"type": "Feature", "geometry": {"type": "LineString", "coordinates": [[10.0255988, 53.5850607], [10.0256639, 53.5849604]]}, "properties": {"id": 308317217, "highway": "footway", "name": "", "surface": "paving_stones", "foot": ""}}, {"type": "Feature", "geometry": {"type": "LineString", "coordinates": [[10.0256639, 53.5849604], [10.0257327, 53.5848564]]}, "properties": {"id": 308317219, "highway": "footway", "name": "", "surface": "paving_stones", "foot": ""}}, {"type": "Feature", "geometry": {"type": "LineString", "coordinates": [[10.03018, 53.5840812], [10.0302807, 53.5840151], [10.030456, 53.583998]]}, "properties": {"id": 308319558, "highway": "footway", "name": "", "surface": "paving_stones", "foot": ""}}, {"type": "Feature", "geometry": {"type": "LineString", "coordinates": [[10.0399678, 53.5898239], [10.0405781, 53.590392], [10.0407693, 53.59036], [10.041052, 53.5905426], [10.0412677, 53.5908318]]}, "properties": {"id": 308366844, "highway": "footway", "name": "", "surface": "paving_stones", "foot": ""}}, {"type": "Feature", "geometry": {"type": "LineString", "coordinates": [[10.0246126, 53.5875311], [10.0248155, 53.5876756], [10.0250817, 53.5879027]]}, "properties": {"id": 310071054, "highway": "footway", "name": "", "surface": "paving_stones", "foot": ""}}, {"type": "Feature", "geometry": {"type": "LineString", "coordinates": [[10.0161082, 53.5893012], [10.0162643, 53.589308]]}, "properties": {"id": 310073742, "highway": "footway", "name": "", "surface": "paving_stones", "foot": ""}}, {"type": "Feature", "geometry": {"type": "LineString", "coordinates": [[10.0162643, 53.589308], [10.0166181, 53.5893198], [10.01662, 53.589292]]}, "properties": {"id": 310073743, "highway": "footway", "name": "", "surface": "paving_stones", "foot": ""}}, {"type": "Feature", "geometry": {"type": "LineString", "coordinates": [[10.021712, 53.5854124], [10.0219673, 53.5855222], [10.0221239, 53.5854085], [10.0222248, 53.5853136], [10.0222804, 53.5852613], [10.022443, 53.5850634], [10.0225326, 53.5849117], [10.0226686, 53.5846832]]}, "properties": {"id": 311425217, "highway": "footway", "name": "", "surface": "paving_stones", "foot": ""}}, {"type": "Feature", "geometry": {"type": "LineString", "coordinates": [[10.0349722, 53.5932036], [10.0349053, 53.5931982], [10.0339665, 53.5931235], [10.0339862, 53.5930362], [10.0340088, 53.5929363], [10.0349467, 53.593011], [10.0350126, 53.5930162]]}, "properties": {"id": 317379999, "highway": "footway", "name": "", "surface": "paving_stones", "foot": ""}}, {"type": "Feature", "geometry": {"type": "LineString", "coordinates": [[10.033753, 53.5937984], [10.0338739, 53.5938085], [10.0338898, 53.5938097]]}, "properties": {"id": 317380000, "highway": "footway", "name": "", "surface": "paving_stones", "foot": ""}}, {"type": "Feature", "geometry": {"type": "LineString", "coordinates": [[10.0333348, 53.5951702], [10.0333643, 53.595027], [10.0334495, 53.5946223]]}, "properties": {"id": 317380003, "highway": "footway", "name": "", "surface": "asphalt", "foot": ""}}, {"type": "Feature", "geometry": {"type": "LineString", "coordinates": [[10.0344043, 53.5938129], [10.0344878, 53.5934645], [10.034421, 53.5934595], [10.0344305, 53.5934167], [10.0344411, 53.5933631], [10.0342225, 53.5933458], [10.0339923, 53.5933286]]}, "properties": {"id": 317380005, "highway": "footway", "name": "", "surface": "paving_stones", "foot": ""}}, {"type": "Feature", "geometry": {"type": "LineString", "coordinates": [[10.0338809, 53.5946571], [10.033847, 53.594792], [10.0338083, 53.5949464], [10.0337786, 53.595061], [10.0334098, 53.5950307], [10.0333643, 53.595027]]}, "properties": {"id": 317380006, "highway": "footway", "name": "", "surface": "paving_stones", "foot": ""}}, {"type": "Feature", "geometry": {"type": "LineString", "coordinates": [[10.0272561, 53.5834016], [10.0271963, 53.5834578], [10.0272199, 53.5834917], [10.0272965, 53.5835206], [10.0275805, 53.5835264], [10.0276709, 53.583566], [10.0279257, 53.5837267], [10.0280336, 53.5837338]]}, "properties": {"id": 318188371, "highway": "path", "name": "", "surface": "compacted", "foot": ""}}, {"type": "Feature", "geometry": {"type": "LineString", "coordinates": [[10.0279634, 53.5916581], [10.0279165, 53.5916892], [10.0279016, 53.5917541], [10.0279373, 53.5917955]]}, "properties": {"id": 320476837, "highway": "footway", "name": "", "surface": "paving_stones", "foot": ""}}, {"type": "Feature", "geometry": {"type": "LineString", "coordinates": [[10.0280142, 53.5919023], [10.0280243, 53.5919198], [10.0282194, 53.5921975], [10.0284115, 53.5921511], [10.0284948, 53.5921591], [10.028589, 53.5922033], [10.028684, 53.5922918], [10.0287785, 53.5924113], [10.0288148, 53.592552], [10.0288339, 53.5926267], [10.0287973, 53.592693], [10.0286183, 53.5927377], [10.0287991, 53.5930238], [10.0273905, 53.5933727]]}, "properties": {"id": 320476838, "highway": "footway", "name": "", "surface": "paving_stones", "foot": ""}}, {"type": "Feature", "geometry": {"type": "LineString", "coordinates": [[10.0280243, 53.5919198], [10.0275415, 53.5920409], [10.0266317, 53.592269]]}, "properties": {"id": 320476839, "highway": "footway", "name": "", "surface": "paving_stones", "foot": ""}}, {"type": "Feature", "geometry": {"type": "LineString", "coordinates": [[10.023941, 53.5971391], [10.0240069, 53.597077], [10.0241162, 53.5969674], [10.0243056, 53.5967084], [10.0244815, 53.596444], [10.0245731, 53.596146], [10.024622, 53.5959717], [10.0246489, 53.5958579], [10.0246537, 53.5957412], [10.0246348, 53.595611], [10.0245946, 53.595479], [10.0244415, 53.5952329], [10.0241243, 53.5948054], [10.0234446, 53.5938456], [10.0232768, 53.5936194], [10.0226874, 53.5928013], [10.0226154, 53.5927071]]}, "properties": {"id": 320769131, "highway": "footway", "name": "", "surface": "asphalt", "foot": "yes"}}, {"type": "Feature", "geometry": {"type": "LineString", "coordinates": [[10.0216212, 53.5850271], [10.0206705, 53.584808]]}, "properties": {"id": 320770765, "highway": "footway", "name": "", "surface": "paving_stones", "foot": ""}}, {"type": "Feature", "geometry": {"type": "LineString", "coordinates": [[10.0305381, 53.5813065], [10.0305273, 53.5813803], [10.0305408, 53.5814446], [10.0306301, 53.5814831], [10.0306856, 53.5814944], [10.0306946, 53.5815057], [10.0307207, 53.5815385], [10.0307708, 53.5816012], [10.0307356, 53.5816333], [10.0306612, 53.5816502], [10.0306171, 53.5816301], [10.0305855, 53.5816156], [10.0305625, 53.5815787], [10.0305489, 53.5814711], [10.0305408, 53.5814446]]}, "properties": {"id": 320865664, "highway": "footway", "name": "", "surface": "paving_stones", "foot": ""}}, {"type": "Feature", "geometry": {"type": "LineString", "coordinates": [[10.0306223, 53.5809776], [10.0306559, 53.5811515], [10.0306721, 53.5812591], [10.0307397, 53.5812896], [10.0307708, 53.5813514], [10.03079, 53.5814404], [10.0308019, 53.5815273], [10.0307708, 53.5816012], [10.0307911, 53.5817056], [10.0305922, 53.5817158], [10.030461, 53.5817225], [10.0304586, 53.5816302], [10.0304556, 53.5815185], [10.0304569, 53.581467], [10.030461, 53.5813089], [10.0304759, 53.5812125], [10.0305801, 53.5811715], [10.0306559, 53.5811515]]}, "properties": {"id": 320865665, "highway": "footway", "name": "", "surface": "paving_stones", "foot": ""}}, {"type": "Feature", "geometry": {"type": "LineString", "coordinates": [[10.0306171, 53.5816301], [10.0305922, 53.5817158]]}, "properties": {"id": 320865666, "highway": "footway", "name": "", "surface": "paving_stones", "foot": ""}}, {"type": "Feature", "geometry": {"type": "LineString", "coordinates": [[10.0307708, 53.5816012], [10.030901, 53.5815768]]}, "properties": {"id": 320865667, "highway": "footway", "name": "", "surface": "paving_stones", "foot": ""}}, {"type": "Feature", "geometry": {"type": "LineString", "coordinates": [[10.0305489, 53.5814711], [10.0304569, 53.581467]]}, "properties": {"id": 320865668, "highway": "footway", "name": "", "surface": "paving_stones", "foot": ""}}, {"type": "Feature", "geometry": {"type": "LineString", "coordinates": [[10.0304586, 53.5816302], [10.0305625, 53.5815787]]}, "properties": {"id": 320865669, "highway": "footway", "name": "", "surface": "paving_stones", "foot": ""}}, {"type": "Feature", "geometry": {"type": "LineString", "coordinates": [[10.0306946, 53.5815057], [10.03079, 53.5814404], [10.0308733, 53.5814236]]}, "properties": {"id": 320865674, "highway": "footway", "name": "", "surface": "paving_stones", "foot": ""}}, {"type": "Feature", "geometry": {"type": "LineString", "coordinates": [[10.0307397, 53.5812896], [10.0308472, 53.5812795]]}, "properties": {"id": 320865676, "highway": "footway", "name": "", "surface": "paving_stones", "foot": ""}}, {"type": "Feature", "geometry": {"type": "LineString", "coordinates": [[10.030461, 53.5813089], [10.0305381, 53.5813065], [10.0305922, 53.5812719], [10.0306721, 53.5812591]]}, "properties": {"id": 320865677, "highway": "footway", "name": "", "surface": "paving_stones", "foot": ""}}, {"type": "Feature", "geometry": {"type": "LineString", "coordinates": [[10.0307911, 53.5817056], [10.030921, 53.5816871], [10.030901, 53.5815768], [10.0308733, 53.5814236], [10.0308472, 53.5812795], [10.0308303, 53.581186], [10.0306559, 53.5811515]]}, "properties": {"id": 320865679, "highway": "footway", "name": "", "surface": "paving_stones", "foot": ""}}, {"type": "Feature", "geometry": {"type": "LineString", "coordinates": [[10.0251337, 53.5836445], [10.0252922, 53.5836943], [10.0250309, 53.584114], [10.0246804, 53.5840435]]}, "properties": {"id": 321017263, "highway": "footway", "name": "", "surface": "paving_stones", "foot": ""}}, {"type": "Feature", "geometry": {"type": "LineString", "coordinates": [[10.0101112, 53.5875675], [10.0095611, 53.587896], [10.0094831, 53.5879426]]}, "properties": {"id": 321043193, "highway": "footway", "name": "", "surface": "paving_stones", "foot": ""}}, {"type": "Feature", "geometry": {"type": "LineString", "coordinates": [[10.0397285, 53.5809335], [10.0396831, 53.5811589], [10.0396846, 53.5812532], [10.0393256, 53.5813229]]}, "properties": {"id": 321214724, "highway": "footway", "name": "", "surface": "paving_stones", "foot": ""}}, {"type": "Feature", "geometry": {"type": "LineString", "coordinates": [[10.0372749, 53.5778804], [10.0373112, 53.5774701], [10.0373735, 53.5774705]]}, "properties": {"id": 323280122, "highway": "footway", "name": "", "surface": "paving_stones", "foot": ""}}, {"type": "Feature", "geometry": {"type": "LineString", "coordinates": [[10.0374316, 53.5775571], [10.0380416, 53.5774106]]}, "properties": {"id": 323280727, "highway": "footway", "name": "", "surface": "paving_stones", "foot": ""}}, {"type": "Feature", "geometry": {"type": "LineString", "coordinates": [[10.0202548, 53.5835701], [10.0202729, 53.5834498]]}, "properties": {"id": 325319349, "highway": "footway", "name": "", "surface": "paving_stones", "foot": ""}}, {"type": "Feature", "geometry": {"type": "LineString", "coordinates": [[10.0201941, 53.5837099], [10.0202548, 53.5835701]]}, "properties": {"id": 325319350, "highway": "footway", "name": "", "surface": "paving_stones", "foot": ""}}, {"type": "Feature", "geometry": {"type": "LineString", "coordinates": [[10.0203241, 53.5833413], [10.0195675, 53.5832783]]}, "properties": {"id": 325319351, "highway": "footway", "name": "", "surface": "paving_stones", "foot": ""}}, {"type": "Feature", "geometry": {"type": "LineString", "coordinates": [[10.0097986, 53.5843173], [10.0098522, 53.5843028]]}, "properties": {"id": 331370096, "highway": "footway", "name": "", "surface": "concrete", "foot": ""}}, {"type": "Feature", "geometry": {"type": "LineString", "coordinates": [[10.0096158, 53.584408], [10.0096495, 53.5843817]]}, "properties": {"id": 331370099, "highway": "footway", "name": "", "surface": "sett", "foot": ""}}, {"type": "Feature", "geometry": {"type": "LineString", "coordinates": [[10.0337614, 53.5824162], [10.0338235, 53.5824249], [10.0341003, 53.5825723]]}, "properties": {"id": 331969586, "highway": "footway", "name": "", "surface": "paving_stones", "foot": ""}}, {"type": "Feature", "geometry": {"type": "LineString", "coordinates": [[10.0214984, 53.5803175], [10.0213578, 53.5803443], [10.0212384, 53.5803672], [10.0214011, 53.5802146]]}, "properties": {"id": 332053541, "highway": "footway", "name": "", "surface": "paving_stones", "foot": ""}}, {"type": "Feature", "geometry": {"type": "LineString", "coordinates": [[10.0387218, 53.57787], [10.0385631, 53.5779097]]}, "properties": {"id": 337605755, "highway": "footway", "name": "", "surface": "paving_stones", "foot": ""}}, {"type": "Feature", "geometry": {"type": "LineString", "coordinates": [[10.0384267, 53.5779454], [10.037962, 53.5780673], [10.0379626, 53.5781337]]}, "properties": {"id": 337605756, "highway": "footway", "name": "", "surface": "paving_stones", "foot": ""}}, {"type": "Feature", "geometry": {"type": "LineString", "coordinates": [[10.0385631, 53.5779097], [10.0384267, 53.5779454]]}, "properties": {"id": 337605757, "highway": "footway", "name": "", "surface": "asphalt", "foot": ""}}, {"type": "Feature", "geometry": {"type": "LineString", "coordinates": [[10.0173861, 53.5846074], [10.0174706, 53.5846289], [10.0175675, 53.584489], [10.0176261, 53.5844022], [10.0176599, 53.5843521], [10.0177391, 53.5842371], [10.0177584, 53.5842091], [10.017834, 53.5840956], [10.0179016, 53.5839969], [10.01793, 53.5839544], [10.0178806, 53.5839426]]}, "properties": {"id": 337681579, "highway": "footway", "name": "", "surface": "paving_stones", "foot": ""}}, {"type": "Feature", "geometry": {"type": "LineString", "coordinates": [[10.0173907, 53.5841188], [10.0174109, 53.5841231]]}, "properties": {"id": 337681582, "highway": "footway", "name": "", "surface": "paving_stones", "foot": ""}}, {"type": "Feature", "geometry": {"type": "LineString", "coordinates": [[10.0373028, 53.578123], [10.0372603, 53.5785814]]}, "properties": {"id": 338525945, "highway": "footway", "name": "", "surface": "paving_stones", "foot": ""}}, {"type": "Feature", "geometry": {"type": "LineString", "coordinates": [[10.0306416, 53.5916171], [10.0306031, 53.5915542]]}, "properties": {"id": 340397425, "highway": "footway", "name": "", "surface": "paving_stones", "foot": ""}}, {"type": "Feature", "geometry": {"type": "LineString", "coordinates": [[10.0309655, 53.5921519], [10.0310057, 53.5922097]]}, "properties": {"id": 340397426, "highway": "footway", "name": "", "surface": "compacted", "foot": ""}}, {"type": "Feature", "geometry": {"type": "LineString", "coordinates": [[10.03107, 53.5923023], [10.0311056, 53.5923536], [10.0312006, 53.5924904], [10.0316132, 53.5923891]]}, "properties": {"id": 340397427, "highway": "footway", "name": "", "surface": "paving_stones", "foot": ""}}, {"type": "Feature", "geometry": {"type": "LineString", "coordinates": [[10.0357297, 53.5776724], [10.0356245, 53.5780498]]}, "properties": {"id": 341859265, "highway": "footway", "name": "", "surface": "asphalt", "foot": ""}}, {"type": "Feature", "geometry": {"type": "LineString", "coordinates": [[10.0361679, 53.5767435], [10.0361914, 53.5765963], [10.0362111, 53.576464]]}, "properties": {"id": 342319982, "highway": "footway", "name": "", "surface": "paving_stones", "foot": ""}}, {"type": "Feature", "geometry": {"type": "LineString", "coordinates": [[10.0091829, 53.5846874], [10.0092198, 53.5846857], [10.0092503, 53.5846894], [10.0092853, 53.5847055]]}, "properties": {"id": 344968912, "highway": "footway", "name": "", "surface": "paving_stones", "foot": ""}}, {"type": "Feature", "geometry": {"type": "LineString", "coordinates": [[10.0093127, 53.5847182], [10.0093341, 53.584728]]}, "properties": {"id": 344968913, "highway": "footway", "name": "", "surface": "paving_stones", "foot": ""}}, {"type": "Feature", "geometry": {"type": "LineString", "coordinates": [[10.0094445, 53.5847472], [10.0095277, 53.5847453], [10.0095568, 53.5847578]]}, "properties": {"id": 344968915, "highway": "footway", "name": "", "surface": "paving_stones", "foot": ""}}, {"type": "Feature", "geometry": {"type": "LineString", "coordinates": [[10.0090412, 53.5852202], [10.0089636, 53.5851817], [10.0085839, 53.5849934], [10.0079688, 53.5846716]]}, "properties": {"id": 344968919, "highway": "footway", "name": "", "surface": "paving_stones", "foot": ""}}, {"type": "Feature", "geometry": {"type": "LineString", "coordinates": [[10.0118698, 53.5863565], [10.0118581, 53.5863307], [10.011983, 53.5859158], [10.0119866, 53.5858791], [10.0119688, 53.5858442], [10.0110469, 53.5854438], [10.0105113, 53.5852143], [10.0104385, 53.5851831], [10.0102608, 53.585107], [10.0097454, 53.5849013], [10.009667, 53.58487]]}, "properties": {"id": 344981289, "highway": "footway", "name": "", "surface": "compacted", "foot": ""}}, {"type": "Feature", "geometry": {"type": "LineString", "coordinates": [[10.0147089, 53.5884893], [10.0146614, 53.588468]]}, "properties": {"id": 344994343, "highway": "footway", "name": "", "surface": "compacted", "foot": ""}}, {"type": "Feature", "geometry": {"type": "LineString", "coordinates": [[10.0138682, 53.5882471], [10.0139641, 53.5881772]]}, "properties": {"id": 344994345, "highway": "footway", "name": "", "surface": "paving_stones", "foot": ""}}, {"type": "Feature", "geometry": {"type": "LineString", "coordinates": [[10.0302807, 53.5840151], [10.0303431, 53.5841349]]}, "properties": {"id": 345560040, "highway": "footway", "name": "", "surface": "paving_stones", "foot": ""}}, {"type": "Feature", "geometry": {"type": "LineString", "coordinates": [[10.0098522, 53.5843028], [10.009393, 53.5840591]]}, "properties": {"id": 347473793, "highway": "footway", "name": "", "surface": "paving_stones", "foot": ""}}, {"type": "Feature", "geometry": {"type": "LineString", "coordinates": [[10.0392934, 53.5903305], [10.0395525, 53.590426], [10.0397552, 53.5905841], [10.040064, 53.5906715]]}, "properties": {"id": 352013980, "highway": "footway", "name": "", "surface": "paving_stones", "foot": ""}}, {"type": "Feature", "geometry": {"type": "LineString", "coordinates": [[10.0157267, 53.5892558], [10.0156958, 53.5892321], [10.0156541, 53.5892044], [10.0156048, 53.5891821], [10.0155393, 53.5891685], [10.015494, 53.5891634], [10.0154671, 53.5891553]]}, "properties": {"id": 352029056, "highway": "footway", "name": "", "surface": "asphalt", "foot": ""}}, {"type": "Feature", "geometry": {"type": "LineString", "coordinates": [[10.0139148, 53.586231], [10.0139414, 53.58621], [10.0139568, 53.5862165]]}, "properties": {"id": 353429839, "highway": "footway", "name": "", "surface": "concrete", "foot": ""}}, {"type": "Feature", "geometry": {"type": "LineString", "coordinates": [[10.0317405, 53.5879554], [10.0318392, 53.5876107], [10.0319019, 53.5875762]]}, "properties": {"id": 354586354, "highway": "footway", "name": "", "surface": "paving_stones", "foot": ""}}, {"type": "Feature", "geometry": {"type": "LineString", "coordinates": [[10.0320534, 53.5879426], [10.0320891, 53.5876265], [10.0320173, 53.5876043]]}, "properties": {"id": 354586355, "highway": "footway", "name": "", "surface": "paving_stones", "foot": ""}}, {"type": "Feature", "geometry": {"type": "LineString", "coordinates": [[10.0351314, 53.578005], [10.0352628, 53.5776313]]}, "properties": {"id": 355301725, "highway": "footway", "name": "", "surface": "paving_stones", "foot": ""}}, {"type": "Feature", "geometry": {"type": "LineString", "coordinates": [[10.029149, 53.59313], [10.0290142, 53.5928962]]}, "properties": {"id": 357786643, "highway": "footway", "name": "", "surface": "compacted", "foot": ""}}, {"type": "Feature", "geometry": {"type": "LineString", "coordinates": [[10.0289654, 53.5931731], [10.029149, 53.59313]]}, "properties": {"id": 357786644, "highway": "footway", "name": "", "surface": "compacted", "foot": ""}}, {"type": "Feature", "geometry": {"type": "LineString", "coordinates": [[10.0268916, 53.5803025], [10.0262632, 53.580382], [10.026459, 53.5800182]]}, "properties": {"id": 358966114, "highway": "footway", "name": "", "surface": "paving_stones", "foot": ""}}, {"type": "Feature", "geometry": {"type": "LineString", "coordinates": [[10.0240964, 53.5912288], [10.0241308, 53.5914262]]}, "properties": {"id": 359373129, "highway": "footway", "name": "", "surface": "compacted", "foot": ""}}, {"type": "Feature", "geometry": {"type": "LineString", "coordinates": [[10.0243505, 53.5839643], [10.0242699, 53.5839433], [10.02419, 53.5838811], [10.0239291, 53.5842726], [10.0238721, 53.5842912], [10.0237109, 53.5842644]]}, "properties": {"id": 359428130, "highway": "footway", "name": "", "surface": "compacted", "foot": ""}}, {"type": "Feature", "geometry": {"type": "LineString", "coordinates": [[10.0281567, 53.5792921], [10.028296, 53.5791421], [10.0288679, 53.57858], [10.0290992, 53.578351]]}, "properties": {"id": 359434159, "highway": "footway", "name": "", "surface": "paving_stones", "foot": ""}}, {"type": "Feature", "geometry": {"type": "LineString", "coordinates": [[10.0299989, 53.5786251], [10.0301027, 53.5785475], [10.0304148, 53.5783141], [10.0305726, 53.5782476]]}, "properties": {"id": 359434160, "highway": "footway", "name": "", "surface": "paving_stones", "foot": ""}}, {"type": "Feature", "geometry": {"type": "LineString", "coordinates": [[10.0138475, 53.5898408], [10.013801, 53.5898601], [10.0137567, 53.5898784]]}, "properties": {"id": 361824838, "highway": "path", "name": "", "surface": "asphalt", "foot": "designated"}}, {"type": "Feature", "geometry": {"type": "LineString", "coordinates": [[10.0295672, 53.5783897], [10.0293485, 53.5784796]]}, "properties": {"id": 362039601, "highway": "footway", "name": "", "surface": "paving_stones", "foot": ""}}, {"type": "Feature", "geometry": {"type": "LineString", "coordinates": [[10.0289841, 53.5782923], [10.0291021, 53.5782052]]}, "properties": {"id": 362039602, "highway": "footway", "name": "", "surface": "paving_stones", "foot": ""}}, {"type": "Feature", "geometry": {"type": "LineString", "coordinates": [[10.031869, 53.5798377], [10.0318687, 53.5797535], [10.0318963, 53.5796538]]}, "properties": {"id": 362039614, "highway": "path", "name": "", "surface": "paving_stones", "foot": "designated"}}, {"type": "Feature", "geometry": {"type": "LineString", "coordinates": [[10.0318687, 53.5797535], [10.0316512, 53.5797123], [10.0312282, 53.579529], [10.0307322, 53.5792692], [10.0304723, 53.5791161], [10.0303697, 53.5790393], [10.030051, 53.5788863], [10.0295451, 53.5785934], [10.0293485, 53.5784796], [10.0291878, 53.5783961], [10.0290992, 53.578351], [10.0289841, 53.5782923], [10.0284549, 53.578056], [10.028313, 53.5779938], [10.0283016, 53.5779888], [10.0280122, 53.5778844], [10.0276645, 53.5777744], [10.0275917, 53.5777514], [10.0274775, 53.5777153], [10.0273391, 53.5776676], [10.0269246, 53.5775249], [10.0260981, 53.5772077]]}, "properties": {"id": 362039615, "highway": "path", "name": "", "surface": "", "foot": "designated"}}, {"type": "Feature", "geometry": {"type": "LineString", "coordinates": [[10.0286033, 53.5851817], [10.028528, 53.5851884]]}, "properties": {"id": 362205918, "highway": "footway", "name": "", "surface": "paving_stones", "foot": ""}}, {"type": "Feature", "geometry": {"type": "LineString", "coordinates": [[10.0253969, 53.5871892], [10.0251719, 53.5870398], [10.0255077, 53.5868203], [10.0257122, 53.5866867], [10.0258124, 53.5866537], [10.0260869, 53.5868978], [10.0258372, 53.5870032], [10.0256889, 53.5870659], [10.0253969, 53.5871892]]}, "properties": {"id": 363443721, "highway": "footway", "name": "", "surface": "concrete", "foot": ""}}, {"type": "Feature", "geometry": {"type": "LineString", "coordinates": [[10.0249691, 53.5795652], [10.0249847, 53.5796031], [10.0249205, 53.5796973], [10.0246561, 53.5796337]]}, "properties": {"id": 371376386, "highway": "footway", "name": "", "surface": "paving_stones", "foot": ""}}, {"type": "Feature", "geometry": {"type": "LineString", "coordinates": [[10.0232692, 53.5786023], [10.023916, 53.5788597], [10.0240302, 53.5789057], [10.0242002, 53.578975], [10.0245688, 53.5791239], [10.024828, 53.5792309], [10.0251091, 53.5793511], [10.0252106, 53.5793753], [10.0252789, 53.5793855], [10.0261432, 53.579328], [10.0262815, 53.5793209], [10.0264048, 53.5793147], [10.0265407, 53.5793136], [10.026674, 53.5793125], [10.027068, 53.5793049], [10.027244, 53.5793062], [10.0281567, 53.5792921], [10.0283869, 53.579289], [10.0284792, 53.5792861], [10.0287395, 53.5793089], [10.0288617, 53.5793263], [10.0290137, 53.5793664], [10.0291909, 53.579439], [10.0292856, 53.5794829], [10.0296555, 53.579647], [10.03007, 53.5798324], [10.0304987, 53.5799813]]}, "properties": {"id": 371435901, "highway": "footway", "name": "", "surface": "paving_stones", "foot": ""}}, {"type": "Feature", "geometry": {"type": "LineString", "coordinates": [[10.0086737, 53.5865879], [10.0084726, 53.5867196]]}, "properties": {"id": 371455166, "highway": "footway", "name": "", "surface": "concrete", "foot": ""}}, {"type": "Feature", "geometry": {"type": "LineString", "coordinates": [[10.0089177, 53.586432], [10.0087901, 53.5865122]]}, "properties": {"id": 371455167, "highway": "footway", "name": "", "surface": "paving_stones", "foot": ""}}, {"type": "Feature", "geometry": {"type": "LineString", "coordinates": [[10.0095282, 53.5871169], [10.0094356, 53.5871735]]}, "properties": {"id": 371455168, "highway": "footway", "name": "", "surface": "concrete", "foot": ""}}, {"type": "Feature", "geometry": {"type": "LineString", "coordinates": [[10.0092226, 53.5867534], [10.0090975, 53.5868329]]}, "properties": {"id": 371455169, "highway": "footway", "name": "", "surface": "asphalt", "foot": ""}}, {"type": "Feature", "geometry": {"type": "LineString", "coordinates": [[10.0093695, 53.5870236], [10.0092769, 53.5870802]]}, "properties": {"id": 371455170, "highway": "footway", "name": "", "surface": "concrete", "foot": ""}}, {"type": "Feature", "geometry": {"type": "LineString", "coordinates": [[10.0090975, 53.5868329], [10.0089087, 53.5869462]]}, "properties": {"id": 371455171, "highway": "footway", "name": "", "surface": "paving_stones", "foot": ""}}, {"type": "Feature", "geometry": {"type": "LineString", "coordinates": [[10.0087901, 53.5865122], [10.0086737, 53.5865879]]}, "properties": {"id": 371455173, "highway": "footway", "name": "", "surface": "concrete", "foot": ""}}, {"type": "Feature", "geometry": {"type": "LineString", "coordinates": [[10.0093363, 53.5866811], [10.0092226, 53.5867534]]}, "properties": {"id": 371455175, "highway": "footway", "name": "", "surface": "paving_stones", "foot": ""}}, {"type": "Feature", "geometry": {"type": "LineString", "coordinates": [[10.009301, 53.5869833], [10.0093695, 53.5870236], [10.0095282, 53.5871169], [10.0095871, 53.5871515]]}, "properties": {"id": 371455176, "highway": "footway", "name": "", "surface": "concrete", "foot": ""}}, {"type": "Feature", "geometry": {"type": "LineString", "coordinates": [[10.014622, 53.5968904], [10.0146405, 53.5965812], [10.0147368, 53.596002], [10.0147912, 53.5957505], [10.0149158, 53.594726], [10.0149208, 53.59465], [10.0149515, 53.5945307], [10.0149666, 53.5943638], [10.0149743, 53.5942724], [10.014956, 53.5942434], [10.0148824, 53.5941822], [10.0148548, 53.5941445], [10.0148401, 53.5940664]]}, "properties": {"id": 371481043, "highway": "footway", "name": "", "surface": "compacted", "foot": "yes"}}, {"type": "Feature", "geometry": {"type": "LineString", "coordinates": [[10.0203241, 53.5833413], [10.0204301, 53.5831469], [10.0204731, 53.5830679], [10.0205649, 53.5828996], [10.0204981, 53.582812]]}, "properties": {"id": 371900486, "highway": "footway", "name": "", "surface": "paving_stones", "foot": ""}}, {"type": "Feature", "geometry": {"type": "LineString", "coordinates": [[10.0272906, 53.5774417], [10.027389, 53.5774492], [10.0275467, 53.5774612]]}, "properties": {"id": 372193267, "highway": "footway", "name": "", "surface": "paving_stones", "foot": ""}}, {"type": "Feature", "geometry": {"type": "LineString", "coordinates": [[10.030255, 53.5930494], [10.030423, 53.5930053], [10.0306348, 53.5930108], [10.0307307, 53.5930285], [10.0307989, 53.5930678], [10.0308259, 53.593099], [10.0308501, 53.5931761], [10.0308288, 53.5932525], [10.0307883, 53.5933309], [10.0307613, 53.5933993], [10.0306952, 53.5934575], [10.0304419, 53.5935201]]}, "properties": {"id": 373657516, "highway": "path", "name": "", "surface": "dirt", "foot": ""}}, {"type": "Feature", "geometry": {"type": "LineString", "coordinates": [[10.0306355, 53.5937889], [10.0308085, 53.593809]]}, "properties": {"id": 373657519, "highway": "footway", "name": "", "surface": "compacted", "foot": ""}}, {"type": "Feature", "geometry": {"type": "LineString", "coordinates": [[10.0307307, 53.5930285], [10.0308661, 53.5929564], [10.0309212, 53.592898], [10.0309419, 53.5927898]]}, "properties": {"id": 373657525, "highway": "path", "name": "", "surface": "ground", "foot": ""}}, {"type": "Feature", "geometry": {"type": "LineString", "coordinates": [[10.0224662, 53.5888093], [10.0226191, 53.5888092], [10.0230256, 53.5889622]]}, "properties": {"id": 374018387, "highway": "footway", "name": "", "surface": "paving_stones", "foot": ""}}, {"type": "Feature", "geometry": {"type": "LineString", "coordinates": [[10.0268912, 53.5842459], [10.0265787, 53.58474], [10.0264635, 53.5848789], [10.0264477, 53.5849148]]}, "properties": {"id": 374360878, "highway": "footway", "name": "", "surface": "paving_stones", "foot": ""}}, {"type": "Feature", "geometry": {"type": "LineString", "coordinates": [[10.0399425, 53.5847416], [10.0399464, 53.5848409]]}, "properties": {"id": 374527673, "highway": "path", "name": "", "surface": "compacted", "foot": ""}}, {"type": "Feature", "geometry": {"type": "LineString", "coordinates": [[10.0357262, 53.5756305], [10.0357589, 53.5756051], [10.0358753, 53.5755144]]}, "properties": {"id": 375273487, "highway": "footway", "name": "", "surface": "paving_stones", "foot": ""}}, {"type": "Feature", "geometry": {"type": "LineString", "coordinates": [[10.0313198, 53.5819009], [10.0312349, 53.5819366], [10.0311795, 53.5819685]]}, "properties": {"id": 375421792, "highway": "footway", "name": "", "surface": "dirt", "foot": ""}}, {"type": "Feature", "geometry": {"type": "LineString", "coordinates": [[10.0365373, 53.5871517], [10.0368687, 53.5871129]]}, "properties": {"id": 375425084, "highway": "footway", "name": "", "surface": "paving_stones", "foot": ""}}, {"type": "Feature", "geometry": {"type": "LineString", "coordinates": [[10.036411, 53.5866773], [10.0367512, 53.5866489]]}, "properties": {"id": 375425085, "highway": "footway", "name": "", "surface": "paving_stones", "foot": ""}}, {"type": "Feature", "geometry": {"type": "LineString", "coordinates": [[10.0360823, 53.5751804], [10.0367769, 53.5748138], [10.0368072, 53.5746512]]}, "properties": {"id": 375654423, "highway": "footway", "name": "", "surface": "paving_stones", "foot": ""}}, {"type": "Feature", "geometry": {"type": "LineString", "coordinates": [[10.0327817, 53.5887975], [10.0328093, 53.5887813], [10.0329271, 53.588764]]}, "properties": {"id": 375675555, "highway": "path", "name": "", "surface": "paving_stones", "foot": "designated"}}, {"type": "Feature", "geometry": {"type": "LineString", "coordinates": [[10.0352838, 53.5870545], [10.0352735, 53.5871091], [10.0352411, 53.5874364], [10.0351564, 53.5875313], [10.0350955, 53.5875613]]}, "properties": {"id": 377252442, "highway": "footway", "name": "", "surface": "compacted", "foot": ""}}, {"type": "Feature", "geometry": {"type": "LineString", "coordinates": [[10.0298947, 53.5856662], [10.0297693, 53.585806], [10.0295002, 53.5861061]]}, "properties": {"id": 377391183, "highway": "footway", "name": "", "surface": "paving_stones", "foot": ""}}, {"type": "Feature", "geometry": {"type": "LineString", "coordinates": [[10.0293855, 53.5856976], [10.0290539, 53.5856115], [10.0291946, 53.585451]]}, "properties": {"id": 377391184, "highway": "footway", "name": "", "surface": "paving_stones", "foot": ""}}, {"type": "Feature", "geometry": {"type": "LineString", "coordinates": [[10.0297693, 53.585806], [10.0293855, 53.5856976], [10.0295644, 53.5854982], [10.0297804, 53.5854875], [10.0299148, 53.5855292], [10.029946, 53.5855766], [10.0299343, 53.5856298], [10.0298947, 53.5856662]]}, "properties": {"id": 377391185, "highway": "footway", "name": "", "surface": "paving_stones", "foot": ""}}, {"type": "Feature", "geometry": {"type": "LineString", "coordinates": [[10.038565, 53.5803457], [10.0385929, 53.5804241]]}, "properties": {"id": 377828365, "highway": "footway", "name": "", "surface": "paving_stones", "foot": ""}}, {"type": "Feature", "geometry": {"type": "LineString", "coordinates": [[10.0385929, 53.5804241], [10.0386335, 53.5805121]]}, "properties": {"id": 377828366, "highway": "footway", "name": "", "surface": "asphalt", "foot": ""}}, {"type": "Feature", "geometry": {"type": "LineString", "coordinates": [[10.0386335, 53.5805121], [10.038641, 53.5805401], [10.0387479, 53.5805357], [10.0387982, 53.5805668]]}, "properties": {"id": 377828367, "highway": "footway", "name": "", "surface": "paving_stones", "foot": ""}}, {"type": "Feature", "geometry": {"type": "LineString", "coordinates": [[10.0342437, 53.5881435], [10.0342116, 53.5881472]]}, "properties": {"id": 378952849, "highway": "footway", "name": "", "surface": "paving_stones", "foot": ""}}, {"type": "Feature", "geometry": {"type": "LineString", "coordinates": [[10.0342172, 53.5880629], [10.0342437, 53.5881435], [10.0342475, 53.5881553], [10.0343266, 53.5881816]]}, "properties": {"id": 378952850, "highway": "footway", "name": "", "surface": "paving_stones", "foot": ""}}, {"type": "Feature", "geometry": {"type": "LineString", "coordinates": [[10.0243802, 53.591789], [10.0244008, 53.5918179], [10.0245307, 53.5919928]]}, "properties": {"id": 380203592, "highway": "footway", "name": "", "surface": "compacted", "foot": ""}}, {"type": "Feature", "geometry": {"type": "LineString", "coordinates": [[10.0240653, 53.5920473], [10.0239928, 53.5920143], [10.0240432, 53.5919657], [10.024112, 53.5919236], [10.0242012, 53.5918833], [10.0244008, 53.5918179], [10.0246426, 53.5917801], [10.024872, 53.5917578], [10.0249622, 53.5917756], [10.025021, 53.5918128], [10.0250304, 53.5918452], [10.0250019, 53.5918707], [10.0247399, 53.5919902], [10.0246859, 53.5920045], [10.0246427, 53.5919902], [10.024582, 53.5919859], [10.0245307, 53.5919928], [10.0244844, 53.5920112], [10.0244363, 53.5920418], [10.0244256, 53.5920708], [10.0242993, 53.5920869], [10.0241414, 53.5920777], [10.0240653, 53.5920473]]}, "properties": {"id": 380203593, "highway": "footway", "name": "", "surface": "dirt", "foot": ""}}, {"type": "Feature", "geometry": {"type": "LineString", "coordinates": [[10.0156001, 53.5889893], [10.0155058, 53.5889368], [10.0153606, 53.588856]]}, "properties": {"id": 380528818, "highway": "path", "name": "", "surface": "asphalt", "foot": "designated"}}, {"type": "Feature", "geometry": {"type": "LineString", "coordinates": [[10.0089101, 53.5899795], [10.0086093, 53.5899803]]}, "properties": {"id": 380537922, "highway": "footway", "name": "", "surface": "concrete", "foot": ""}}, {"type": "Feature", "geometry": {"type": "LineString", "coordinates": [[10.0241514, 53.583714], [10.0242605, 53.5837331], [10.0242366, 53.583769], [10.0242971, 53.5838202], [10.0241888, 53.583867], [10.02419, 53.5838811]]}, "properties": {"id": 380787210, "highway": "footway", "name": "", "surface": "paving_stones", "foot": ""}}, {"type": "Feature", "geometry": {"type": "LineString", "coordinates": [[10.0336006, 53.5845862], [10.0337697, 53.5845983]]}, "properties": {"id": 381321855, "highway": "footway", "name": "", "surface": "paving_stones", "foot": ""}}, {"type": "Feature", "geometry": {"type": "LineString", "coordinates": [[10.0335545, 53.5843541], [10.0337686, 53.5843377]]}, "properties": {"id": 381329757, "highway": "footway", "name": "", "surface": "asphalt", "foot": ""}}, {"type": "Feature", "geometry": {"type": "LineString", "coordinates": [[10.0273363, 53.5876146], [10.0279717, 53.5873368], [10.0283976, 53.5871991]]}, "properties": {"id": 382544808, "highway": "path", "name": "", "surface": "concrete", "foot": ""}}, {"type": "Feature", "geometry": {"type": "LineString", "coordinates": [[10.0141087, 53.5779549], [10.0142143, 53.5779613], [10.0143037, 53.5779646]]}, "properties": {"id": 383235450, "highway": "footway", "name": "", "surface": "asphalt", "foot": ""}}, {"type": "Feature", "geometry": {"type": "LineString", "coordinates": [[10.0138898, 53.5875568], [10.013314, 53.5879519]]}, "properties": {"id": 384913470, "highway": "footway", "name": "", "surface": "concrete", "foot": ""}}, {"type": "Feature", "geometry": {"type": "LineString", "coordinates": [[10.0161021, 53.5900681], [10.0161044, 53.5900994], [10.0160351, 53.5901187], [10.0159839, 53.5901397], [10.0159739, 53.5901599], [10.0159334, 53.5901591]]}, "properties": {"id": 385085336, "highway": "footway", "name": "", "surface": "paving_stones", "foot": ""}}, {"type": "Feature", "geometry": {"type": "LineString", "coordinates": [[10.0196974, 53.5835554], [10.0198063, 53.5836292]]}, "properties": {"id": 386256496, "highway": "footway", "name": "", "surface": "paving_stones", "foot": ""}}, {"type": "Feature", "geometry": {"type": "LineString", "coordinates": [[10.0396985, 53.5917108], [10.0397127, 53.5914666]]}, "properties": {"id": 389302670, "highway": "footway", "name": "", "surface": "paving_stones", "foot": ""}}, {"type": "Feature", "geometry": {"type": "LineString", "coordinates": [[10.0349153, 53.5857933], [10.0348768, 53.5860331]]}, "properties": {"id": 389437917, "highway": "footway", "name": "", "surface": "paving_stones", "foot": ""}}, {"type": "Feature", "geometry": {"type": "LineString", "coordinates": [[10.0341455, 53.5863651], [10.0341315, 53.5864467], [10.0342731, 53.5864578], [10.0342731, 53.5864823], [10.0344821, 53.5864937]]}, "properties": {"id": 389437918, "highway": "footway", "name": "", "surface": "paving_stones", "foot": ""}}, {"type": "Feature", "geometry": {"type": "LineString", "coordinates": [[10.038832, 53.583823], [10.0390547, 53.5838069], [10.0391489, 53.5838001], [10.0396639, 53.5837637]]}, "properties": {"id": 389883407, "highway": "footway", "name": "", "surface": "paving_stones", "foot": ""}}, {"type": "Feature", "geometry": {"type": "LineString", "coordinates": [[10.0388631, 53.5840008], [10.038832, 53.583823], [10.0388041, 53.5836633]]}, "properties": {"id": 389883408, "highway": "footway", "name": "", "surface": "paving_stones", "foot": ""}}, {"type": "Feature", "geometry": {"type": "LineString", "coordinates": [[10.0384275, 53.5840305], [10.0388631, 53.5840008], [10.0392674, 53.5839736], [10.0393827, 53.5844848], [10.039369, 53.5847398]]}, "properties": {"id": 389883409, "highway": "footway", "name": "", "surface": "paving_stones", "foot": ""}}, {"type": "Feature", "geometry": {"type": "LineString", "coordinates": [[10.0354407, 53.5941378], [10.035429, 53.594188], [10.0354354, 53.5942173], [10.0354314, 53.594234], [10.0354012, 53.5942424], [10.0353938, 53.5942515], [10.0353945, 53.5942599], [10.0354108, 53.5942923], [10.0354119, 53.5943061], [10.0354012, 53.5943164], [10.0353734, 53.5943265], [10.0353224, 53.5943402], [10.0353036, 53.594413], [10.0352631, 53.5944322], [10.0352391, 53.5944326], [10.0351744, 53.5944094], [10.0351075, 53.594451], [10.0351749, 53.594546], [10.0351746, 53.5945552], [10.0350946, 53.5945985], [10.0350954, 53.5946101], [10.0351102, 53.5946319], [10.0351042, 53.5946459], [10.0350789, 53.5946819], [10.0350621, 53.5947538]]}, "properties": {"id": 390569375, "highway": "footway", "name": "", "surface": "paving_stones", "foot": ""}}, {"type": "Feature", "geometry": {"type": "LineString", "coordinates": [[10.0359217, 53.5923112], [10.0356851, 53.592284]]}, "properties": {"id": 390569376, "highway": "footway", "name": "", "surface": "paving_stones", "foot": ""}}, {"type": "Feature", "geometry": {"type": "LineString", "coordinates": [[10.0354792, 53.5948201], [10.0356316, 53.5947422], [10.0356925, 53.5944785], [10.035726, 53.5943333], [10.035765, 53.5941646], [10.035798, 53.5940256], [10.0358434, 53.593835], [10.035886, 53.593656], [10.0359217, 53.593506], [10.0359814, 53.5932424], [10.0360295, 53.5930304], [10.0360672, 53.5928686], [10.0361257, 53.5926998], [10.0362098, 53.5924565], [10.0362937, 53.5922141], [10.0363681, 53.5919983]]}, "properties": {"id": 390569377, "highway": "footway", "name": "", "surface": "paving_stones", "foot": ""}}, {"type": "Feature", "geometry": {"type": "LineString", "coordinates": [[10.0358453, 53.5925231], [10.0356092, 53.5924936]]}, "properties": {"id": 390569378, "highway": "footway", "name": "", "surface": "paving_stones", "foot": ""}}, {"type": "Feature", "geometry": {"type": "LineString", "coordinates": [[10.0360485, 53.5919597], [10.0359627, 53.5921977], [10.0359217, 53.5923112], [10.0358853, 53.5924122], [10.0358453, 53.5925231], [10.0358048, 53.5926355], [10.0355688, 53.5926054]]}, "properties": {"id": 390569380, "highway": "footway", "name": "", "surface": "paving_stones", "foot": ""}}, {"type": "Feature", "geometry": {"type": "LineString", "coordinates": [[10.0335006, 53.5943637], [10.03369, 53.5943783], [10.0336882, 53.5943865]]}, "properties": {"id": 390569381, "highway": "footway", "name": "", "surface": "paving_stones", "foot": ""}}, {"type": "Feature", "geometry": {"type": "LineString", "coordinates": [[10.0334495, 53.5946223], [10.0335006, 53.5943637], [10.0335183, 53.5942984], [10.0335516, 53.5942468], [10.0335892, 53.5942096], [10.0336227, 53.5941761], [10.0336567, 53.5941433], [10.0336819, 53.5940936], [10.0336958, 53.5940435], [10.0337077, 53.5939952]]}, "properties": {"id": 390569383, "highway": "footway", "name": "", "surface": "asphalt", "foot": ""}}, {"type": "Feature", "geometry": {"type": "LineString", "coordinates": [[10.035537, 53.5934789], [10.0355087, 53.5936314], [10.0354909, 53.5936645], [10.035469, 53.5936809], [10.0354189, 53.593702], [10.0353784, 53.5937123], [10.0353606, 53.5937222], [10.0353632, 53.593743], [10.0353815, 53.5937681], [10.0354053, 53.5937841], [10.0354233, 53.5938123], [10.0354155, 53.5938409], [10.0353899, 53.5938646], [10.0353299, 53.593882]]}, "properties": {"id": 390569385, "highway": "footway", "name": "", "surface": "paving_stones", "foot": ""}}, {"type": "Feature", "geometry": {"type": "LineString", "coordinates": [[10.0354532, 53.5930382], [10.0356571, 53.5930544], [10.0356861, 53.592923], [10.0357171, 53.5929265], [10.0357373, 53.5928416]]}, "properties": {"id": 390569386, "highway": "footway", "name": "", "surface": "paving_stones", "foot": ""}}, {"type": "Feature", "geometry": {"type": "LineString", "coordinates": [[10.0354906, 53.5928215], [10.0355443, 53.5926731], [10.0355688, 53.5926054], [10.0356092, 53.5924936], [10.0356137, 53.5924812], [10.035636, 53.5924195], [10.0356705, 53.5923244], [10.0356851, 53.592284], [10.0357273, 53.5921674]]}, "properties": {"id": 390569387, "highway": "footway", "name": "", "surface": "paving_stones", "foot": ""}}, {"type": "Feature", "geometry": {"type": "LineString", "coordinates": [[10.027476, 53.5868789], [10.0279717, 53.5873368], [10.0285659, 53.5881187]]}, "properties": {"id": 392395413, "highway": "path", "name": "", "surface": "concrete", "foot": "yes"}}, {"type": "Feature", "geometry": {"type": "LineString", "coordinates": [[10.040627, 53.5781927], [10.0404275, 53.578253], [10.0396558, 53.5783917]]}, "properties": {"id": 394019350, "highway": "footway", "name": "", "surface": "paving_stones", "foot": ""}}, {"type": "Feature", "geometry": {"type": "LineString", "coordinates": [[10.0310484, 53.5837985], [10.0312845, 53.5837989], [10.0315191, 53.5837725], [10.031525, 53.5838558]]}, "properties": {"id": 396303195, "highway": "footway", "name": "", "surface": "paving_stones", "foot": ""}}, {"type": "Feature", "geometry": {"type": "LineString", "coordinates": [[10.0310454, 53.5839089], [10.0310557, 53.5839793], [10.0313981, 53.5840095], [10.0314168, 53.5838677]]}, "properties": {"id": 396303324, "highway": "footway", "name": "", "surface": "paving_stones", "foot": ""}}, {"type": "Feature", "geometry": {"type": "LineString", "coordinates": [[10.0322713, 53.5828706], [10.0322336, 53.5827362]]}, "properties": {"id": 396308081, "highway": "footway", "name": "", "surface": "paving_stones", "foot": ""}}, {"type": "Feature", "geometry": {"type": "LineString", "coordinates": [[10.0323492, 53.5834569], [10.032348, 53.5834324], [10.0323398, 53.583266], [10.0323377, 53.5832481], [10.0323119, 53.5830989], [10.0322936, 53.5829926]]}, "properties": {"id": 396308082, "highway": "footway", "name": "", "surface": "wood", "foot": ""}}, {"type": "Feature", "geometry": {"type": "LineString", "coordinates": [[10.0322936, 53.5829926], [10.0322713, 53.5828706]]}, "properties": {"id": 396308083, "highway": "footway", "name": "", "surface": "paving_stones", "foot": ""}}, {"type": "Feature", "geometry": {"type": "LineString", "coordinates": [[10.0345652, 53.5826184], [10.0346072, 53.5827222]]}, "properties": {"id": 396707377, "highway": "footway", "name": "", "surface": "", "foot": ""}}, {"type": "Feature", "geometry": {"type": "LineString", "coordinates": [[10.0347191, 53.5829849], [10.0347271, 53.5830004], [10.0348746, 53.5832871]]}, "properties": {"id": 396707378, "highway": "footway", "name": "", "surface": "paving_stones", "foot": ""}}, {"type": "Feature", "geometry": {"type": "LineString", "coordinates": [[10.0346723, 53.5828735], [10.0347191, 53.5829849]]}, "properties": {"id": 396707379, "highway": "footway", "name": "", "surface": "", "foot": ""}}, {"type": "Feature", "geometry": {"type": "LineString", "coordinates": [[10.0345265, 53.5825027], [10.0345652, 53.5826184]]}, "properties": {"id": 396707380, "highway": "footway", "name": "", "surface": "paving_stones", "foot": ""}}, {"type": "Feature", "geometry": {"type": "LineString", "coordinates": [[10.0346072, 53.5827222], [10.0346723, 53.5828735]]}, "properties": {"id": 396707381, "highway": "footway", "name": "", "surface": "", "foot": ""}}, {"type": "Feature", "geometry": {"type": "LineString", "coordinates": [[10.0355923, 53.5934303], [10.0355801, 53.5934819]]}, "properties": {"id": 397150046, "highway": "footway", "name": "", "surface": "paving_stones", "foot": ""}}, {"type": "Feature", "geometry": {"type": "LineString", "coordinates": [[10.0362319, 53.5922054], [10.0362937, 53.5922141]]}, "properties": {"id": 397150048, "highway": "footway", "name": "", "surface": "paving_stones", "foot": ""}}, {"type": "Feature", "geometry": {"type": "LineString", "coordinates": [[10.033966, 53.5941391], [10.0340388, 53.5941454]]}, "properties": {"id": 397150049, "highway": "footway", "name": "", "surface": "paving_stones", "foot": ""}}, {"type": "Feature", "geometry": {"type": "LineString", "coordinates": [[10.0361493, 53.5924474], [10.0362098, 53.5924565]]}, "properties": {"id": 397150050, "highway": "footway", "name": "", "surface": "paving_stones", "foot": ""}}, {"type": "Feature", "geometry": {"type": "LineString", "coordinates": [[10.0339186, 53.5943446], [10.0339928, 53.59435]]}, "properties": {"id": 397150051, "highway": "footway", "name": "", "surface": "paving_stones", "foot": ""}}, {"type": "Feature", "geometry": {"type": "LineString", "coordinates": [[10.0356436, 53.594476], [10.0356925, 53.5944785]]}, "properties": {"id": 397150053, "highway": "footway", "name": "", "surface": "paving_stones", "foot": ""}}, {"type": "Feature", "geometry": {"type": "LineString", "coordinates": [[10.0356783, 53.5943304], [10.035726, 53.5943333]]}, "properties": {"id": 397150054, "highway": "footway", "name": "", "surface": "paving_stones", "foot": ""}}, {"type": "Feature", "geometry": {"type": "LineString", "coordinates": [[10.0353479, 53.5934655], [10.0353809, 53.5933312], [10.0354287, 53.5931377], [10.0354532, 53.5930382], [10.0354636, 53.5929954]]}, "properties": {"id": 397150055, "highway": "footway", "name": "", "surface": "paving_stones", "foot": ""}}, {"type": "Feature", "geometry": {"type": "LineString", "coordinates": [[10.0337741, 53.5947861], [10.033847, 53.594792]]}, "properties": {"id": 397150056, "highway": "footway", "name": "", "surface": "paving_stones", "foot": ""}}, {"type": "Feature", "geometry": {"type": "LineString", "coordinates": [[10.0343221, 53.5942576], [10.0342793, 53.5942548]]}, "properties": {"id": 397150057, "highway": "footway", "name": "", "surface": "paving_stones", "foot": ""}}, {"type": "Feature", "geometry": {"type": "LineString", "coordinates": [[10.0337412, 53.5949406], [10.0338083, 53.5949464]]}, "properties": {"id": 397150059, "highway": "footway", "name": "", "surface": "paving_stones", "foot": ""}}, {"type": "Feature", "geometry": {"type": "LineString", "coordinates": [[10.0359112, 53.5932377], [10.0359814, 53.5932424]]}, "properties": {"id": 397150060, "highway": "footway", "name": "", "surface": "paving_stones", "foot": ""}}, {"type": "Feature", "geometry": {"type": "LineString", "coordinates": [[10.0360655, 53.592693], [10.0361257, 53.5926998]]}, "properties": {"id": 397150061, "highway": "footway", "name": "", "surface": "paving_stones", "foot": ""}}, {"type": "Feature", "geometry": {"type": "LineString", "coordinates": [[10.0351741, 53.5940542], [10.0351598, 53.5941146]]}, "properties": {"id": 397150062, "highway": "footway", "name": "", "surface": "paving_stones", "foot": ""}}, {"type": "Feature", "geometry": {"type": "LineString", "coordinates": [[10.0344305, 53.5934167], [10.0347378, 53.5934403], [10.0349175, 53.5934536]]}, "properties": {"id": 397150064, "highway": "footway", "name": "", "surface": "paving_stones", "foot": ""}}, {"type": "Feature", "geometry": {"type": "LineString", "coordinates": [[10.035831, 53.5936517], [10.035886, 53.593656]]}, "properties": {"id": 397150065, "highway": "footway", "name": "", "surface": "paving_stones", "foot": ""}}, {"type": "Feature", "geometry": {"type": "LineString", "coordinates": [[10.035377, 53.5931342], [10.0354287, 53.5931377]]}, "properties": {"id": 397150067, "highway": "footway", "name": "", "surface": "paving_stones", "foot": ""}}, {"type": "Feature", "geometry": {"type": "LineString", "coordinates": [[10.0357477, 53.5940241], [10.035798, 53.5940256]]}, "properties": {"id": 397150068, "highway": "footway", "name": "", "surface": "paving_stones", "foot": ""}}, {"type": "Feature", "geometry": {"type": "LineString", "coordinates": [[10.0357908, 53.5938314], [10.0358434, 53.593835]]}, "properties": {"id": 397150069, "highway": "footway", "name": "", "surface": "paving_stones", "foot": ""}}, {"type": "Feature", "geometry": {"type": "LineString", "coordinates": [[10.0342915, 53.5943867], [10.0342491, 53.594383]]}, "properties": {"id": 397150070, "highway": "footway", "name": "", "surface": "paving_stones", "foot": ""}}, {"type": "Feature", "geometry": {"type": "LineString", "coordinates": [[10.0356016, 53.5923149], [10.0356705, 53.5923244]]}, "properties": {"id": 397150071, "highway": "footway", "name": "", "surface": "paving_stones", "foot": ""}}, {"type": "Feature", "geometry": {"type": "LineString", "coordinates": [[10.0356346, 53.5921366], [10.0356446, 53.592116]]}, "properties": {"id": 397150073, "highway": "footway", "name": "", "surface": "paving_stones", "foot": ""}}, {"type": "Feature", "geometry": {"type": "LineString", "coordinates": [[10.0340399, 53.5943788], [10.0340715, 53.5942323]]}, "properties": {"id": 397150074, "highway": "footway", "name": "", "surface": "paving_stones", "foot": ""}}, {"type": "Feature", "geometry": {"type": "LineString", "coordinates": [[10.0354783, 53.5926665], [10.0355443, 53.5926731]]}, "properties": {"id": 397150076, "highway": "footway", "name": "", "surface": "paving_stones", "foot": ""}}, {"type": "Feature", "geometry": {"type": "LineString", "coordinates": [[10.0355455, 53.5924749], [10.0356137, 53.5924812]]}, "properties": {"id": 397150077, "highway": "footway", "name": "", "surface": "paving_stones", "foot": ""}}, {"type": "Feature", "geometry": {"type": "LineString", "coordinates": [[10.0353085, 53.5933248], [10.0353809, 53.5933312]]}, "properties": {"id": 397150078, "highway": "footway", "name": "", "surface": "paving_stones", "foot": ""}}, {"type": "Feature", "geometry": {"type": "LineString", "coordinates": [[10.035959, 53.5930241], [10.0360295, 53.5930304]]}, "properties": {"id": 397150079, "highway": "footway", "name": "", "surface": "paving_stones", "foot": ""}}, {"type": "Feature", "geometry": {"type": "LineString", "coordinates": [[10.0351287, 53.5943596], [10.0352079, 53.5943192], [10.0352383, 53.5943212], [10.0353224, 53.5943402]]}, "properties": {"id": 397150080, "highway": "footway", "name": "", "surface": "paving_stones", "foot": ""}}, {"type": "Feature", "geometry": {"type": "LineString", "coordinates": [[10.0352079, 53.5943192], [10.035194, 53.5943047], [10.0351067, 53.5942981], [10.0350874, 53.5943176], [10.0350958, 53.594343]]}, "properties": {"id": 397150083, "highway": "footway", "name": "", "surface": "paving_stones", "foot": ""}}, {"type": "Feature", "geometry": {"type": "LineString", "coordinates": [[10.0347216, 53.5943076], [10.0350958, 53.594343], [10.0351287, 53.5943596], [10.0351524, 53.5943948], [10.0351744, 53.5944094]]}, "properties": {"id": 397150084, "highway": "footway", "name": "", "surface": "paving_stones", "foot": ""}}, {"type": "Feature", "geometry": {"type": "LineString", "coordinates": [[10.0343505, 53.5941457], [10.0343221, 53.5942576], [10.0342915, 53.5943867], [10.0342755, 53.5944587], [10.033976, 53.5944351]]}, "properties": {"id": 397150086, "highway": "footway", "name": "", "surface": "paving_stones", "foot": ""}}, {"type": "Feature", "geometry": {"type": "LineString", "coordinates": [[10.0352945, 53.5920936], [10.0356346, 53.5921366], [10.035711, 53.5921464], [10.0357044, 53.5921644], [10.0357273, 53.5921674], [10.0359627, 53.5921977]]}, "properties": {"id": 397150087, "highway": "footway", "name": "", "surface": "paving_stones", "foot": ""}}, {"type": "Feature", "geometry": {"type": "LineString", "coordinates": [[10.0340198, 53.5942283], [10.0340715, 53.5942323], [10.0342812, 53.5942461], [10.0342793, 53.5942548], [10.0342491, 53.594383], [10.0342458, 53.5943937], [10.0340399, 53.5943788], [10.0339871, 53.5943758]]}, "properties": {"id": 397150088, "highway": "footway", "name": "", "surface": "paving_stones", "foot": ""}}, {"type": "Feature", "geometry": {"type": "LineString", "coordinates": [[10.0307638, 53.5863582], [10.0308541, 53.5862567]]}, "properties": {"id": 397594380, "highway": "footway", "name": "", "surface": "paving_stones", "foot": ""}}, {"type": "Feature", "geometry": {"type": "LineString", "coordinates": [[10.0308541, 53.5862567], [10.0309257, 53.5861762]]}, "properties": {"id": 397594381, "highway": "footway", "name": "", "surface": "paving_stones", "foot": ""}}, {"type": "Feature", "geometry": {"type": "LineString", "coordinates": [[10.0306678, 53.5864661], [10.0307638, 53.5863582]]}, "properties": {"id": 397594382, "highway": "footway", "name": "", "surface": "paving_stones", "foot": ""}}, {"type": "Feature", "geometry": {"type": "LineString", "coordinates": [[10.025594, 53.5869849], [10.0256889, 53.5870659]]}, "properties": {"id": 398019858, "highway": "footway", "name": "", "surface": "paving_stones", "foot": ""}}, {"type": "Feature", "geometry": {"type": "LineString", "coordinates": [[10.0255077, 53.5868203], [10.0257183, 53.5869301], [10.0257549, 53.5869351], [10.0258372, 53.5870032]]}, "properties": {"id": 398019860, "highway": "footway", "name": "", "surface": "paving_stones", "foot": ""}}, {"type": "Feature", "geometry": {"type": "LineString", "coordinates": [[10.0063369, 53.586018], [10.0063169, 53.5860271]]}, "properties": {"id": 401477204, "highway": "path", "name": "", "surface": "paving_stones", "foot": "designated"}}, {"type": "Feature", "geometry": {"type": "LineString", "coordinates": [[10.0084882, 53.5799271], [10.0082513, 53.5798652], [10.008106, 53.5798833], [10.0077662, 53.579795]]}, "properties": {"id": 402008206, "highway": "footway", "name": "", "surface": "paving_stones", "foot": ""}}, {"type": "Feature", "geometry": {"type": "LineString", "coordinates": [[10.010095, 53.5802216], [10.0098206, 53.5801415]]}, "properties": {"id": 402008207, "highway": "footway", "name": "", "surface": "paving_stones", "foot": ""}}, {"type": "Feature", "geometry": {"type": "LineString", "coordinates": [[10.0102397, 53.5802638], [10.010095, 53.5802216]]}, "properties": {"id": 402008209, "highway": "footway", "name": "", "surface": "paving_stones", "foot": ""}}, {"type": "Feature", "geometry": {"type": "LineString", "coordinates": [[10.008619, 53.5799622], [10.0084882, 53.5799271]]}, "properties": {"id": 402008211, "highway": "footway", "name": "", "surface": "paving_stones", "foot": ""}}, {"type": "Feature", "geometry": {"type": "LineString", "coordinates": [[10.0093045, 53.5800598], [10.0091853, 53.5800286]]}, "properties": {"id": 402008212, "highway": "footway", "name": "", "surface": "asphalt", "foot": ""}}, {"type": "Feature", "geometry": {"type": "LineString", "coordinates": [[10.0091853, 53.5800286], [10.0089158, 53.5799553], [10.0087555, 53.5799989], [10.008619, 53.5799622]]}, "properties": {"id": 402008214, "highway": "footway", "name": "", "surface": "paving_stones", "foot": ""}}, {"type": "Feature", "geometry": {"type": "LineString", "coordinates": [[10.0098206, 53.5801415], [10.0094855, 53.5800438], [10.0093317, 53.5800669], [10.0093045, 53.5800598]]}, "properties": {"id": 402008216, "highway": "footway", "name": "", "surface": "paving_stones", "foot": ""}}, {"type": "Feature", "geometry": {"type": "LineString", "coordinates": [[10.0328093, 53.5887813], [10.032756, 53.5887694], [10.0327115, 53.5887594], [10.032539, 53.5886613]]}, "properties": {"id": 402113336, "highway": "footway", "name": "", "surface": "paving_stones", "foot": ""}}, {"type": "Feature", "geometry": {"type": "LineString", "coordinates": [[10.0327124, 53.5889519], [10.0326296, 53.5889605]]}, "properties": {"id": 402122688, "highway": "footway", "name": "", "surface": "paving_stones", "foot": ""}}, {"type": "Feature", "geometry": {"type": "LineString", "coordinates": [[10.0327458, 53.5890634], [10.0327124, 53.5889519], [10.0327097, 53.5889426], [10.0327817, 53.5887975]]}, "properties": {"id": 402122690, "highway": "footway", "name": "", "surface": "paving_stones", "foot": ""}}, {"type": "Feature", "geometry": {"type": "LineString", "coordinates": [[10.0247072, 53.5794771], [10.0247598, 53.5793038]]}, "properties": {"id": 404739176, "highway": "footway", "name": "", "surface": "paving_stones", "foot": ""}}, {"type": "Feature", "geometry": {"type": "LineString", "coordinates": [[10.0347271, 53.5830004], [10.0345071, 53.5830407], [10.034622, 53.5833271]]}, "properties": {"id": 405141564, "highway": "footway", "name": "", "surface": "paving_stones", "foot": ""}}, {"type": "Feature", "geometry": {"type": "LineString", "coordinates": [[10.0243678, 53.5884978], [10.0242245, 53.5883065], [10.0241461, 53.5882248]]}, "properties": {"id": 405489615, "highway": "footway", "name": "", "surface": "paving_stones", "foot": ""}}, {"type": "Feature", "geometry": {"type": "LineString", "coordinates": [[10.039866, 53.5941279], [10.039833, 53.5942409], [10.0404261, 53.5943017], [10.0404665, 53.5941865]]}, "properties": {"id": 406854833, "highway": "footway", "name": "", "surface": "paving_stones", "foot": ""}}, {"type": "Feature", "geometry": {"type": "LineString", "coordinates": [[10.0158872, 53.5801581], [10.0159879, 53.5800537], [10.016166, 53.5799363], [10.0162194, 53.5798705]]}, "properties": {"id": 407465788, "highway": "path", "name": "", "surface": "paving_stones", "foot": "yes"}}, {"type": "Feature", "geometry": {"type": "LineString", "coordinates": [[10.0310093, 53.5870359], [10.0312439, 53.5870567]]}, "properties": {"id": 409326054, "highway": "footway", "name": "", "surface": "paving_stones", "foot": ""}}, {"type": "Feature", "geometry": {"type": "LineString", "coordinates": [[10.0093345, 53.5781575], [10.0092222, 53.5781238], [10.0088285, 53.5779929], [10.0074031, 53.5775061], [10.0062088, 53.5770982], [10.0060067, 53.577044], [10.0058947, 53.5770237], [10.0057715, 53.5770064], [10.0056865, 53.5769973], [10.0056158, 53.5769889], [10.0054943, 53.5769808], [10.0053739, 53.5769821], [10.0052757, 53.5769834], [10.0051635, 53.5769926], [10.0050283, 53.5770078], [10.0048925, 53.5770322], [10.0047151, 53.5770736], [10.0045697, 53.5771205], [10.004387, 53.5771892], [10.0042709, 53.5772535], [10.0041158, 53.577363], [10.0040113, 53.5774497], [10.003945, 53.5775226], [10.0038605, 53.5776373], [10.0038162, 53.5777193], [10.0037894, 53.5778037], [10.0036934, 53.578214], [10.0036888, 53.5782337], [10.0035078, 53.5790235], [10.0033613, 53.5796765]]}, "properties": {"id": 410341333, "highway": "footway", "name": "", "surface": "compacted", "foot": ""}}, {"type": "Feature", "geometry": {"type": "LineString", "coordinates": [[10.005631, 53.576929], [10.0056158, 53.5769889]]}, "properties": {"id": 410341334, "highway": "footway", "name": "", "surface": "compacted", "foot": ""}}, {"type": "Feature", "geometry": {"type": "LineString", "coordinates": [[10.008729, 53.5778323], [10.0088285, 53.5779929]]}, "properties": {"id": 410341335, "highway": "footway", "name": "", "surface": "dirt", "foot": ""}}, {"type": "Feature", "geometry": {"type": "LineString", "coordinates": [[10.0040515, 53.5883094], [10.0041016, 53.5882676], [10.0041565, 53.588217]]}, "properties": {"id": 410949192, "highway": "footway", "name": "", "surface": "asphalt", "foot": ""}}, {"type": "Feature", "geometry": {"type": "LineString", "coordinates": [[10.0041565, 53.588217], [10.0042156, 53.5881969], [10.0042764, 53.5882127]]}, "properties": {"id": 410949194, "highway": "footway", "name": "", "surface": "asphalt", "foot": ""}}, {"type": "Feature", "geometry": {"type": "LineString", "coordinates": [[10.026674, 53.5793125], [10.0265894, 53.5792344]]}, "properties": {"id": 414150149, "highway": "footway", "name": "", "surface": "paving_stones", "foot": ""}}, {"type": "Feature", "geometry": {"type": "LineString", "coordinates": [[10.0343143, 53.5909698], [10.0343032, 53.5910104], [10.0342508, 53.5912885], [10.0342239, 53.5915011], [10.0342284, 53.5915666], [10.0342324, 53.5916093], [10.0341533, 53.5919536], [10.034115, 53.5921454], [10.0341032, 53.5922114], [10.0340942, 53.5922538], [10.0340146, 53.5926266], [10.0339792, 53.5927837], [10.0339649, 53.5930342], [10.0339035, 53.5931314], [10.0338948, 53.5931695], [10.0338508, 53.5933624], [10.033753, 53.5937984], [10.033721, 53.5939332], [10.0337077, 53.5939952]]}, "properties": {"id": 414596094, "highway": "footway", "name": "", "surface": "asphalt", "foot": ""}}, {"type": "Feature", "geometry": {"type": "LineString", "coordinates": [[10.0027222, 53.592565], [10.0027403, 53.5925887]]}, "properties": {"id": 422166791, "highway": "footway", "name": "", "surface": "paving_stones", "foot": ""}}, {"type": "Feature", "geometry": {"type": "LineString", "coordinates": [[10.0337849, 53.577818], [10.0347333, 53.5779445]]}, "properties": {"id": 423109553, "highway": "footway", "name": "", "surface": "paving_stones", "foot": ""}}, {"type": "Feature", "geometry": {"type": "LineString", "coordinates": [[10.0201403, 53.5764085], [10.0203388, 53.5764835]]}, "properties": {"id": 423963550, "highway": "footway", "name": "", "surface": "paving_stones", "foot": "private"}}, {"type": "Feature", "geometry": {"type": "LineString", "coordinates": [[10.0199784, 53.5763441], [10.0201403, 53.5764085]]}, "properties": {"id": 423963551, "highway": "footway", "name": "", "surface": "paving_stones", "foot": ""}}, {"type": "Feature", "geometry": {"type": "LineString", "coordinates": [[10.0203388, 53.5764835], [10.0204103, 53.5765113]]}, "properties": {"id": 423963552, "highway": "footway", "name": "", "surface": "paving_stones", "foot": "private"}}, {"type": "Feature", "geometry": {"type": "LineString", "coordinates": [[10.0084623, 53.5856962], [10.0085057, 53.5857039], [10.0091928, 53.5857005]]}, "properties": {"id": 425209673, "highway": "footway", "name": "", "surface": "paving_stones", "foot": ""}}, {"type": "Feature", "geometry": {"type": "LineString", "coordinates": [[10.0318272, 53.5935778], [10.0318639, 53.5935165], [10.0319112, 53.5933086], [10.0319311, 53.5932514], [10.0319722, 53.5930784], [10.0320517, 53.593015], [10.0321899, 53.5929782]]}, "properties": {"id": 425281245, "highway": "path", "name": "", "surface": "", "foot": "yes"}}, {"type": "Feature", "geometry": {"type": "LineString", "coordinates": [[10.0169617, 53.5843894], [10.0172363, 53.5840261]]}, "properties": {"id": 426499243, "highway": "footway", "name": "", "surface": "grass", "foot": ""}}, {"type": "Feature", "geometry": {"type": "LineString", "coordinates": [[10.0049549, 53.5909556], [10.0050578, 53.5909448], [10.0052429, 53.5912361], [10.0055329, 53.5916895]]}, "properties": {"id": 426729743, "highway": "footway", "name": "", "surface": "paving_stones", "foot": ""}}, {"type": "Feature", "geometry": {"type": "LineString", "coordinates": [[10.0037486, 53.5888019], [10.0035889, 53.5887452]]}, "properties": {"id": 434714130, "highway": "footway", "name": "", "surface": "paving_stones", "foot": ""}}, {"type": "Feature", "geometry": {"type": "LineString", "coordinates": [[10.0035889, 53.5887452], [10.0030483, 53.5885525]]}, "properties": {"id": 434714131, "highway": "footway", "name": "", "surface": "paving_stones", "foot": ""}}, {"type": "Feature", "geometry": {"type": "LineString", "coordinates": [[10.0050741, 53.591274], [10.0052429, 53.5912361]]}, "properties": {"id": 436219551, "highway": "footway", "name": "", "surface": "asphalt", "foot": ""}}, {"type": "Feature", "geometry": {"type": "LineString", "coordinates": [[10.0212951, 53.5873854], [10.0205606, 53.5879008]]}, "properties": {"id": 436239142, "highway": "footway", "name": "", "surface": "compacted", "foot": ""}}, {"type": "Feature", "geometry": {"type": "LineString", "coordinates": [[10.0089453, 53.5886682], [10.0087449, 53.588613], [10.0083345, 53.5885287], [10.0082353, 53.5885058], [10.0081553, 53.5884703], [10.0081087, 53.5884292], [10.0079509, 53.5883987]]}, "properties": {"id": 442498792, "highway": "footway", "name": "", "surface": "", "foot": ""}}, {"type": "Feature", "geometry": {"type": "LineString", "coordinates": [[10.0094819, 53.5882657], [10.0094595, 53.5882786], [10.0093961, 53.5883038]]}, "properties": {"id": 442498917, "highway": "footway", "name": "", "surface": "", "foot": ""}}, {"type": "Feature", "geometry": {"type": "LineString", "coordinates": [[10.0086698, 53.5882739], [10.0089695, 53.5883887], [10.0090999, 53.5884569]]}, "properties": {"id": 442498918, "highway": "footway", "name": "", "surface": "", "foot": ""}}, {"type": "Feature", "geometry": {"type": "LineString", "coordinates": [[10.029332, 53.5912196], [10.0291693, 53.591421]]}, "properties": {"id": 444722530, "highway": "footway", "name": "", "surface": "compacted", "foot": "yes"}}, {"type": "Feature", "geometry": {"type": "LineString", "coordinates": [[10.0204763, 53.5932513], [10.018494, 53.5937728], [10.0183712, 53.5938037], [10.0177113, 53.5939696]]}, "properties": {"id": 444722535, "highway": "footway", "name": "", "surface": "compacted", "foot": "yes"}}, {"type": "Feature", "geometry": {"type": "LineString", "coordinates": [[10.022061, 53.5919267], [10.021171, 53.5921447], [10.0209015, 53.5922103], [10.0203674, 53.5923425], [10.0199278, 53.592453], [10.0200459, 53.5926335], [10.0204763, 53.5932513]]}, "properties": {"id": 444722539, "highway": "footway", "name": "", "surface": "compacted", "foot": ""}}, {"type": "Feature", "geometry": {"type": "LineString", "coordinates": [[10.024734, 53.5949404], [10.0244767, 53.5948084], [10.0243045, 53.5947889], [10.0241243, 53.5948054]]}, "properties": {"id": 444722544, "highway": "footway", "name": "", "surface": "asphalt", "foot": "yes"}}, {"type": "Feature", "geometry": {"type": "LineString", "coordinates": [[10.0296308, 53.5948184], [10.0296007, 53.5947768], [10.0295114, 53.5947995], [10.0290879, 53.5949072], [10.0290044, 53.5949285], [10.029038, 53.5949749]]}, "properties": {"id": 444722551, "highway": "footway", "name": "", "surface": "compacted", "foot": ""}}, {"type": "Feature", "geometry": {"type": "LineString", "coordinates": [[10.0226154, 53.5927071], [10.0221318, 53.592025], [10.022061, 53.5919267]]}, "properties": {"id": 444722552, "highway": "footway", "name": "", "surface": "asphalt", "foot": "yes"}}, {"type": "Feature", "geometry": {"type": "LineString", "coordinates": [[10.0108669, 53.5936812], [10.0107947, 53.5940548]]}, "properties": {"id": 444722553, "highway": "footway", "name": "", "surface": "compacted", "foot": ""}}, {"type": "Feature", "geometry": {"type": "LineString", "coordinates": [[10.0085434, 53.5934798], [10.00939, 53.5938578]]}, "properties": {"id": 444722556, "highway": "footway", "name": "", "surface": "compacted", "foot": ""}}, {"type": "Feature", "geometry": {"type": "LineString", "coordinates": [[10.022061, 53.5919267], [10.0219716, 53.5917961], [10.021887, 53.5916725], [10.021917, 53.5916055]]}, "properties": {"id": 444722558, "highway": "footway", "name": "", "surface": "asphalt", "foot": "yes"}}, {"type": "Feature", "geometry": {"type": "LineString", "coordinates": [[10.0295217, 53.5919261], [10.0293972, 53.591957], [10.0292964, 53.5920103], [10.0292305, 53.5920802], [10.0292067, 53.5921591], [10.0292276, 53.5922383], [10.029291, 53.592309], [10.0293897, 53.5923636], [10.0295131, 53.5923961], [10.0296487, 53.5924028], [10.0297804, 53.5923826], [10.0298838, 53.5923432], [10.0299626, 53.5922874], [10.0300099, 53.5922201], [10.0300212, 53.5921475], [10.0300053, 53.5920933], [10.0299691, 53.5920427], [10.0299147, 53.5919982], [10.0298322, 53.5919573], [10.0297346, 53.5919306], [10.0296287, 53.59192], [10.0295217, 53.5919261]]}, "properties": {"id": 444722561, "highway": "footway", "name": "", "surface": "compacted", "foot": "yes"}}, {"type": "Feature", "geometry": {"type": "LineString", "coordinates": [[10.029332, 53.5912196], [10.0290695, 53.5911726], [10.0288923, 53.5911444], [10.0285404, 53.5911134], [10.0283882, 53.5911045]]}, "properties": {"id": 444722563, "highway": "footway", "name": "", "surface": "compacted", "foot": "designated"}}, {"type": "Feature", "geometry": {"type": "LineString", "coordinates": [[10.0177113, 53.5939696], [10.0178845, 53.5942106]]}, "properties": {"id": 444722564, "highway": "footway", "name": "", "surface": "compacted", "foot": "yes"}}, {"type": "Feature", "geometry": {"type": "LineString", "coordinates": [[10.0170942, 53.5931112], [10.0176579, 53.5938954], [10.0177113, 53.5939696]]}, "properties": {"id": 444722565, "highway": "footway", "name": "", "surface": "compacted", "foot": "yes"}}, {"type": "Feature", "geometry": {"type": "LineString", "coordinates": [[10.0156876, 53.5935806], [10.0157721, 53.5935133], [10.0159114, 53.593426], [10.0160564, 53.5933605], [10.0161812, 53.5933167], [10.0162954, 53.5932842], [10.0167042, 53.5931909], [10.0170942, 53.5931112]]}, "properties": {"id": 444722570, "highway": "footway", "name": "", "surface": "compacted", "foot": ""}}, {"type": "Feature", "geometry": {"type": "LineString", "coordinates": [[10.0089044, 53.5948344], [10.0087938, 53.5951602], [10.0086754, 53.5953693], [10.0082212, 53.5957571], [10.0081966, 53.59588], [10.0082189, 53.5959713], [10.0082591, 53.5960605], [10.0084076, 53.5962707], [10.0084587, 53.5963433]]}, "properties": {"id": 444722572, "highway": "footway", "name": "", "surface": "compacted", "foot": ""}}, {"type": "Feature", "geometry": {"type": "LineString", "coordinates": [[10.0045802, 53.5903303], [10.005425, 53.5903573], [10.0054601, 53.5903834], [10.0058345, 53.5903951], [10.0059421, 53.5903985]]}, "properties": {"id": 447108552, "highway": "footway", "name": "", "surface": "paving_stones", "foot": ""}}, {"type": "Feature", "geometry": {"type": "LineString", "coordinates": [[10.0338046, 53.5787818], [10.033829, 53.5787036]]}, "properties": {"id": 447373126, "highway": "footway", "name": "", "surface": "compacted", "foot": ""}}, {"type": "Feature", "geometry": {"type": "LineString", "coordinates": [[10.0338386, 53.5775001], [10.033823, 53.5774793], [10.0338246, 53.5774449], [10.0339439, 53.5773724], [10.0339246, 53.5773484], [10.0339226, 53.5773191], [10.0339313, 53.5772902], [10.033958, 53.5772608], [10.0340027, 53.5772383], [10.0340654, 53.5772323], [10.0341314, 53.5772371], [10.0341781, 53.5772517], [10.0342055, 53.577268], [10.0342187, 53.5772798], [10.0342833, 53.577436]]}, "properties": {"id": 447373127, "highway": "footway", "name": "", "surface": "compacted", "foot": "yes"}}, {"type": "Feature", "geometry": {"type": "LineString", "coordinates": [[10.0264269, 53.5877063], [10.0269148, 53.5875635], [10.0269376, 53.5875535], [10.0269511, 53.5875368], [10.0269495, 53.5875187], [10.0265934, 53.5871294], [10.0265766, 53.5871238], [10.0265596, 53.5871228], [10.026539, 53.5871273], [10.0260673, 53.5873321]]}, "properties": {"id": 448710715, "highway": "footway", "name": "", "surface": "dirt", "foot": ""}}, {"type": "Feature", "geometry": {"type": "LineString", "coordinates": [[10.0298362, 53.5809239], [10.0297658, 53.5808876]]}, "properties": {"id": 448729691, "highway": "footway", "name": "", "surface": "paving_stones", "foot": ""}}, {"type": "Feature", "geometry": {"type": "LineString", "coordinates": [[10.0300573, 53.5810188], [10.0298909, 53.5809508]]}, "properties": {"id": 448729692, "highway": "footway", "name": "", "surface": "paving_stones", "foot": ""}}, {"type": "Feature", "geometry": {"type": "LineString", "coordinates": [[10.0326407, 53.5812204], [10.0328826, 53.5812369], [10.0330666, 53.5812675], [10.0332347, 53.5813063], [10.0333705, 53.5813535], [10.0334931, 53.5814077], [10.0336149, 53.5814878], [10.0337219, 53.5815871]]}, "properties": {"id": 448943872, "highway": "footway", "name": "", "surface": "compacted", "foot": ""}}, {"type": "Feature", "geometry": {"type": "LineString", "coordinates": [[10.0342508, 53.5912885], [10.035043, 53.591348], [10.035147, 53.5910493]]}, "properties": {"id": 449844249, "highway": "footway", "name": "", "surface": "paving_stones", "foot": ""}}, {"type": "Feature", "geometry": {"type": "LineString", "coordinates": [[10.0391489, 53.5838001], [10.0391057, 53.5835629], [10.0390567, 53.583294]]}, "properties": {"id": 450058114, "highway": "footway", "name": "", "surface": "paving_stones", "foot": ""}}, {"type": "Feature", "geometry": {"type": "LineString", "coordinates": [[10.0135329, 53.5806453], [10.0125076, 53.5803631]]}, "properties": {"id": 454229299, "highway": "footway", "name": "", "surface": "sett", "foot": ""}}, {"type": "Feature", "geometry": {"type": "LineString", "coordinates": [[10.0132882, 53.5809017], [10.0122941, 53.5806271]]}, "properties": {"id": 454229301, "highway": "footway", "name": "", "surface": "sett", "foot": ""}}, {"type": "Feature", "geometry": {"type": "LineString", "coordinates": [[10.0067543, 53.5914014], [10.006829, 53.5914005]]}, "properties": {"id": 456107618, "highway": "path", "name": "", "surface": "paving_stones", "foot": "designated"}}, {"type": "Feature", "geometry": {"type": "LineString", "coordinates": [[10.0042764, 53.5882127], [10.0043653, 53.5882327], [10.0044394, 53.5882486]]}, "properties": {"id": 456107619, "highway": "footway", "name": "", "surface": "asphalt", "foot": ""}}, {"type": "Feature", "geometry": {"type": "LineString", "coordinates": [[10.0341032, 53.5922114], [10.0342274, 53.5922217]]}, "properties": {"id": 457253266, "highway": "footway", "name": "", "surface": "paving_stones", "foot": ""}}, {"type": "Feature", "geometry": {"type": "LineString", "coordinates": [[10.024547, 53.5780662], [10.024832, 53.5780215]]}, "properties": {"id": 458995191, "highway": "footway", "name": "", "surface": "paving_stones", "foot": ""}}, {"type": "Feature", "geometry": {"type": "LineString", "coordinates": [[10.0272292, 53.5898936], [10.0267207, 53.5899831], [10.025957, 53.5901125], [10.0254163, 53.5901539], [10.0249727, 53.5901711], [10.0244283, 53.5901922], [10.0242543, 53.5901981], [10.0236078, 53.5902197], [10.0228582, 53.5902815], [10.0228052, 53.5903321], [10.0228661, 53.5904089], [10.0232731, 53.5905526], [10.0238106, 53.59066], [10.0243575, 53.5906984], [10.0246542, 53.5906965], [10.024767, 53.5906957], [10.0251114, 53.5906748], [10.0252522, 53.5906662], [10.0255781, 53.5906338], [10.0272398, 53.5904687], [10.0282484, 53.5903685], [10.028142, 53.5899977], [10.0280726, 53.5897557]]}, "properties": {"id": 464328201, "highway": "footway", "name": "", "surface": "compacted", "foot": ""}}, {"type": "Feature", "geometry": {"type": "LineString", "coordinates": [[10.0372521, 53.5854804], [10.0371358, 53.5854872]]}, "properties": {"id": 474383396, "highway": "footway", "name": "", "surface": "paving_stones", "foot": ""}}, {"type": "Feature", "geometry": {"type": "LineString", "coordinates": [[10.0374138, 53.5854654], [10.0372521, 53.5854804]]}, "properties": {"id": 474383397, "highway": "footway", "name": "", "surface": "paving_stones", "foot": ""}}, {"type": "Feature", "geometry": {"type": "LineString", "coordinates": [[10.0375455, 53.5854581], [10.0374138, 53.5854654]]}, "properties": {"id": 474383398, "highway": "footway", "name": "", "surface": "paving_stones", "foot": ""}}, {"type": "Feature", "geometry": {"type": "LineString", "coordinates": [[10.0001957, 53.5891909], [10.0001639, 53.5892759], [10.0002077, 53.589393], [10.0005062, 53.5894216], [10.0006584, 53.5894228]]}, "properties": {"id": 478841523, "highway": "footway", "name": "", "surface": "paving_stones", "foot": ""}}, {"type": "Feature", "geometry": {"type": "LineString", "coordinates": [[10.019964, 53.5804172], [10.0198953, 53.5803406]]}, "properties": {"id": 479507627, "highway": "footway", "name": "", "surface": "paving_stones", "foot": ""}}, {"type": "Feature", "geometry": {"type": "LineString", "coordinates": [[10.0161755, 53.5803196], [10.015582, 53.5807167]]}, "properties": {"id": 479772151, "highway": "footway", "name": "", "surface": "paving_stones", "foot": ""}}, {"type": "Feature", "geometry": {"type": "LineString", "coordinates": [[10.015291, 53.5774402], [10.0152855, 53.5770716]]}, "properties": {"id": 479772152, "highway": "footway", "name": "", "surface": "", "foot": ""}}, {"type": "Feature", "geometry": {"type": "LineString", "coordinates": [[10.0158373, 53.5832009], [10.0161015, 53.583263], [10.0161947, 53.5832279], [10.0164871, 53.5832984]]}, "properties": {"id": 480067764, "highway": "footway", "name": "", "surface": "paving_stones", "foot": ""}}, {"type": "Feature", "geometry": {"type": "LineString", "coordinates": [[10.0152512, 53.5839691], [10.0158726, 53.5841349]]}, "properties": {"id": 480067781, "highway": "footway", "name": "", "surface": "paving_stones", "foot": ""}}, {"type": "Feature", "geometry": {"type": "LineString", "coordinates": [[10.0342187, 53.5772798], [10.0344097, 53.5772377]]}, "properties": {"id": 485594368, "highway": "footway", "name": "", "surface": "compacted", "foot": ""}}, {"type": "Feature", "geometry": {"type": "LineString", "coordinates": [[10.0175317, 53.5885645], [10.0178323, 53.5884186], [10.0180122, 53.5885105]]}, "properties": {"id": 489662537, "highway": "footway", "name": "", "surface": "compacted", "foot": ""}}, {"type": "Feature", "geometry": {"type": "LineString", "coordinates": [[10.0074244, 53.5938825], [10.00749, 53.5938838]]}, "properties": {"id": 490225654, "highway": "footway", "name": "", "surface": "compacted", "foot": ""}}, {"type": "Feature", "geometry": {"type": "LineString", "coordinates": [[10.0181828, 53.5757613], [10.0183046, 53.5755086], [10.0184146, 53.5755199]]}, "properties": {"id": 492937063, "highway": "footway", "name": "", "surface": "paving_stones", "foot": ""}}, {"type": "Feature", "geometry": {"type": "LineString", "coordinates": [[10.0040417, 53.5860515], [10.0041374, 53.5860762]]}, "properties": {"id": 493591368, "highway": "footway", "name": "", "surface": "", "foot": ""}}, {"type": "Feature", "geometry": {"type": "LineString", "coordinates": [[10.0038738, 53.5860065], [10.0040417, 53.5860515]]}, "properties": {"id": 493591369, "highway": "footway", "name": "", "surface": "", "foot": ""}}, {"type": "Feature", "geometry": {"type": "LineString", "coordinates": [[10.0036338, 53.5859581], [10.0038191, 53.5859919], [10.0038738, 53.5860065]]}, "properties": {"id": 493591370, "highway": "footway", "name": "", "surface": "asphalt", "foot": ""}}, {"type": "Feature", "geometry": {"type": "LineString", "coordinates": [[10.0091338, 53.5779374], [10.0093241, 53.5781162], [10.0093345, 53.5781575]]}, "properties": {"id": 498783707, "highway": "path", "name": "", "surface": "ground", "foot": ""}}, {"type": "Feature", "geometry": {"type": "LineString", "coordinates": [[10.032539, 53.5886613], [10.0325065, 53.5885914]]}, "properties": {"id": 498807387, "highway": "footway", "name": "", "surface": "", "foot": ""}}, {"type": "Feature", "geometry": {"type": "LineString", "coordinates": [[10.0133986, 53.5829273], [10.0134328, 53.5828909], [10.0132024, 53.5828143], [10.0131631, 53.5828562]]}, "properties": {"id": 503119413, "highway": "footway", "name": "", "surface": "paving_stones", "foot": ""}}, {"type": "Feature", "geometry": {"type": "LineString", "coordinates": [[10.0129054, 53.5827706], [10.0131631, 53.5828562], [10.0131222, 53.5828998], [10.0133526, 53.5829764], [10.0133986, 53.5829273], [10.0136874, 53.5830147]]}, "properties": {"id": 503119414, "highway": "footway", "name": "", "surface": "paving_stones", "foot": ""}}, {"type": "Feature", "geometry": {"type": "LineString", "coordinates": [[10.032767, 53.5801497], [10.0325993, 53.5801941], [10.0325869, 53.5801201], [10.032767, 53.5801497]]}, "properties": {"id": 505519728, "highway": "footway", "name": "", "surface": "compacted", "foot": "yes"}}, {"type": "Feature", "geometry": {"type": "LineString", "coordinates": [[10.0361914, 53.5765963], [10.0363102, 53.5766138]]}, "properties": {"id": 507382460, "highway": "footway", "name": "", "surface": "paving_stones", "foot": ""}}, {"type": "Feature", "geometry": {"type": "LineString", "coordinates": [[10.0289418, 53.5949994], [10.029038, 53.5949749]]}, "properties": {"id": 509033315, "highway": "footway", "name": "", "surface": "compacted", "foot": ""}}, {"type": "Feature", "geometry": {"type": "LineString", "coordinates": [[10.0177855, 53.5840845], [10.017834, 53.5840956]]}, "properties": {"id": 515097206, "highway": "footway", "name": "", "surface": "paving_stones", "foot": ""}}, {"type": "Feature", "geometry": {"type": "LineString", "coordinates": [[10.0175189, 53.5844785], [10.0175675, 53.584489]]}, "properties": {"id": 515097207, "highway": "footway", "name": "", "surface": "paving_stones", "foot": ""}}, {"type": "Feature", "geometry": {"type": "LineString", "coordinates": [[10.0176145, 53.5843414], [10.0176599, 53.5843521]]}, "properties": {"id": 515097208, "highway": "footway", "name": "", "surface": "paving_stones", "foot": ""}}, {"type": "Feature", "geometry": {"type": "LineString", "coordinates": [[10.0177097, 53.5841968], [10.0177584, 53.5842091]]}, "properties": {"id": 515097210, "highway": "footway", "name": "", "surface": "paving_stones", "foot": ""}}, {"type": "Feature", "geometry": {"type": "LineString", "coordinates": [[10.0179016, 53.5839969], [10.0183531, 53.5841039], [10.0182838, 53.5842036], [10.0182152, 53.5843022], [10.0181554, 53.5843881], [10.018083, 53.5844921], [10.0180727, 53.5845069], [10.0180333, 53.5844968]]}, "properties": {"id": 515098479, "highway": "footway", "name": "", "surface": "paving_stones", "foot": ""}}, {"type": "Feature", "geometry": {"type": "LineString", "coordinates": [[10.0183531, 53.5841039], [10.0184162, 53.5840111], [10.0185395, 53.5840363]]}, "properties": {"id": 515098480, "highway": "footway", "name": "", "surface": "paving_stones", "foot": ""}}, {"type": "Feature", "geometry": {"type": "LineString", "coordinates": [[10.0183531, 53.5841039], [10.0184924, 53.5841321]]}, "properties": {"id": 515098481, "highway": "footway", "name": "", "surface": "paving_stones", "foot": ""}}, {"type": "Feature", "geometry": {"type": "LineString", "coordinates": [[10.0182838, 53.5842036], [10.0184419, 53.5842315]]}, "properties": {"id": 515098482, "highway": "footway", "name": "", "surface": "paving_stones", "foot": ""}}, {"type": "Feature", "geometry": {"type": "LineString", "coordinates": [[10.0182152, 53.5843022], [10.0183926, 53.5843302]]}, "properties": {"id": 515098483, "highway": "footway", "name": "", "surface": "paving_stones", "foot": ""}}, {"type": "Feature", "geometry": {"type": "LineString", "coordinates": [[10.0181554, 53.5843881], [10.0183447, 53.5844192]]}, "properties": {"id": 515098484, "highway": "footway", "name": "", "surface": "paving_stones", "foot": ""}}, {"type": "Feature", "geometry": {"type": "LineString", "coordinates": [[10.018083, 53.5844921], [10.0182854, 53.5845281]]}, "properties": {"id": 515098485, "highway": "footway", "name": "", "surface": "paving_stones", "foot": ""}}, {"type": "Feature", "geometry": {"type": "LineString", "coordinates": [[10.0180727, 53.5845069], [10.0180533, 53.584537], [10.0180219, 53.584586], [10.0179609, 53.5846816], [10.0179433, 53.5847091], [10.017914, 53.5847548], [10.0181418, 53.5848058]]}, "properties": {"id": 515098486, "highway": "footway", "name": "", "surface": "paving_stones", "foot": ""}}, {"type": "Feature", "geometry": {"type": "LineString", "coordinates": [[10.0179609, 53.5846816], [10.0181841, 53.584725]]}, "properties": {"id": 515098487, "highway": "footway", "name": "", "surface": "paving_stones", "foot": ""}}, {"type": "Feature", "geometry": {"type": "LineString", "coordinates": [[10.0180219, 53.584586], [10.0182349, 53.5846254]]}, "properties": {"id": 515098488, "highway": "footway", "name": "", "surface": "paving_stones", "foot": ""}}, {"type": "Feature", "geometry": {"type": "LineString", "coordinates": [[10.0176013, 53.5841712], [10.0177097, 53.5841968]]}, "properties": {"id": 515098489, "highway": "footway", "name": "", "surface": "paving_stones", "foot": ""}}, {"type": "Feature", "geometry": {"type": "LineString", "coordinates": [[10.0176902, 53.5842264], [10.0177391, 53.5842371]]}, "properties": {"id": 515098960, "highway": "footway", "name": "", "surface": "paving_stones", "foot": ""}}, {"type": "Feature", "geometry": {"type": "LineString", "coordinates": [[10.0182359, 53.5841956], [10.0182838, 53.5842036]]}, "properties": {"id": 515098961, "highway": "footway", "name": "", "surface": "paving_stones", "foot": ""}}, {"type": "Feature", "geometry": {"type": "LineString", "coordinates": [[10.0181142, 53.5843782], [10.0181554, 53.5843881]]}, "properties": {"id": 515098962, "highway": "footway", "name": "", "surface": "paving_stones", "foot": ""}}, {"type": "Feature", "geometry": {"type": "LineString", "coordinates": [[10.0180111, 53.5845288], [10.0180533, 53.584537]]}, "properties": {"id": 515098963, "highway": "footway", "name": "", "surface": "paving_stones", "foot": ""}}, {"type": "Feature", "geometry": {"type": "LineString", "coordinates": [[10.0178956, 53.5846982], [10.0179433, 53.5847091]]}, "properties": {"id": 515098964, "highway": "footway", "name": "", "surface": "paving_stones", "foot": ""}}, {"type": "Feature", "geometry": {"type": "LineString", "coordinates": [[10.0167976, 53.5828887], [10.0163726, 53.5827943], [10.0162636, 53.5829293], [10.016086, 53.582887]]}, "properties": {"id": 518517107, "highway": "footway", "name": "", "surface": "paving_stones", "foot": ""}}, {"type": "Feature", "geometry": {"type": "LineString", "coordinates": [[10.0241638, 53.5793318], [10.0244688, 53.5794539], [10.024505, 53.579523]]}, "properties": {"id": 522361573, "highway": "footway", "name": "", "surface": "paving_stones", "foot": ""}}, {"type": "Feature", "geometry": {"type": "LineString", "coordinates": [[10.0059503, 53.587748], [10.0059098, 53.5877256], [10.0058647, 53.5876295]]}, "properties": {"id": 522683289, "highway": "footway", "name": "", "surface": "paving_stones", "foot": ""}}, {"type": "Feature", "geometry": {"type": "LineString", "coordinates": [[10.007336, 53.5887709], [10.007236, 53.5887146], [10.0071125, 53.5886314]]}, "properties": {"id": 522687289, "highway": "footway", "name": "", "surface": "asphalt", "foot": ""}}, {"type": "Feature", "geometry": {"type": "LineString", "coordinates": [[10.0071313, 53.588623], [10.0071125, 53.5886314], [10.0066565, 53.5883672], [10.0065707, 53.5882908], [10.0066337, 53.588248]]}, "properties": {"id": 522687290, "highway": "footway", "name": "", "surface": "", "foot": ""}}, {"type": "Feature", "geometry": {"type": "LineString", "coordinates": [[10.0282077, 53.5760742], [10.0278863, 53.5763565], [10.0283151, 53.5765286]]}, "properties": {"id": 528570964, "highway": "footway", "name": "", "surface": "paving_stones", "foot": ""}}, {"type": "Feature", "geometry": {"type": "LineString", "coordinates": [[10.0350068, 53.591627], [10.0349472, 53.5917968], [10.03487, 53.5920172], [10.0346007, 53.5919934], [10.0343416, 53.5919705]]}, "properties": {"id": 528698420, "highway": "footway", "name": "", "surface": "paving_stones", "foot": ""}}, {"type": "Feature", "geometry": {"type": "LineString", "coordinates": [[10.0346007, 53.5919934], [10.0346267, 53.5918847], [10.0346542, 53.5917754], [10.0346651, 53.5917186], [10.03467, 53.5916928], [10.0347459, 53.5916972], [10.0347677, 53.591607]]}, "properties": {"id": 528698421, "highway": "footway", "name": "", "surface": "paving_stones", "foot": ""}}, {"type": "Feature", "geometry": {"type": "LineString", "coordinates": [[10.0344823, 53.5924756], [10.0344685, 53.5924571], [10.0344618, 53.5924387], [10.0344689, 53.592382], [10.0344939, 53.5922423]]}, "properties": {"id": 528698422, "highway": "footway", "name": "", "surface": "paving_stones", "foot": ""}}, {"type": "Feature", "geometry": {"type": "LineString", "coordinates": [[10.0347904, 53.5922651], [10.0347716, 53.5923623], [10.0347608, 53.592383], [10.0347421, 53.5923966], [10.0347193, 53.5924066], [10.0344823, 53.5924756], [10.0344443, 53.5924893], [10.0344256, 53.5924976], [10.0344135, 53.5925096], [10.0344087, 53.5925252], [10.0344057, 53.5925419], [10.0344036, 53.5925541], [10.0344088, 53.5925657], [10.0344256, 53.5925828], [10.0344337, 53.5926025], [10.0344249, 53.5926404], [10.0344088, 53.5926485], [10.0343858, 53.592652], [10.0341936, 53.5926389]]}, "properties": {"id": 528698423, "highway": "footway", "name": "", "surface": "paving_stones", "foot": ""}}, {"type": "Feature", "geometry": {"type": "LineString", "coordinates": [[10.0155201, 53.5835734], [10.0157398, 53.5836329], [10.0158158, 53.5836367], [10.0159434, 53.5836175], [10.0162025, 53.5836848]]}, "properties": {"id": 532633770, "highway": "footway", "name": "", "surface": "paving_stones", "foot": ""}}, {"type": "Feature", "geometry": {"type": "LineString", "coordinates": [[10.0357807, 53.5822895], [10.0358486, 53.5824175], [10.0358334, 53.5826688], [10.0358315, 53.5827561], [10.0359834, 53.5828316], [10.0359384, 53.5832539]]}, "properties": {"id": 537676432, "highway": "footway", "name": "", "surface": "paving_stones", "foot": ""}}, {"type": "Feature", "geometry": {"type": "LineString", "coordinates": [[10.0352299, 53.5949751], [10.0350056, 53.5949583], [10.0349825, 53.5950736], [10.03498, 53.595086], [10.0349607, 53.5951832], [10.0349553, 53.5952067], [10.0349063, 53.5952039], [10.0348688, 53.5953764], [10.0348636, 53.5953981]]}, "properties": {"id": 538369011, "highway": "footway", "name": "", "surface": "paving_stones", "foot": ""}}, {"type": "Feature", "geometry": {"type": "LineString", "coordinates": [[10.0351819, 53.5952007], [10.0352026, 53.5951012], [10.0352108, 53.5950641], [10.0352299, 53.5949751], [10.0352727, 53.5947711]]}, "properties": {"id": 538369012, "highway": "footway", "name": "", "surface": "paving_stones", "foot": ""}}, {"type": "Feature", "geometry": {"type": "LineString", "coordinates": [[10.0336266, 53.5946366], [10.0334495, 53.5946223]]}, "properties": {"id": 538369014, "highway": "footway", "name": "", "surface": "paving_stones", "foot": ""}}, {"type": "Feature", "geometry": {"type": "LineString", "coordinates": [[10.0338259, 53.5940044], [10.0337077, 53.5939952]]}, "properties": {"id": 538369015, "highway": "footway", "name": "", "surface": "paving_stones", "foot": ""}}, {"type": "Feature", "geometry": {"type": "LineString", "coordinates": [[10.0337395, 53.5930126], [10.0337758, 53.5930164]]}, "properties": {"id": 538369016, "highway": "footway", "name": "", "surface": "paving_stones", "foot": ""}}, {"type": "Feature", "geometry": {"type": "LineString", "coordinates": [[10.0343465, 53.5925381], [10.0344057, 53.5925419]]}, "properties": {"id": 538369017, "highway": "footway", "name": "", "surface": "paving_stones", "foot": ""}}, {"type": "Feature", "geometry": {"type": "LineString", "coordinates": [[10.0344689, 53.592382], [10.0343817, 53.5923756]]}, "properties": {"id": 538369018, "highway": "footway", "name": "", "surface": "paving_stones", "foot": ""}}, {"type": "Feature", "geometry": {"type": "LineString", "coordinates": [[10.0342284, 53.5915666], [10.0343653, 53.5915735]]}, "properties": {"id": 538369019, "highway": "footway", "name": "", "surface": "paving_stones", "foot": ""}}, {"type": "Feature", "geometry": {"type": "LineString", "coordinates": [[10.0346651, 53.5917186], [10.0345445, 53.591712]]}, "properties": {"id": 538369020, "highway": "footway", "name": "", "surface": "paving_stones", "foot": ""}}, {"type": "Feature", "geometry": {"type": "LineString", "coordinates": [[10.0346267, 53.5918847], [10.0345072, 53.5918746]]}, "properties": {"id": 538369021, "highway": "footway", "name": "", "surface": "paving_stones", "foot": ""}}, {"type": "Feature", "geometry": {"type": "LineString", "coordinates": [[10.0349472, 53.5917968], [10.0346542, 53.5917754]]}, "properties": {"id": 538369022, "highway": "footway", "name": "", "surface": "paving_stones", "foot": ""}}, {"type": "Feature", "geometry": {"type": "LineString", "coordinates": [[10.035636, 53.5924195], [10.0357425, 53.5924316], [10.0357573, 53.5923958], [10.0358853, 53.5924122]]}, "properties": {"id": 538369023, "highway": "footway", "name": "", "surface": "paving_stones", "foot": ""}}, {"type": "Feature", "geometry": {"type": "LineString", "coordinates": [[10.0358317, 53.5917157], [10.0359142, 53.5917255], [10.0359469, 53.5916342], [10.0360023, 53.5914791]]}, "properties": {"id": 538369024, "highway": "footway", "name": "", "surface": "paving_stones", "foot": "designated"}}, {"type": "Feature", "geometry": {"type": "LineString", "coordinates": [[10.035916, 53.5914694], [10.0360023, 53.5914791]]}, "properties": {"id": 538369025, "highway": "footway", "name": "", "surface": "paving_stones", "foot": "designated"}}, {"type": "Feature", "geometry": {"type": "LineString", "coordinates": [[10.0364145, 53.5916782], [10.0365481, 53.5916954]]}, "properties": {"id": 538369026, "highway": "footway", "name": "", "surface": "paving_stones", "foot": "designated"}}, {"type": "Feature", "geometry": {"type": "LineString", "coordinates": [[10.0364913, 53.5918558], [10.03636, 53.5918375]]}, "properties": {"id": 538369027, "highway": "footway", "name": "", "surface": "paving_stones", "foot": ""}}, {"type": "Feature", "geometry": {"type": "LineString", "coordinates": [[10.0365368, 53.5917271], [10.0366464, 53.5917415]]}, "properties": {"id": 538369028, "highway": "footway", "name": "", "surface": "paving_stones", "foot": "designated"}}, {"type": "Feature", "geometry": {"type": "LineString", "coordinates": [[10.0364379, 53.5920067], [10.0364913, 53.5918558], [10.0365368, 53.5917271], [10.0365481, 53.5916954], [10.0366007, 53.5915466], [10.0366424, 53.5914286]]}, "properties": {"id": 538369029, "highway": "footway", "name": "", "surface": "paving_stones", "foot": "designated"}}, {"type": "Feature", "geometry": {"type": "LineString", "coordinates": [[10.0354189, 53.59544], [10.0354528, 53.5954347], [10.0354837, 53.5954363], [10.0355581, 53.5954403], [10.0355802, 53.5954403], [10.0356004, 53.5954347], [10.0356138, 53.5954267], [10.0356205, 53.5954124], [10.035654, 53.5952516], [10.0357157, 53.5949436], [10.0356956, 53.5948951], [10.0354792, 53.5948201]]}, "properties": {"id": 538369031, "highway": "footway", "name": "", "surface": "paving_stones", "foot": ""}}, {"type": "Feature", "geometry": {"type": "LineString", "coordinates": [[10.0248479, 53.5879831], [10.0250245, 53.5881942], [10.0251162, 53.588342], [10.0251584, 53.5884349], [10.0250425, 53.5885164]]}, "properties": {"id": 548744436, "highway": "footway", "name": "", "surface": "concrete", "foot": ""}}, {"type": "Feature", "geometry": {"type": "LineString", "coordinates": [[10.0391524, 53.5857187], [10.0396326, 53.5857632], [10.0396204, 53.5859297], [10.0395854, 53.5859288], [10.0395672, 53.586182], [10.0397885, 53.5861816], [10.040077, 53.5861811], [10.0400769, 53.5861687]]}, "properties": {"id": 549584889, "highway": "footway", "name": "", "surface": "paving_stones", "foot": ""}}, {"type": "Feature", "geometry": {"type": "LineString", "coordinates": [[10.0391524, 53.5857187], [10.0389615, 53.5857295]]}, "properties": {"id": 549584896, "highway": "footway", "name": "", "surface": "paving_stones", "foot": ""}}, {"type": "Feature", "geometry": {"type": "LineString", "coordinates": [[10.015652, 53.5901604], [10.0157932, 53.5901596]]}, "properties": {"id": 549907650, "highway": "footway", "name": "", "surface": "paving_stones", "foot": ""}}, {"type": "Feature", "geometry": {"type": "LineString", "coordinates": [[10.03819, 53.5773687], [10.0383592, 53.5773337]]}, "properties": {"id": 552655664, "highway": "footway", "name": "", "surface": "paving_stones", "foot": ""}}, {"type": "Feature", "geometry": {"type": "LineString", "coordinates": [[10.0380416, 53.5774106], [10.03819, 53.5773687]]}, "properties": {"id": 552655665, "highway": "footway", "name": "", "surface": "paving_stones", "foot": ""}}, {"type": "Feature", "geometry": {"type": "LineString", "coordinates": [[10.0258244, 53.575649], [10.0260271, 53.5754741], [10.026189, 53.5753901], [10.0263422, 53.5753105], [10.0265244, 53.5752563]]}, "properties": {"id": 552901975, "highway": "footway", "name": "", "surface": "paving_stones", "foot": ""}}, {"type": "Feature", "geometry": {"type": "LineString", "coordinates": [[10.0389615, 53.5857295], [10.038759, 53.5857465]]}, "properties": {"id": 553032558, "highway": "footway", "name": "", "surface": "paving_stones", "foot": ""}}, {"type": "Feature", "geometry": {"type": "LineString", "coordinates": [[10.0291693, 53.591421], [10.0291785, 53.5915499], [10.0293119, 53.5917194], [10.0293186, 53.591731], [10.0294291, 53.5918324], [10.0295217, 53.5919261]]}, "properties": {"id": 557006291, "highway": "footway", "name": "", "surface": "compacted", "foot": "yes"}}, {"type": "Feature", "geometry": {"type": "LineString", "coordinates": [[10.0283882, 53.5911045], [10.0282123, 53.5910994], [10.0280284, 53.5911], [10.0278017, 53.5911089], [10.0258686, 53.5912905]]}, "properties": {"id": 557006292, "highway": "path", "name": "", "surface": "compacted", "foot": "designated"}}, {"type": "Feature", "geometry": {"type": "LineString", "coordinates": [[10.0274916, 53.5770675], [10.0276419, 53.5771246]]}, "properties": {"id": 560499180, "highway": "footway", "name": "", "surface": "paving_stones", "foot": ""}}, {"type": "Feature", "geometry": {"type": "LineString", "coordinates": [[10.0342819, 53.591965], [10.0341533, 53.5919536]]}, "properties": {"id": 561322714, "highway": "footway", "name": "", "surface": "paving_stones", "foot": ""}}, {"type": "Feature", "geometry": {"type": "LineString", "coordinates": [[10.034123, 53.592634], [10.0340146, 53.5926266]]}, "properties": {"id": 561322718, "highway": "footway", "name": "", "surface": "paving_stones", "foot": ""}}, {"type": "Feature", "geometry": {"type": "LineString", "coordinates": [[10.0239104, 53.5786901], [10.0237589, 53.5786795]]}, "properties": {"id": 578459712, "highway": "footway", "name": "", "surface": "paving_stones", "foot": ""}}, {"type": "Feature", "geometry": {"type": "LineString", "coordinates": [[10.0342542, 53.5766851], [10.0342294, 53.5766282], [10.0342435, 53.5765855], [10.0343652, 53.5764047], [10.0346935, 53.5760126], [10.034759, 53.5759512]]}, "properties": {"id": 586323382, "highway": "footway", "name": "", "surface": "compacted", "foot": "yes"}}, {"type": "Feature", "geometry": {"type": "LineString", "coordinates": [[10.0208618, 53.5840256], [10.0209165, 53.5839513], [10.0210485, 53.5837234], [10.02111, 53.583406], [10.0203241, 53.5833413]]}, "properties": {"id": 587801140, "highway": "footway", "name": "", "surface": "paving_stones", "foot": ""}}, {"type": "Feature", "geometry": {"type": "LineString", "coordinates": [[10.02111, 53.583406], [10.02131, 53.5834197], [10.0213778, 53.583264]]}, "properties": {"id": 587801141, "highway": "footway", "name": "", "surface": "paving_stones", "foot": ""}}, {"type": "Feature", "geometry": {"type": "LineString", "coordinates": [[10.0153995, 53.5899448], [10.0154023, 53.5899282], [10.0154486, 53.5899254], [10.015529, 53.5899177], [10.0156001, 53.589901], [10.0156145, 53.5898887], [10.0156258, 53.5898697], [10.0156898, 53.5898681]]}, "properties": {"id": 588349011, "highway": "footway", "name": "", "surface": "paving_stones", "foot": ""}}, {"type": "Feature", "geometry": {"type": "LineString", "coordinates": [[10.0233596, 53.5798434], [10.0234432, 53.5798915], [10.0235717, 53.5799653], [10.0236412, 53.5800052]]}, "properties": {"id": 588905502, "highway": "footway", "name": "", "surface": "paving_stones", "foot": ""}}, {"type": "Feature", "geometry": {"type": "LineString", "coordinates": [[10.0201177, 53.5811651], [10.020062, 53.5811375], [10.0199798, 53.5811338], [10.0199338, 53.5811512]]}, "properties": {"id": 598178861, "highway": "footway", "name": "", "surface": "paving_stones", "foot": "yes"}}, {"type": "Feature", "geometry": {"type": "LineString", "coordinates": [[10.0350913, 53.5750722], [10.0350129, 53.575036], [10.0349183, 53.5749922], [10.0348428, 53.5749563], [10.0347923, 53.5749323]]}, "properties": {"id": 598178866, "highway": "path", "name": "", "surface": "", "foot": "yes"}}, {"type": "Feature", "geometry": {"type": "LineString", "coordinates": [[10.0268544, 53.5804645], [10.0268745, 53.5805154], [10.0268989, 53.580577], [10.0269134, 53.5806138]]}, "properties": {"id": 602917917, "highway": "footway", "name": "", "surface": "paving_stones", "foot": ""}}, {"type": "Feature", "geometry": {"type": "LineString", "coordinates": [[10.0319421, 53.5795252], [10.0319625, 53.5795012], [10.0319928, 53.5794815], [10.0320255, 53.5794492], [10.0320824, 53.5794604]]}, "properties": {"id": 602924832, "highway": "path", "name": "", "surface": "paving_stones", "foot": "designated"}}, {"type": "Feature", "geometry": {"type": "LineString", "coordinates": [[10.0360023, 53.5914791], [10.0360373, 53.5913812], [10.036087, 53.5913873], [10.0360953, 53.591365]]}, "properties": {"id": 604342577, "highway": "footway", "name": "", "surface": "paving_stones", "foot": "designated"}}, {"type": "Feature", "geometry": {"type": "LineString", "coordinates": [[10.0360023, 53.5914791], [10.0366007, 53.5915466]]}, "properties": {"id": 604342578, "highway": "path", "name": "", "surface": "paving_stones", "foot": ""}}, {"type": "Feature", "geometry": {"type": "LineString", "coordinates": [[10.0359469, 53.5916342], [10.0358631, 53.5916239]]}, "properties": {"id": 604342579, "highway": "footway", "name": "", "surface": "paving_stones", "foot": "designated"}}, {"type": "Feature", "geometry": {"type": "LineString", "coordinates": [[10.0350056, 53.5949583], [10.0350091, 53.5949372], [10.0349662, 53.5949332]]}, "properties": {"id": 604342585, "highway": "footway", "name": "", "surface": "paving_stones", "foot": ""}}, {"type": "Feature", "geometry": {"type": "LineString", "coordinates": [[10.0339343, 53.5930315], [10.0339649, 53.5930342], [10.0339862, 53.5930362]]}, "properties": {"id": 604693175, "highway": "footway", "name": "", "surface": "paving_stones", "foot": ""}}, {"type": "Feature", "geometry": {"type": "LineString", "coordinates": [[10.0400311, 53.5800934], [10.0400503, 53.5800431], [10.0400471, 53.5799792], [10.0399996, 53.5799162], [10.0399157, 53.5798588], [10.0398112, 53.5797667], [10.0397067, 53.5796567], [10.0396427, 53.5795729]]}, "properties": {"id": 605693223, "highway": "path", "name": "", "surface": "paving_stones", "foot": "yes"}}, {"type": "Feature", "geometry": {"type": "LineString", "coordinates": [[10.0354241, 53.5752238], [10.0353468, 53.5752694]]}, "properties": {"id": 605698871, "highway": "path", "name": "", "surface": "", "foot": "yes"}}, {"type": "Feature", "geometry": {"type": "LineString", "coordinates": [[10.0361397, 53.5756406], [10.0360495, 53.5755908], [10.0359559, 53.5755445], [10.0358753, 53.5755144], [10.0358245, 53.5754913], [10.0356346, 53.5753835], [10.0355607, 53.5753387], [10.0355182, 53.5753251], [10.0354613, 53.5753153], [10.035376, 53.5753126], [10.0353196, 53.575313], [10.0352578, 53.5753236]]}, "properties": {"id": 605698878, "highway": "footway", "name": "", "surface": "asphalt", "foot": ""}}, {"type": "Feature", "geometry": {"type": "LineString", "coordinates": [[10.0157892, 53.592006], [10.015798, 53.5920617], [10.0158097, 53.5921379], [10.0159453, 53.5924611], [10.0159875, 53.5926234], [10.0159941, 53.5926488], [10.0162954, 53.5932842]]}, "properties": {"id": 607425018, "highway": "footway", "name": "", "surface": "compacted", "foot": "yes"}}, {"type": "Feature", "geometry": {"type": "LineString", "coordinates": [[10.0315288, 53.5945464], [10.0317447, 53.5936822], [10.0318272, 53.5935778]]}, "properties": {"id": 608715878, "highway": "path", "name": "", "surface": "compacted", "foot": "designated"}}, {"type": "Feature", "geometry": {"type": "LineString", "coordinates": [[10.0311862, 53.595988], [10.0314336, 53.5949469], [10.0315288, 53.5945464]]}, "properties": {"id": 608715879, "highway": "path", "name": "", "surface": "compacted", "foot": "designated"}}, {"type": "Feature", "geometry": {"type": "LineString", "coordinates": [[10.0229728, 53.576088], [10.0239708, 53.5765074]]}, "properties": {"id": 610012653, "highway": "footway", "name": "", "surface": "concrete:plates", "foot": ""}}, {"type": "Feature", "geometry": {"type": "LineString", "coordinates": [[10.0020975, 53.5927314], [10.0011691, 53.59298], [10.0009523, 53.5930499], [10.0008534, 53.5931022], [10.0007793, 53.5931558], [10.0007097, 53.5932229], [10.0005486, 53.5934126], [10.0004958, 53.5934754], [10.0004636, 53.5935384], [10.00037, 53.5938338], [10.0003531, 53.5939861], [10.0003399, 53.5940589], [10.0003337, 53.5940937], [10.0003089, 53.5942881], [10.0002694, 53.5943974], [10.0001947, 53.5945089]]}, "properties": {"id": 610163876, "highway": "path", "name": "", "surface": "paving_stones", "foot": "designated"}}, {"type": "Feature", "geometry": {"type": "LineString", "coordinates": [[10.0105122, 53.5839236], [10.0104715, 53.5839559], [10.0104591, 53.5839657], [10.010425, 53.5839713], [10.0103886, 53.5839629], [10.0103127, 53.5839187], [10.0102168, 53.5838851], [10.0101683, 53.5838831], [10.0101306, 53.5838915], [10.0101019, 53.583909], [10.0100893, 53.5839242], [10.0100859, 53.5839496], [10.0100919, 53.5839743], [10.0101194, 53.5840288], [10.010193, 53.5841298], [10.0102119, 53.5841558], [10.0102324, 53.5841727], [10.0102655, 53.5841875], [10.0103004, 53.5841934], [10.0103497, 53.5841946], [10.0103675, 53.5841961], [10.0103836, 53.5841994], [10.0104141, 53.5842125], [10.0104362, 53.5842211], [10.0104637, 53.5842271], [10.0105143, 53.5842312], [10.0105376, 53.5842338], [10.0105599, 53.5842364], [10.0105884, 53.5842461], [10.0106054, 53.5842596], [10.010633, 53.5843083], [10.0106392, 53.5843191]]}, "properties": {"id": 610213704, "highway": "path", "name": "", "surface": "paving_stones", "foot": ""}}, {"type": "Feature", "geometry": {"type": "LineString", "coordinates": [[10.0194581, 53.5829745], [10.0195172, 53.5829823]]}, "properties": {"id": 610531789, "highway": "footway", "name": "", "surface": "", "foot": ""}}, {"type": "Feature", "geometry": {"type": "LineString", "coordinates": [[10.0193544, 53.5835861], [10.0193336, 53.5836409], [10.0192974, 53.5837359], [10.0192547, 53.583848], [10.0191223, 53.5838365], [10.018963, 53.5838227], [10.0188408, 53.5838115]]}, "properties": {"id": 610537581, "highway": "footway", "name": "", "surface": "paving_stones", "foot": ""}}, {"type": "Feature", "geometry": {"type": "LineString", "coordinates": [[10.0027396, 53.5869574], [10.002834, 53.5870277], [10.0029359, 53.5870989], [10.0029738, 53.5871264]]}, "properties": {"id": 611226335, "highway": "footway", "name": "", "surface": "asphalt", "foot": ""}}, {"type": "Feature", "geometry": {"type": "LineString", "coordinates": [[10.0340553, 53.5940721], [10.0340664, 53.5940243]]}, "properties": {"id": 615567362, "highway": "footway", "name": "", "surface": "paving_stones", "foot": ""}}, {"type": "Feature", "geometry": {"type": "LineString", "coordinates": [[10.0338446, 53.5930229], [10.0338628, 53.5930246]]}, "properties": {"id": 615567365, "highway": "footway", "name": "", "surface": "paving_stones", "foot": ""}}, {"type": "Feature", "geometry": {"type": "LineString", "coordinates": [[10.0343347, 53.5903371], [10.0344401, 53.5903434], [10.034557, 53.5903504]]}, "properties": {"id": 615567371, "highway": "path", "name": "", "surface": "", "foot": ""}}, {"type": "Feature", "geometry": {"type": "LineString", "coordinates": [[10.0336914, 53.5950892], [10.0338628, 53.5951039], [10.033905, 53.5951003], [10.0339583, 53.5950889], [10.0339959, 53.5950729], [10.0340227, 53.5950443], [10.0340334, 53.5950156], [10.0340522, 53.5949886], [10.0340897, 53.5949583], [10.0341005, 53.5949297], [10.0341005, 53.5949026], [10.0340877, 53.5948819], [10.0340616, 53.5948612], [10.034028, 53.5948493], [10.033961, 53.5948437], [10.0339784, 53.5947719]]}, "properties": {"id": 615567374, "highway": "footway", "name": "", "surface": "paving_stones", "foot": ""}}, {"type": "Feature", "geometry": {"type": "LineString", "coordinates": [[10.0336817, 53.5944192], [10.0337023, 53.5944206], [10.033976, 53.5944351], [10.0339871, 53.5943758], [10.0339928, 53.59435], [10.0340198, 53.5942283], [10.0340388, 53.5941454], [10.0340447, 53.5941195], [10.0340492, 53.5940991]]}, "properties": {"id": 615567379, "highway": "footway", "name": "", "surface": "paving_stones", "foot": ""}}, {"type": "Feature", "geometry": {"type": "LineString", "coordinates": [[10.0339824, 53.5933735], [10.0339726, 53.5933726], [10.0338508, 53.5933624]]}, "properties": {"id": 615567382, "highway": "footway", "name": "", "surface": "paving_stones", "foot": ""}}, {"type": "Feature", "geometry": {"type": "LineString", "coordinates": [[10.0338958, 53.5937851], [10.0341172, 53.5938022], [10.0342225, 53.5933458]]}, "properties": {"id": 615567385, "highway": "footway", "name": "", "surface": "paving_stones", "foot": ""}}, {"type": "Feature", "geometry": {"type": "LineString", "coordinates": [[10.0334098, 53.5950307], [10.0334723, 53.5947662]]}, "properties": {"id": 615567409, "highway": "path", "name": "", "surface": "paving_stones", "foot": ""}}, {"type": "Feature", "geometry": {"type": "LineString", "coordinates": [[10.0396285, 53.5851275], [10.0395755, 53.5851377], [10.0394052, 53.5851257]]}, "properties": {"id": 627374231, "highway": "path", "name": "", "surface": "sett", "foot": ""}}, {"type": "Feature", "geometry": {"type": "LineString", "coordinates": [[10.0358918, 53.5918932], [10.035876, 53.5919389]]}, "properties": {"id": 631310545, "highway": "footway", "name": "", "surface": "paving_stones", "foot": "designated"}}, {"type": "Feature", "geometry": {"type": "LineString", "coordinates": [[10.0356595, 53.5769333], [10.0352681, 53.5769133]]}, "properties": {"id": 637864698, "highway": "footway", "name": "", "surface": "paving_stones", "foot": ""}}, {"type": "Feature", "geometry": {"type": "LineString", "coordinates": [[10.0261642, 53.5750465], [10.0263738, 53.5751337], [10.0264849, 53.575205], [10.0264836, 53.5752389]]}, "properties": {"id": 642196004, "highway": "footway", "name": "", "surface": "paving_stones", "foot": ""}}, {"type": "Feature", "geometry": {"type": "LineString", "coordinates": [[10.0312906, 53.5783326], [10.0312033, 53.5784704]]}, "properties": {"id": 643374205, "highway": "footway", "name": "", "surface": "paving_stones", "foot": ""}}, {"type": "Feature", "geometry": {"type": "LineString", "coordinates": [[10.0313509, 53.5782169], [10.0312906, 53.5783326]]}, "properties": {"id": 643374206, "highway": "footway", "name": "", "surface": "paving_stones", "foot": ""}}, {"type": "Feature", "geometry": {"type": "LineString", "coordinates": [[10.0318593, 53.5781751], [10.0314609, 53.5780866], [10.0313509, 53.5782169]]}, "properties": {"id": 643374207, "highway": "footway", "name": "", "surface": "paving_stones", "foot": ""}}, {"type": "Feature", "geometry": {"type": "LineString", "coordinates": [[10.0023042, 53.5864061], [10.0023671, 53.5863794], [10.0024492, 53.5863681], [10.0025254, 53.5863702], [10.002598, 53.5863838], [10.0026473, 53.5864011], [10.00269, 53.5864237], [10.0027254, 53.5864518], [10.0027506, 53.5864834], [10.0027672, 53.5865325], [10.0027596, 53.5865823], [10.0027379, 53.5866183], [10.0027034, 53.5866507], [10.0026646, 53.5866745], [10.0026196, 53.5866896]]}, "properties": {"id": 647334509, "highway": "path", "name": "", "surface": "sand", "foot": ""}}, {"type": "Feature", "geometry": {"type": "LineString", "coordinates": [[10.0025722, 53.5866851], [10.0026196, 53.5866896], [10.002699, 53.586691], [10.0028627, 53.5868094]]}, "properties": {"id": 647334512, "highway": "path", "name": "", "surface": "sand", "foot": ""}}, {"type": "Feature", "geometry": {"type": "LineString", "coordinates": [[10.0023134, 53.5862614], [10.0023156, 53.5863321], [10.0023042, 53.5864061], [10.002288, 53.586453], [10.0022895, 53.5865008], [10.0023062, 53.5865433], [10.0023368, 53.5865829], [10.002374, 53.586614], [10.0024197, 53.5866407], [10.0025254, 53.5866769], [10.0025722, 53.5866851], [10.0025527, 53.5867569], [10.0024588, 53.5868063]]}, "properties": {"id": 647334515, "highway": "path", "name": "", "surface": "sand", "foot": ""}}, {"type": "Feature", "geometry": {"type": "LineString", "coordinates": [[10.019844, 53.5881979], [10.0203833, 53.5878245]]}, "properties": {"id": 647451067, "highway": "footway", "name": "", "surface": "paving_stones", "foot": ""}}, {"type": "Feature", "geometry": {"type": "LineString", "coordinates": [[10.0218797, 53.577272], [10.0221485, 53.5773773]]}, "properties": {"id": 647859595, "highway": "footway", "name": "", "surface": "paving_stones", "foot": ""}}, {"type": "Feature", "geometry": {"type": "LineString", "coordinates": [[10.0217775, 53.5772315], [10.0218797, 53.577272]]}, "properties": {"id": 647859596, "highway": "footway", "name": "", "surface": "sett", "foot": ""}}, {"type": "Feature", "geometry": {"type": "LineString", "coordinates": [[10.036339, 53.5847573], [10.0349959, 53.5846803], [10.0340435, 53.5846005], [10.0338937, 53.5845993], [10.0337697, 53.5845983]]}, "properties": {"id": 650128960, "highway": "footway", "name": "", "surface": "compacted", "foot": "designated"}}, {"type": "Feature", "geometry": {"type": "LineString", "coordinates": [[10.0241314, 53.5788209], [10.0240302, 53.5789057]]}, "properties": {"id": 652845848, "highway": "footway", "name": "", "surface": "paving_stones", "foot": ""}}, {"type": "Feature", "geometry": {"type": "LineString", "coordinates": [[10.0113395, 53.5943415], [10.0114445, 53.59421]]}, "properties": {"id": 659523235, "highway": "footway", "name": "", "surface": "ground", "foot": ""}}, {"type": "Feature", "geometry": {"type": "LineString", "coordinates": [[10.0279202, 53.5948651], [10.0278342, 53.5946993], [10.027781, 53.5945534], [10.0277709, 53.594448], [10.0277855, 53.5943463], [10.0278734, 53.5941842]]}, "properties": {"id": 659565199, "highway": "footway", "name": "", "surface": "compacted", "foot": "yes"}}, {"type": "Feature", "geometry": {"type": "LineString", "coordinates": [[10.0240718, 53.5916538], [10.0240921, 53.591633], [10.0241012, 53.591613], [10.0241124, 53.5915835], [10.024111, 53.5915527], [10.0240963, 53.5915198], [10.0240488, 53.5914449]]}, "properties": {"id": 659800837, "highway": "path", "name": "", "surface": "compacted", "foot": ""}}, {"type": "Feature", "geometry": {"type": "LineString", "coordinates": [[10.0242833, 53.5916442], [10.0242561, 53.591607], [10.0242498, 53.5915979]]}, "properties": {"id": 659800838, "highway": "footway", "name": "", "surface": "paving_stones", "foot": ""}}, {"type": "Feature", "geometry": {"type": "LineString", "coordinates": [[10.0241542, 53.59146], [10.0241308, 53.5914262]]}, "properties": {"id": 659800839, "highway": "footway", "name": "", "surface": "paving_stones", "foot": ""}}, {"type": "Feature", "geometry": {"type": "LineString", "coordinates": [[10.0241821, 53.5915002], [10.0241613, 53.5914703]]}, "properties": {"id": 659800841, "highway": "footway", "name": "", "surface": "paving_stones", "foot": ""}}, {"type": "Feature", "geometry": {"type": "LineString", "coordinates": [[10.0242099, 53.5915404], [10.0241904, 53.5915122]]}, "properties": {"id": 659800844, "highway": "footway", "name": "", "surface": "paving_stones", "foot": ""}}, {"type": "Feature", "geometry": {"type": "LineString", "coordinates": [[10.02424, 53.5915838], [10.0242189, 53.5915534]]}, "properties": {"id": 659800845, "highway": "footway", "name": "", "surface": "paving_stones", "foot": ""}}, {"type": "Feature", "geometry": {"type": "LineString", "coordinates": [[10.0295451, 53.5785934], [10.029346, 53.5787391]]}, "properties": {"id": 663115561, "highway": "footway", "name": "", "surface": "paving_stones", "foot": ""}}, {"type": "Feature", "geometry": {"type": "LineString", "coordinates": [[10.0360478, 53.575069], [10.0360351, 53.5750875]]}, "properties": {"id": 664704744, "highway": "footway", "name": "", "surface": "asphalt", "foot": ""}}, {"type": "Feature", "geometry": {"type": "LineString", "coordinates": [[10.0312544, 53.5748784], [10.0311766, 53.5749707], [10.0311744, 53.5750295], [10.0312005, 53.5750633], [10.0311584, 53.5751302], [10.0310807, 53.5751558]]}, "properties": {"id": 668848243, "highway": "footway", "name": "", "surface": "paving_stones", "foot": ""}}, {"type": "Feature", "geometry": {"type": "LineString", "coordinates": [[10.0309163, 53.5751471], [10.0306463, 53.5751011], [10.030353, 53.5750255]]}, "properties": {"id": 668848244, "highway": "footway", "name": "", "surface": "paving_stones", "foot": ""}}, {"type": "Feature", "geometry": {"type": "LineString", "coordinates": [[10.0107947, 53.5940548], [10.0106214, 53.5945024], [10.0105458, 53.5950116], [10.0107336, 53.5956024], [10.010824, 53.595805], [10.0111182, 53.5962957], [10.0111792, 53.5964418], [10.0113209, 53.5966175]]}, "properties": {"id": 669528341, "highway": "footway", "name": "", "surface": "compacted", "foot": ""}}, {"type": "Feature", "geometry": {"type": "LineString", "coordinates": [[10.0257691, 53.5951506], [10.0255052, 53.5951158], [10.0251164, 53.5950543], [10.024734, 53.5949404]]}, "properties": {"id": 669528343, "highway": "footway", "name": "", "surface": "asphalt", "foot": "yes"}}, {"type": "Feature", "geometry": {"type": "LineString", "coordinates": [[10.0122313, 53.5945085], [10.0115141, 53.59392], [10.0111231, 53.5936541]]}, "properties": {"id": 669528346, "highway": "footway", "name": "", "surface": "compacted", "foot": "yes"}}, {"type": "Feature", "geometry": {"type": "LineString", "coordinates": [[10.010824, 53.595805], [10.0110302, 53.5956315], [10.0114385, 53.5952222], [10.011696, 53.595084], [10.0119697, 53.5949957], [10.0123583, 53.5948504], [10.0126364, 53.5946832]]}, "properties": {"id": 669528347, "highway": "footway", "name": "", "surface": "compacted", "foot": "yes"}}, {"type": "Feature", "geometry": {"type": "LineString", "coordinates": [[10.0107947, 53.5940548], [10.0112537, 53.5941644], [10.0114445, 53.59421], [10.0118524, 53.5943451], [10.0122313, 53.5945085], [10.0126364, 53.5946832]]}, "properties": {"id": 669528348, "highway": "footway", "name": "", "surface": "compacted", "foot": ""}}, {"type": "Feature", "geometry": {"type": "LineString", "coordinates": [[10.0105122, 53.5839236], [10.0098455, 53.5836743], [10.009841, 53.5837695], [10.0101532, 53.5843475], [10.0102263, 53.5843832], [10.0102974, 53.5843601], [10.0106392, 53.5843191], [10.0112075, 53.5842511], [10.0113532, 53.5842337], [10.0105122, 53.5839236]]}, "properties": {"id": 675836087, "highway": "footway", "name": "", "surface": "paving_stones", "foot": ""}}, {"type": "Feature", "geometry": {"type": "LineString", "coordinates": [[10.0094663, 53.5839735], [10.0094966, 53.5839609], [10.0095423, 53.5839463], [10.0096171, 53.5839257]]}, "properties": {"id": 675836088, "highway": "footway", "name": "", "surface": "sett", "foot": ""}}, {"type": "Feature", "geometry": {"type": "LineString", "coordinates": [[10.0096171, 53.5839257], [10.0096433, 53.5839179]]}, "properties": {"id": 675836089, "highway": "footway", "name": "", "surface": "sett", "foot": ""}}, {"type": "Feature", "geometry": {"type": "LineString", "coordinates": [[10.009393, 53.5840591], [10.0093841, 53.5840488], [10.0093813, 53.5840367], [10.0093851, 53.584026], [10.0093973, 53.5840147], [10.0094334, 53.5839905], [10.0094663, 53.5839735]]}, "properties": {"id": 675836090, "highway": "footway", "name": "", "surface": "sett", "foot": ""}}, {"type": "Feature", "geometry": {"type": "LineString", "coordinates": [[10.00939, 53.5938578], [10.010239, 53.5939752], [10.0107947, 53.5940548]]}, "properties": {"id": 688000749, "highway": "footway", "name": "", "surface": "compacted", "foot": ""}}, {"type": "Feature", "geometry": {"type": "LineString", "coordinates": [[10.0126364, 53.5946832], [10.0128241, 53.5944438], [10.0130666, 53.5942155], [10.0134087, 53.5939736], [10.0136994, 53.5938782], [10.0142585, 53.5934376], [10.0145757, 53.5932045], [10.0148431, 53.5929273], [10.0150311, 53.5926902], [10.0151513, 53.5924954], [10.0152306, 53.5922282], [10.0152136, 53.5920465]]}, "properties": {"id": 688000750, "highway": "footway", "name": "", "surface": "compacted", "foot": "yes"}}, {"type": "Feature", "geometry": {"type": "LineString", "coordinates": [[10.0126364, 53.5946832], [10.0125731, 53.5943906], [10.0126871, 53.5939855], [10.0126606, 53.5937706], [10.0126688, 53.5936805], [10.0130918, 53.593409]]}, "properties": {"id": 688000751, "highway": "footway", "name": "", "surface": "compacted", "foot": ""}}, {"type": "Feature", "geometry": {"type": "LineString", "coordinates": [[10.0363085, 53.5876095], [10.0363238, 53.5876927]]}, "properties": {"id": 692833959, "highway": "footway", "name": "", "surface": "paving_stones", "foot": ""}}, {"type": "Feature", "geometry": {"type": "LineString", "coordinates": [[10.0384604, 53.5857015], [10.0384542, 53.5856591]]}, "properties": {"id": 708124713, "highway": "footway", "name": "", "surface": "paving_stones", "foot": ""}}, {"type": "Feature", "geometry": {"type": "LineString", "coordinates": [[10.0387502, 53.5856899], [10.0384604, 53.5857015]]}, "properties": {"id": 708124714, "highway": "footway", "name": "", "surface": "paving_stones", "foot": ""}}, {"type": "Feature", "geometry": {"type": "LineString", "coordinates": [[10.0375455, 53.5854581], [10.0375544, 53.5853897], [10.0376158, 53.585365], [10.0376219, 53.5853235], [10.0373159, 53.5853075]]}, "properties": {"id": 708124715, "highway": "footway", "name": "", "surface": "paving_stones", "foot": "yes"}}, {"type": "Feature", "geometry": {"type": "LineString", "coordinates": [[10.0073433, 53.5775574], [10.0073921, 53.5775126], [10.0074031, 53.5775061], [10.007497, 53.5774503]]}, "properties": {"id": 717601496, "highway": "path", "name": "", "surface": "dirt", "foot": ""}}, {"type": "Feature", "geometry": {"type": "LineString", "coordinates": [[10.020012, 53.5816184], [10.0199016, 53.5816054], [10.0198467, 53.581598], [10.0198107, 53.5815932], [10.0197604, 53.5815865], [10.0196579, 53.5815728], [10.0195673, 53.5815629], [10.019588, 53.581449], [10.0195894, 53.5812799], [10.0196208, 53.5812692]]}, "properties": {"id": 735026710, "highway": "footway", "name": "", "surface": "paving_stones", "foot": ""}}, {"type": "Feature", "geometry": {"type": "LineString", "coordinates": [[10.007814, 53.5832854], [10.0079429, 53.5833187]]}, "properties": {"id": 739562160, "highway": "footway", "name": "", "surface": "sett", "foot": ""}}, {"type": "Feature", "geometry": {"type": "LineString", "coordinates": [[10.0080076, 53.5835133], [10.0080959, 53.5835143], [10.0081786, 53.5835359]]}, "properties": {"id": 739562161, "highway": "footway", "name": "", "surface": "paving_stones", "foot": ""}}, {"type": "Feature", "geometry": {"type": "LineString", "coordinates": [[10.0080076, 53.5835133], [10.0077097, 53.5834394]]}, "properties": {"id": 739562162, "highway": "footway", "name": "", "surface": "paving_stones", "foot": ""}}, {"type": "Feature", "geometry": {"type": "LineString", "coordinates": [[10.0080198, 53.583339], [10.0081146, 53.5833628], [10.0080076, 53.5835133], [10.0079332, 53.583618], [10.0078583, 53.5837234]]}, "properties": {"id": 739562164, "highway": "footway", "name": "", "surface": "paving_stones", "foot": ""}}, {"type": "Feature", "geometry": {"type": "LineString", "coordinates": [[10.0083961, 53.5838507], [10.0083773, 53.5839089], [10.0083326, 53.5839344], [10.0082621, 53.5839419], [10.0078159, 53.5838298], [10.0078306, 53.5838086]]}, "properties": {"id": 740682366, "highway": "footway", "name": "", "surface": "compacted", "foot": ""}}, {"type": "Feature", "geometry": {"type": "LineString", "coordinates": [[10.0078742, 53.583749], [10.0078897, 53.5837267]]}, "properties": {"id": 740682367, "highway": "footway", "name": "", "surface": "sett", "foot": ""}}, {"type": "Feature", "geometry": {"type": "LineString", "coordinates": [[10.0152364, 53.5918427], [10.0152917, 53.591437], [10.0152945, 53.5914174], [10.0153001, 53.5913779], [10.0153306, 53.591161], [10.0153529, 53.5909747], [10.0153753, 53.590788], [10.0153848, 53.5907176], [10.0153974, 53.5906261], [10.015458, 53.5901746]]}, "properties": {"id": 740978187, "highway": "footway", "name": "", "surface": "paving_stones", "foot": ""}}, {"type": "Feature", "geometry": {"type": "LineString", "coordinates": [[10.0157623, 53.5917861], [10.0157322, 53.5917591], [10.0157705, 53.5915023], [10.0158143, 53.591207], [10.0158535, 53.5909675], [10.0158828, 53.5907363], [10.015914, 53.5904892], [10.0159739, 53.5901599]]}, "properties": {"id": 740978188, "highway": "footway", "name": "", "surface": "paving_stones", "foot": ""}}, {"type": "Feature", "geometry": {"type": "LineString", "coordinates": [[10.0078614, 53.5832172], [10.0079926, 53.5832537], [10.0080127, 53.5832559], [10.0080264, 53.583255], [10.0081436, 53.583199], [10.0081605, 53.5831748], [10.0081744, 53.583155], [10.0081873, 53.5831366]]}, "properties": {"id": 744826669, "highway": "footway", "name": "", "surface": "paving_stones", "foot": ""}}, {"type": "Feature", "geometry": {"type": "LineString", "coordinates": [[10.0078952, 53.5831702], [10.00805, 53.5831741]]}, "properties": {"id": 744826670, "highway": "footway", "name": "", "surface": "concrete", "foot": ""}}, {"type": "Feature", "geometry": {"type": "LineString", "coordinates": [[10.0079977, 53.5830348], [10.0081086, 53.5830915]]}, "properties": {"id": 744826672, "highway": "footway", "name": "", "surface": "concrete", "foot": ""}}, {"type": "Feature", "geometry": {"type": "LineString", "coordinates": [[10.0081744, 53.583155], [10.0081961, 53.5831604]]}, "properties": {"id": 744826674, "highway": "footway", "name": "", "surface": "concrete", "foot": ""}}, {"type": "Feature", "geometry": {"type": "LineString", "coordinates": [[10.0079332, 53.583618], [10.0080149, 53.583637]]}, "properties": {"id": 744826678, "highway": "footway", "name": "", "surface": "paving_stones", "foot": ""}}, {"type": "Feature", "geometry": {"type": "LineString", "coordinates": [[10.0081146, 53.5833628], [10.0081859, 53.5833853]]}, "properties": {"id": 744826679, "highway": "footway", "name": "", "surface": "paving_stones", "foot": ""}}, {"type": "Feature", "geometry": {"type": "LineString", "coordinates": [[10.0207605, 53.5819992], [10.0208609, 53.5820166], [10.0211246, 53.5820089], [10.0212118, 53.581927]]}, "properties": {"id": 744956168, "highway": "footway", "name": "", "surface": "asphalt", "foot": "yes"}}, {"type": "Feature", "geometry": {"type": "LineString", "coordinates": [[10.0201902, 53.5819064], [10.0203242, 53.5819234], [10.0204996, 53.5819582], [10.0207605, 53.5819992]]}, "properties": {"id": 744958588, "highway": "footway", "name": "", "surface": "compacted", "foot": "yes"}}, {"type": "Feature", "geometry": {"type": "LineString", "coordinates": [[10.0134665, 53.5788691], [10.0135112, 53.5788131]]}, "properties": {"id": 752736501, "highway": "footway", "name": "", "surface": "wood", "foot": ""}}, {"type": "Feature", "geometry": {"type": "LineString", "coordinates": [[10.0134852, 53.5789051], [10.0134232, 53.5788871]]}, "properties": {"id": 752736505, "highway": "footway", "name": "", "surface": "wood", "foot": ""}}, {"type": "Feature", "geometry": {"type": "LineString", "coordinates": [[10.0135048, 53.5788801], [10.0134996, 53.5788872]]}, "properties": {"id": 752736507, "highway": "footway", "name": "", "surface": "paving_stones", "foot": ""}}, {"type": "Feature", "geometry": {"type": "LineString", "coordinates": [[10.0249306, 53.583655], [10.0249976, 53.5836675], [10.0250605, 53.5836749], [10.0251337, 53.5836445]]}, "properties": {"id": 758950324, "highway": "footway", "name": "", "surface": "ground", "foot": ""}}, {"type": "Feature", "geometry": {"type": "LineString", "coordinates": [[10.0245834, 53.5835888], [10.0245753, 53.5836067], [10.0243505, 53.5839643], [10.0246962, 53.5840153]]}, "properties": {"id": 758999574, "highway": "footway", "name": "", "surface": "paving_stones", "foot": ""}}, {"type": "Feature", "geometry": {"type": "LineString", "coordinates": [[10.0301973, 53.5917235], [10.0303892, 53.5916718]]}, "properties": {"id": 759614136, "highway": "footway", "name": "", "surface": "compacted", "foot": "yes"}}, {"type": "Feature", "geometry": {"type": "LineString", "coordinates": [[10.0303892, 53.5916718], [10.0304693, 53.5916555]]}, "properties": {"id": 759614137, "highway": "footway", "name": "", "surface": "asphalt", "foot": "yes"}}, {"type": "Feature", "geometry": {"type": "LineString", "coordinates": [[10.0086093, 53.5899803], [10.0086091, 53.5901793]]}, "properties": {"id": 760817835, "highway": "footway", "name": "", "surface": "sand", "foot": ""}}, {"type": "Feature", "geometry": {"type": "LineString", "coordinates": [[10.0086091, 53.5901793], [10.008609, 53.5903546]]}, "properties": {"id": 760817836, "highway": "footway", "name": "", "surface": "concrete", "foot": ""}}, {"type": "Feature", "geometry": {"type": "LineString", "coordinates": [[10.0096084, 53.5881934], [10.0094819, 53.5882657]]}, "properties": {"id": 760821035, "highway": "footway", "name": "", "surface": "", "foot": ""}}, {"type": "Feature", "geometry": {"type": "LineString", "coordinates": [[10.0097566, 53.5881017], [10.0096677, 53.5881567], [10.0096084, 53.5881934]]}, "properties": {"id": 760821036, "highway": "footway", "name": "", "surface": "", "foot": ""}}, {"type": "Feature", "geometry": {"type": "LineString", "coordinates": [[10.0152302, 53.5892862], [10.0152158, 53.5892773]]}, "properties": {"id": 761352261, "highway": "footway", "name": "", "surface": "paving_stones", "foot": ""}}, {"type": "Feature", "geometry": {"type": "LineString", "coordinates": [[10.0148213, 53.5894938], [10.0148085, 53.589485]]}, "properties": {"id": 761352263, "highway": "footway", "name": "", "surface": "paving_stones", "foot": ""}}, {"type": "Feature", "geometry": {"type": "LineString", "coordinates": [[10.0140227, 53.5897318], [10.0139932, 53.589705], [10.0139252, 53.589643], [10.0138978, 53.589618]]}, "properties": {"id": 761352264, "highway": "path", "name": "", "surface": "asphalt", "foot": "designated"}}, {"type": "Feature", "geometry": {"type": "LineString", "coordinates": [[10.0133774, 53.5901232], [10.0133252, 53.5901338], [10.0128036, 53.5902587], [10.012495, 53.590328], [10.011888, 53.590463], [10.0115141, 53.5905471]]}, "properties": {"id": 761352265, "highway": "path", "name": "", "surface": "paving_stones", "foot": "designated"}}, {"type": "Feature", "geometry": {"type": "LineString", "coordinates": [[10.0134424, 53.5900227], [10.0134179, 53.5900566], [10.0133894, 53.5901035]]}, "properties": {"id": 761352266, "highway": "path", "name": "", "surface": "asphalt", "foot": "designated"}}, {"type": "Feature", "geometry": {"type": "LineString", "coordinates": [[10.0135341, 53.5899722], [10.0134424, 53.5900227]]}, "properties": {"id": 761352267, "highway": "path", "name": "", "surface": "paving_stones", "foot": "designated"}}, {"type": "Feature", "geometry": {"type": "LineString", "coordinates": [[10.0136935, 53.589903], [10.0136145, 53.5899373], [10.0135341, 53.5899722]]}, "properties": {"id": 761352268, "highway": "path", "name": "", "surface": "asphalt", "foot": "designated"}}, {"type": "Feature", "geometry": {"type": "LineString", "coordinates": [[10.0137567, 53.5898784], [10.0136935, 53.589903]]}, "properties": {"id": 761352269, "highway": "path", "name": "", "surface": "paving_stones", "foot": "designated"}}, {"type": "Feature", "geometry": {"type": "LineString", "coordinates": [[10.0141018, 53.5897852], [10.0138939, 53.589843], [10.0138475, 53.5898408]]}, "properties": {"id": 761352270, "highway": "footway", "name": "", "surface": "paving_stones", "foot": ""}}, {"type": "Feature", "geometry": {"type": "LineString", "coordinates": [[10.0385418, 53.5846773], [10.0386682, 53.5846795], [10.0386796, 53.5847297], [10.0386984, 53.5848275]]}, "properties": {"id": 762822202, "highway": "footway", "name": "", "surface": "asphalt", "foot": ""}}, {"type": "Feature", "geometry": {"type": "LineString", "coordinates": [[10.0251563, 53.5768799], [10.0250755, 53.5768432]]}, "properties": {"id": 764145592, "highway": "footway", "name": "", "surface": "paving_stones", "foot": ""}}, {"type": "Feature", "geometry": {"type": "LineString", "coordinates": [[10.0232334, 53.578551], [10.0233143, 53.5784769], [10.0233863, 53.5784111], [10.0235204, 53.5782948], [10.0242563, 53.577656], [10.0251563, 53.5768799]]}, "properties": {"id": 764145593, "highway": "footway", "name": "", "surface": "metal", "foot": ""}}, {"type": "Feature", "geometry": {"type": "LineString", "coordinates": [[10.020062, 53.5811375], [10.0204845, 53.5807723], [10.0205507, 53.5807109], [10.020957, 53.5803338], [10.02147, 53.5798877], [10.0218408, 53.5795624], [10.0221899, 53.5792575], [10.0227198, 53.578754], [10.0228739, 53.5786314]]}, "properties": {"id": 764145594, "highway": "footway", "name": "", "surface": "paving_stones", "foot": ""}}, {"type": "Feature", "geometry": {"type": "LineString", "coordinates": [[10.0214011, 53.5802146], [10.0222084, 53.5794645], [10.0224826, 53.5792228], [10.0230621, 53.5787078]]}, "properties": {"id": 764145595, "highway": "footway", "name": "", "surface": "paving_stones", "foot": ""}}, {"type": "Feature", "geometry": {"type": "LineString", "coordinates": [[10.0214011, 53.5802146], [10.0215242, 53.5801739], [10.0226705, 53.5799132], [10.0229704, 53.5798543], [10.0243437, 53.5795544], [10.024505, 53.579523], [10.0247072, 53.5794771], [10.0249264, 53.5794235], [10.0252106, 53.5793753]]}, "properties": {"id": 764145596, "highway": "footway", "name": "", "surface": "paving_stones", "foot": ""}}, {"type": "Feature", "geometry": {"type": "LineString", "coordinates": [[10.0262815, 53.5793209], [10.0268198, 53.57853], [10.0272627, 53.5778603], [10.0273133, 53.5778129], [10.0273425, 53.5777589], [10.0273391, 53.5776676]]}, "properties": {"id": 764145597, "highway": "footway", "name": "", "surface": "paving_stones", "foot": ""}}, {"type": "Feature", "geometry": {"type": "LineString", "coordinates": [[10.0264939, 53.5793946], [10.0265407, 53.5793136], [10.0265894, 53.5792344], [10.0270363, 53.5785732], [10.0275917, 53.5777514]]}, "properties": {"id": 764145598, "highway": "footway", "name": "", "surface": "paving_stones", "foot": ""}}, {"type": "Feature", "geometry": {"type": "LineString", "coordinates": [[10.0231903, 53.5786767], [10.0231431, 53.578715], [10.0230621, 53.5787078], [10.0230065, 53.5786862]]}, "properties": {"id": 764145599, "highway": "footway", "name": "", "surface": "paving_stones", "foot": ""}}, {"type": "Feature", "geometry": {"type": "LineString", "coordinates": [[10.0212384, 53.5803672], [10.0206872, 53.5808061], [10.0204165, 53.5810506], [10.0201685, 53.581275]]}, "properties": {"id": 764145600, "highway": "footway", "name": "", "surface": "paving_stones", "foot": ""}}, {"type": "Feature", "geometry": {"type": "LineString", "coordinates": [[10.0213578, 53.5803443], [10.0215429, 53.5804554], [10.0223883, 53.581009], [10.0224231, 53.5810512]]}, "properties": {"id": 764145601, "highway": "footway", "name": "", "surface": "paving_stones", "foot": ""}}, {"type": "Feature", "geometry": {"type": "LineString", "coordinates": [[10.023657, 53.5798453], [10.0235717, 53.5799653], [10.022975, 53.5806102], [10.0226303, 53.5809889], [10.0226308, 53.5809898], [10.0226481, 53.581022]]}, "properties": {"id": 764145602, "highway": "footway", "name": "", "surface": "paving_stones", "foot": ""}}, {"type": "Feature", "geometry": {"type": "LineString", "coordinates": [[10.0249205, 53.5796973], [10.0241448, 53.5808301]]}, "properties": {"id": 764145603, "highway": "footway", "name": "", "surface": "paving_stones", "foot": ""}}, {"type": "Feature", "geometry": {"type": "LineString", "coordinates": [[10.0239129, 53.5797902], [10.0246561, 53.5796337], [10.0249691, 53.5795652], [10.0250735, 53.5795423], [10.0253752, 53.5795101], [10.0261572, 53.5794591], [10.0263562, 53.5794543], [10.0272423, 53.5794406], [10.0284574, 53.5794277], [10.0286604, 53.5794393], [10.0287854, 53.5794597], [10.0289001, 53.5794897], [10.0290355, 53.5795476], [10.0299336, 53.5799405], [10.0299611, 53.57998], [10.0299993, 53.5800684]]}, "properties": {"id": 764145604, "highway": "footway", "name": "", "surface": "paving_stones", "foot": ""}}, {"type": "Feature", "geometry": {"type": "LineString", "coordinates": [[10.0229566, 53.5809831], [10.0229356, 53.580948], [10.0229294, 53.5809265], [10.0229382, 53.5809046], [10.023923, 53.5798111], [10.0239129, 53.5797902], [10.0237337, 53.5798287], [10.023657, 53.5798453], [10.0234432, 53.5798915], [10.0224919, 53.5800962], [10.0215906, 53.5802951], [10.0214984, 53.5803175]]}, "properties": {"id": 764145605, "highway": "footway", "name": "", "surface": "paving_stones", "foot": ""}}, {"type": "Feature", "geometry": {"type": "LineString", "coordinates": [[10.0204284, 53.5814621], [10.0205794, 53.5814406], [10.0215404, 53.5813119], [10.0225322, 53.5811844], [10.0226907, 53.5811639], [10.0256056, 53.580782], [10.025756, 53.5807681], [10.0259659, 53.5807403], [10.0266667, 53.5806405], [10.0269134, 53.5806138], [10.027857, 53.5804876], [10.0304965, 53.5801458], [10.0310867, 53.5800667], [10.0317896, 53.5799694], [10.0318861, 53.5799742]]}, "properties": {"id": 764145608, "highway": "footway", "name": "", "surface": "paving_stones", "foot": ""}}, {"type": "Feature", "geometry": {"type": "LineString", "coordinates": [[10.0201641, 53.5813146], [10.0203618, 53.5813234], [10.0210427, 53.5812347], [10.0221622, 53.5810864], [10.0224231, 53.5810512], [10.0225167, 53.5810386], [10.0226481, 53.581022], [10.022797, 53.5810032], [10.0229566, 53.5809831], [10.0235259, 53.5809116], [10.0241448, 53.5808301], [10.0242951, 53.5808104], [10.0246818, 53.58076], [10.0255695, 53.5806478], [10.0257432, 53.5806214], [10.0258473, 53.5805979], [10.0268544, 53.5804645], [10.0269576, 53.5804503], [10.027984, 53.5803316], [10.0285415, 53.5802634], [10.029754, 53.5801013], [10.0299993, 53.5800684], [10.0301896, 53.5800405]]}, "properties": {"id": 764145609, "highway": "footway", "name": "", "surface": "paving_stones", "foot": ""}}, {"type": "Feature", "geometry": {"type": "LineString", "coordinates": [[10.0196707, 53.5822544], [10.0195968, 53.582724], [10.019563, 53.582837], [10.0195172, 53.5829823]]}, "properties": {"id": 764156658, "highway": "footway", "name": "", "surface": "paving_stones", "foot": "yes"}}, {"type": "Feature", "geometry": {"type": "LineString", "coordinates": [[10.0197935, 53.581929], [10.0196755, 53.5822102], [10.0196707, 53.5822544]]}, "properties": {"id": 764156659, "highway": "footway", "name": "", "surface": "paving_stones", "foot": "yes"}}, {"type": "Feature", "geometry": {"type": "LineString", "coordinates": [[10.0287321, 53.5916343], [10.0287094, 53.5916035]]}, "properties": {"id": 790755732, "highway": "footway", "name": "", "surface": "paving_stones", "foot": ""}}, {"type": "Feature", "geometry": {"type": "LineString", "coordinates": [[10.0286545, 53.5915205], [10.0285849, 53.591534], [10.0282115, 53.5915981], [10.0279634, 53.5916581]]}, "properties": {"id": 790755733, "highway": "footway", "name": "", "surface": "compacted", "foot": ""}}, {"type": "Feature", "geometry": {"type": "LineString", "coordinates": [[10.0285176, 53.5917457], [10.0287655, 53.5916836], [10.0287321, 53.5916343]]}, "properties": {"id": 790755734, "highway": "footway", "name": "", "surface": "paving_stones", "foot": ""}}, {"type": "Feature", "geometry": {"type": "LineString", "coordinates": [[10.0284626, 53.5917594], [10.0285176, 53.5917457]]}, "properties": {"id": 790755735, "highway": "footway", "name": "", "surface": "paving_stones", "foot": ""}}, {"type": "Feature", "geometry": {"type": "LineString", "coordinates": [[10.0279016, 53.5917541], [10.026591, 53.5920838]]}, "properties": {"id": 790755739, "highway": "footway", "name": "", "surface": "paving_stones", "foot": ""}}, {"type": "Feature", "geometry": {"type": "LineString", "coordinates": [[10.034139, 53.5792763], [10.0339409, 53.5792664], [10.0337223, 53.5792391], [10.0333671, 53.5791868], [10.0332139, 53.5791634]]}, "properties": {"id": 793872680, "highway": "footway", "name": "", "surface": "compacted", "foot": "yes"}}, {"type": "Feature", "geometry": {"type": "LineString", "coordinates": [[10.0172552, 53.584377], [10.0173721, 53.5843935], [10.0184797, 53.5846494]]}, "properties": {"id": 796478537, "highway": "footway", "name": "", "surface": "", "foot": ""}}, {"type": "Feature", "geometry": {"type": "LineString", "coordinates": [[10.0040526, 53.5852437], [10.0041102, 53.5851135], [10.004158, 53.5849892], [10.0041763, 53.584894], [10.00419, 53.5847689], [10.0041841, 53.5846822], [10.0041645, 53.5845886], [10.0041527, 53.5845478], [10.0040932, 53.5844063], [10.004029, 53.5842886], [10.0039439, 53.5841872], [10.0038569, 53.5840966], [10.0037777, 53.5840181], [10.0036703, 53.5839431], [10.0035433, 53.58386], [10.0034198, 53.5837937], [10.0033123, 53.5837442], [10.0031447, 53.5836719], [10.0030365, 53.5836385]]}, "properties": {"id": 796492954, "highway": "footway", "name": "", "surface": "paving_stones", "foot": ""}}, {"type": "Feature", "geometry": {"type": "LineString", "coordinates": [[10.0033644, 53.5861538], [10.0035359, 53.5859229], [10.0036932, 53.5857111], [10.0039985, 53.585314], [10.0040526, 53.5852437]]}, "properties": {"id": 796492955, "highway": "footway", "name": "", "surface": "paving_stones", "foot": ""}}, {"type": "Feature", "geometry": {"type": "LineString", "coordinates": [[10.0056781, 53.583407], [10.0056186, 53.583497], [10.005352, 53.5838488], [10.0052059, 53.5840391], [10.0052365, 53.5841172], [10.0049041, 53.5845497], [10.0042807, 53.5853904]]}, "properties": {"id": 796492956, "highway": "footway", "name": "", "surface": "paving_stones", "foot": ""}}, {"type": "Feature", "geometry": {"type": "LineString", "coordinates": [[10.040056, 53.5766024], [10.0400471, 53.5766049], [10.0399612, 53.5766189]]}, "properties": {"id": 798975517, "highway": "footway", "name": "", "surface": "paving_stones", "foot": ""}}, {"type": "Feature", "geometry": {"type": "LineString", "coordinates": [[10.0027163, 53.5825162], [10.0029078, 53.5816583], [10.0030629, 53.5809597]]}, "properties": {"id": 801406062, "highway": "footway", "name": "", "surface": "dirt", "foot": ""}}, {"type": "Feature", "geometry": {"type": "LineString", "coordinates": [[10.0026663, 53.5827364], [10.0027163, 53.5825162]]}, "properties": {"id": 801406063, "highway": "footway", "name": "", "surface": "paving_stones", "foot": ""}}, {"type": "Feature", "geometry": {"type": "LineString", "coordinates": [[10.0119364, 53.5821332], [10.0118746, 53.5822035], [10.0118031, 53.5822848]]}, "properties": {"id": 808711934, "highway": "footway", "name": "", "surface": "paving_stones", "foot": ""}}, {"type": "Feature", "geometry": {"type": "LineString", "coordinates": [[10.0114618, 53.5831248], [10.0107867, 53.5838609]]}, "properties": {"id": 808711935, "highway": "footway", "name": "", "surface": "paving_stones", "foot": ""}}, {"type": "Feature", "geometry": {"type": "LineString", "coordinates": [[10.0116132, 53.5828387], [10.0116549, 53.5829452], [10.0115335, 53.5830744], [10.0114937, 53.5830896], [10.0114618, 53.5831248]]}, "properties": {"id": 808711936, "highway": "footway", "name": "", "surface": "asphalt", "foot": ""}}, {"type": "Feature", "geometry": {"type": "LineString", "coordinates": [[10.0319817, 53.5800227], [10.0319277, 53.5800276], [10.0318861, 53.5799742], [10.0318817, 53.579956]]}, "properties": {"id": 834336750, "highway": "path", "name": "", "surface": "paving_stones", "foot": "designated"}}, {"type": "Feature", "geometry": {"type": "LineString", "coordinates": [[10.0321884, 53.5800077], [10.0320794, 53.5800156], [10.0319817, 53.5800227]]}, "properties": {"id": 834336751, "highway": "path", "name": "", "surface": "asphalt", "foot": "designated"}}, {"type": "Feature", "geometry": {"type": "LineString", "coordinates": [[10.0324426, 53.5799038], [10.0324431, 53.5799239], [10.0324196, 53.5799398], [10.0323887, 53.5799711], [10.0323856, 53.579996], [10.0323263, 53.5799978]]}, "properties": {"id": 834336752, "highway": "path", "name": "", "surface": "paving_stones", "foot": "designated"}}, {"type": "Feature", "geometry": {"type": "LineString", "coordinates": [[10.0324557, 53.57971], [10.0324527, 53.5797542], [10.0324504, 53.5797879], [10.032448, 53.5798241]]}, "properties": {"id": 834336753, "highway": "path", "name": "", "surface": "asphalt", "foot": "designated"}}, {"type": "Feature", "geometry": {"type": "LineString", "coordinates": [[10.0323673, 53.5795162], [10.0324247, 53.5795274], [10.0324142, 53.5795888], [10.0324221, 53.5796175], [10.0324401, 53.5796361], [10.0324657, 53.5796605], [10.0324557, 53.57971]]}, "properties": {"id": 834336754, "highway": "path", "name": "", "surface": "paving_stones", "foot": "designated"}}, {"type": "Feature", "geometry": {"type": "LineString", "coordinates": [[10.0322221, 53.5794877], [10.03232, 53.5795069], [10.0323673, 53.5795162]]}, "properties": {"id": 834336755, "highway": "path", "name": "", "surface": "asphalt", "foot": "designated"}}, {"type": "Feature", "geometry": {"type": "LineString", "coordinates": [[10.0191245, 53.5829343], [10.0191901, 53.5829422], [10.0193728, 53.5829642], [10.0194581, 53.5829745]]}, "properties": {"id": 839806431, "highway": "path", "name": "", "surface": "asphalt", "foot": "designated"}}, {"type": "Feature", "geometry": {"type": "LineString", "coordinates": [[10.0240539, 53.5910866], [10.0240494, 53.5911031], [10.0239978, 53.5911094], [10.0240012, 53.5911305], [10.0240253, 53.591158], [10.0240403, 53.5912333]]}, "properties": {"id": 839835433, "highway": "footway", "name": "", "surface": "", "foot": ""}}, {"type": "Feature", "geometry": {"type": "LineString", "coordinates": [[10.0235652, 53.5910557], [10.0235529, 53.5910579], [10.0235593, 53.5910939], [10.0235787, 53.5911246], [10.0235727, 53.5911504], [10.0236069, 53.5911994], [10.0236466, 53.5912819]]}, "properties": {"id": 839835434, "highway": "footway", "name": "", "surface": "", "foot": ""}}, {"type": "Feature", "geometry": {"type": "LineString", "coordinates": [[10.0233181, 53.5910949], [10.0233641, 53.5912129], [10.0233299, 53.5912197], [10.0233232, 53.5912344], [10.0233239, 53.5912543], [10.0233679, 53.5913275]]}, "properties": {"id": 839835435, "highway": "footway", "name": "", "surface": "", "foot": ""}}, {"type": "Feature", "geometry": {"type": "LineString", "coordinates": [[10.023088, 53.5911345], [10.0231026, 53.5911325], [10.0231522, 53.5911978], [10.0231978, 53.591283], [10.0232336, 53.5913494]]}, "properties": {"id": 839835436, "highway": "footway", "name": "", "surface": "", "foot": ""}}, {"type": "Feature", "geometry": {"type": "LineString", "coordinates": [[10.0227099, 53.5911488], [10.0228009, 53.5913626], [10.0228344, 53.5914348]]}, "properties": {"id": 839835437, "highway": "footway", "name": "", "surface": "", "foot": ""}}, {"type": "Feature", "geometry": {"type": "LineString", "coordinates": [[10.022942, 53.5911424], [10.0229517, 53.5911413], [10.0230034, 53.5912185], [10.0230315, 53.5913124], [10.0230735, 53.59138]]}, "properties": {"id": 839835438, "highway": "footway", "name": "", "surface": "", "foot": ""}}, {"type": "Feature", "geometry": {"type": "LineString", "coordinates": [[10.0225578, 53.5911665], [10.0226533, 53.5913896], [10.0226911, 53.5914676]]}, "properties": {"id": 839835439, "highway": "footway", "name": "", "surface": "", "foot": ""}}, {"type": "Feature", "geometry": {"type": "LineString", "coordinates": [[10.0223988, 53.5912022], [10.0225018, 53.5914159], [10.0225445, 53.5915012]]}, "properties": {"id": 839835440, "highway": "footway", "name": "", "surface": "", "foot": ""}}, {"type": "Feature", "geometry": {"type": "LineString", "coordinates": [[10.0221703, 53.5911967], [10.0221591, 53.5911986], [10.0221819, 53.5912499], [10.0222369, 53.5912583], [10.0222725, 53.5913072], [10.0223301, 53.591439], [10.0223753, 53.5915265]]}, "properties": {"id": 839835441, "highway": "footway", "name": "", "surface": "", "foot": ""}}, {"type": "Feature", "geometry": {"type": "LineString", "coordinates": [[10.0220299, 53.5912343], [10.022015, 53.5912348], [10.0220411, 53.5912901], [10.0220545, 53.5913797], [10.0220981, 53.5914318], [10.022141, 53.5914473], [10.0221679, 53.5914597], [10.0222063, 53.5915491]]}, "properties": {"id": 839835442, "highway": "footway", "name": "", "surface": "", "foot": ""}}, {"type": "Feature", "geometry": {"type": "LineString", "coordinates": [[10.0217847, 53.5904877], [10.0217818, 53.5904776], [10.0217663, 53.5904242]]}, "properties": {"id": 839835445, "highway": "footway", "name": "", "surface": "", "foot": ""}}, {"type": "Feature", "geometry": {"type": "LineString", "coordinates": [[10.0217181, 53.5904952], [10.0217229, 53.5905098], [10.0217394, 53.5905586], [10.0217647, 53.5905559]]}, "properties": {"id": 839835446, "highway": "footway", "name": "", "surface": "", "foot": ""}}, {"type": "Feature", "geometry": {"type": "LineString", "coordinates": [[10.0213992, 53.5905312], [10.0213952, 53.5905172], [10.0213773, 53.5904547], [10.0214079, 53.5904502]]}, "properties": {"id": 839835447, "highway": "footway", "name": "", "surface": "", "foot": ""}}, {"type": "Feature", "geometry": {"type": "LineString", "coordinates": [[10.0213147, 53.5905407], [10.0213194, 53.5905609], [10.0213246, 53.590603]]}, "properties": {"id": 839835448, "highway": "footway", "name": "", "surface": "", "foot": ""}}, {"type": "Feature", "geometry": {"type": "LineString", "coordinates": [[10.0209352, 53.5905836], [10.0209461, 53.5906012], [10.020985, 53.5906438], [10.0209857, 53.5906493]]}, "properties": {"id": 839835449, "highway": "footway", "name": "", "surface": "", "foot": ""}}, {"type": "Feature", "geometry": {"type": "LineString", "coordinates": [[10.0222682, 53.5906852], [10.0222524, 53.5906895], [10.0222731, 53.5907258], [10.022257, 53.5907441], [10.0222979, 53.5908209], [10.0222994, 53.590832]]}, "properties": {"id": 839835450, "highway": "footway", "name": "", "surface": "", "foot": ""}}, {"type": "Feature", "geometry": {"type": "LineString", "coordinates": [[10.022156, 53.5906151], [10.0221813, 53.5906099], [10.0221987, 53.5906493], [10.0221732, 53.5906545], [10.0221779, 53.5907385], [10.0221933, 53.5907902], [10.0222136, 53.5908288], [10.022219, 53.5908392]]}, "properties": {"id": 839835451, "highway": "footway", "name": "", "surface": "", "foot": ""}}, {"type": "Feature", "geometry": {"type": "LineString", "coordinates": [[10.0220259, 53.5906876], [10.0220666, 53.5907473], [10.0220592, 53.5907879], [10.0220519, 53.5908245], [10.0220625, 53.5908463], [10.022067, 53.5908555]]}, "properties": {"id": 839835452, "highway": "footway", "name": "", "surface": "", "foot": ""}}, {"type": "Feature", "geometry": {"type": "LineString", "coordinates": [[10.0214109, 53.5909314], [10.0214054, 53.590919], [10.0213306, 53.590759]]}, "properties": {"id": 839835453, "highway": "footway", "name": "", "surface": "", "foot": ""}}, {"type": "Feature", "geometry": {"type": "LineString", "coordinates": [[10.0212455, 53.5909515], [10.0212404, 53.5909409], [10.0212338, 53.5909272], [10.0211882, 53.5909268], [10.0211171, 53.5907717], [10.0211266, 53.5907706]]}, "properties": {"id": 839835454, "highway": "footway", "name": "", "surface": "", "foot": ""}}, {"type": "Feature", "geometry": {"type": "LineString", "coordinates": [[10.021092, 53.5909701], [10.0210877, 53.5909595], [10.0210742, 53.5909264], [10.0211104, 53.5909061], [10.0210534, 53.5907783], [10.0210439, 53.5907805]]}, "properties": {"id": 839835455, "highway": "footway", "name": "", "surface": "", "foot": ""}}, {"type": "Feature", "geometry": {"type": "LineString", "coordinates": [[10.021051, 53.5909751], [10.0210735, 53.5909956], [10.0210903, 53.5910052], [10.0211459, 53.590998], [10.0212331, 53.5910489], [10.0212228, 53.5910719]]}, "properties": {"id": 839835456, "highway": "footway", "name": "", "surface": "", "foot": ""}}, {"type": "Feature", "geometry": {"type": "LineString", "coordinates": [[10.0213211, 53.5909423], [10.0213377, 53.590963], [10.0214215, 53.5910358], [10.0215027, 53.5910645], [10.021502, 53.5911055], [10.0215598, 53.5911488]]}, "properties": {"id": 839835457, "highway": "footway", "name": "", "surface": "", "foot": ""}}, {"type": "Feature", "geometry": {"type": "LineString", "coordinates": [[10.0215667, 53.5909125], [10.0215738, 53.5909303], [10.0215919, 53.5909697], [10.0215758, 53.5909793], [10.021614, 53.5910569], [10.0216408, 53.5911329], [10.0216543, 53.591132]]}, "properties": {"id": 839835458, "highway": "footway", "name": "", "surface": "", "foot": ""}}, {"type": "Feature", "geometry": {"type": "LineString", "coordinates": [[10.0227327, 53.5908052], [10.0227378, 53.5908165], [10.0227593, 53.5908694], [10.0228029, 53.5908893], [10.0227854, 53.590924], [10.0227486, 53.5909506], [10.0227519, 53.5909789], [10.0227921, 53.591004], [10.0228203, 53.5910163], [10.0228347, 53.5910339]]}, "properties": {"id": 839835459, "highway": "footway", "name": "", "surface": "", "foot": ""}}, {"type": "Feature", "geometry": {"type": "LineString", "coordinates": [[10.0224011, 53.5908257], [10.0224079, 53.5908444], [10.022428, 53.5908874], [10.0224616, 53.5909013], [10.0224924, 53.5909208], [10.0224924, 53.5909383], [10.0224743, 53.5909725], [10.0224542, 53.5910099], [10.022469, 53.5910483]]}, "properties": {"id": 839835460, "highway": "footway", "name": "", "surface": "", "foot": ""}}, {"type": "Feature", "geometry": {"type": "LineString", "coordinates": [[10.0225616, 53.5908158], [10.0225689, 53.5908316], [10.0226426, 53.5909964], [10.0226627, 53.5909976], [10.0226693, 53.5910234]]}, "properties": {"id": 839835461, "highway": "footway", "name": "", "surface": "", "foot": ""}}, {"type": "Feature", "geometry": {"type": "LineString", "coordinates": [[10.022219, 53.5908392], [10.0222255, 53.5908603], [10.022251, 53.5909017], [10.0222906, 53.590926], [10.0223382, 53.590967], [10.0223482, 53.5909932], [10.0223355, 53.5910247], [10.0223221, 53.5910366], [10.0223275, 53.5910568]]}, "properties": {"id": 839835462, "highway": "footway", "name": "", "surface": "", "foot": ""}}, {"type": "Feature", "geometry": {"type": "LineString", "coordinates": [[10.022067, 53.5908555], [10.0220753, 53.5908762], [10.0220887, 53.5908969], [10.0221384, 53.5909208], [10.0221813, 53.5909841], [10.0222061, 53.5910537], [10.0221477, 53.5910633], [10.0221548, 53.5910751]]}, "properties": {"id": 839835463, "highway": "footway", "name": "", "surface": "", "foot": ""}}, {"type": "Feature", "geometry": {"type": "LineString", "coordinates": [[10.021832, 53.5906979], [10.0218366, 53.5907106], [10.0218675, 53.5907047], [10.0219198, 53.5907958], [10.0218896, 53.5908547], [10.0218956, 53.5908639], [10.0219018, 53.5908732], [10.0219077, 53.5908929], [10.0219137, 53.590926], [10.0218983, 53.5909853], [10.0219533, 53.5911047], [10.0219793, 53.5911122]]}, "properties": {"id": 839835464, "highway": "footway", "name": "", "surface": "", "foot": ""}}, {"type": "Feature", "geometry": {"type": "LineString", "coordinates": [[10.0216656, 53.5907171], [10.021671, 53.5907289], [10.0216998, 53.5907254], [10.021726, 53.5907819], [10.0217005, 53.5908372], [10.0217261, 53.5908822], [10.021732, 53.5908925], [10.0217374, 53.590912], [10.0217917, 53.5910187], [10.0218011, 53.5910553], [10.0217877, 53.5911078], [10.0217944, 53.5911413], [10.0218118, 53.59114]]}, "properties": {"id": 839835465, "highway": "footway", "name": "", "surface": "", "foot": ""}}, {"type": "Feature", "geometry": {"type": "LineString", "coordinates": [[10.020101, 53.5900807], [10.02012, 53.5900949], [10.0201354, 53.5901054]]}, "properties": {"id": 839842851, "highway": "footway", "name": "", "surface": "", "foot": ""}}, {"type": "Feature", "geometry": {"type": "LineString", "coordinates": [[10.0203504, 53.5899378], [10.0203721, 53.5899289], [10.0205478, 53.589847], [10.0206192, 53.5897966]]}, "properties": {"id": 839842852, "highway": "footway", "name": "", "surface": "", "foot": ""}}, {"type": "Feature", "geometry": {"type": "LineString", "coordinates": [[10.0204613, 53.5900042], [10.0204875, 53.5899922], [10.0206397, 53.5899218], [10.0206511, 53.5898927], [10.0207589, 53.5898393]]}, "properties": {"id": 839842853, "highway": "footway", "name": "", "surface": "", "foot": ""}}, {"type": "Feature", "geometry": {"type": "LineString", "coordinates": [[10.0205665, 53.5900671], [10.0205894, 53.5900563], [10.0207604, 53.5899735], [10.0207912, 53.5899234], [10.0208345, 53.5899245]]}, "properties": {"id": 839842854, "highway": "footway", "name": "", "surface": "", "foot": ""}}, {"type": "Feature", "geometry": {"type": "LineString", "coordinates": [[10.0212829, 53.5901298], [10.0212935, 53.5901658], [10.0208462, 53.5902159], [10.0208238, 53.5902178]]}, "properties": {"id": 839842856, "highway": "footway", "name": "", "surface": "", "foot": ""}}, {"type": "Feature", "geometry": {"type": "LineString", "coordinates": [[10.0211043, 53.5900774], [10.0211151, 53.5900862], [10.020819, 53.5901901], [10.0207865, 53.5901988]]}, "properties": {"id": 839842857, "highway": "footway", "name": "", "surface": "", "foot": ""}}, {"type": "Feature", "geometry": {"type": "LineString", "coordinates": [[10.020445, 53.5901045], [10.0204474, 53.5901157], [10.0204327, 53.5901271], [10.0204088, 53.5901221]]}, "properties": {"id": 839842858, "highway": "footway", "name": "", "surface": "", "foot": ""}}, {"type": "Feature", "geometry": {"type": "LineString", "coordinates": [[10.0205398, 53.5900511], [10.0205217, 53.5900611], [10.020445, 53.5901045], [10.0204204, 53.5901013], [10.0204056, 53.5901096], [10.0204088, 53.5901221], [10.020246, 53.5902]]}, "properties": {"id": 839842859, "highway": "footway", "name": "", "surface": "", "foot": ""}}, {"type": "Feature", "geometry": {"type": "LineString", "coordinates": [[10.0199829, 53.5900634], [10.0199926, 53.5900599], [10.0200308, 53.5900917], [10.0200478, 53.5901059]]}, "properties": {"id": 839842860, "highway": "footway", "name": "", "surface": "", "foot": ""}}, {"type": "Feature", "geometry": {"type": "LineString", "coordinates": [[10.0202968, 53.5899388], [10.0202821, 53.5899293], [10.0203, 53.5899198], [10.0203108, 53.5899141]]}, "properties": {"id": 839842861, "highway": "footway", "name": "", "surface": "", "foot": ""}}, {"type": "Feature", "geometry": {"type": "LineString", "coordinates": [[10.0202851, 53.5899442], [10.0202968, 53.5899388], [10.0203215, 53.5899577], [10.0203367, 53.5899694]]}, "properties": {"id": 839842862, "highway": "footway", "name": "", "surface": "", "foot": ""}}, {"type": "Feature", "geometry": {"type": "LineString", "coordinates": [[10.0323391, 53.5931092], [10.0324238, 53.5931559], [10.032423, 53.5931952], [10.0319612, 53.595048], [10.0317703, 53.5958232], [10.0317348, 53.5959637], [10.031722, 53.5960186]]}, "properties": {"id": 844556509, "highway": "path", "name": "", "surface": "", "foot": "designated"}}, {"type": "Feature", "geometry": {"type": "LineString", "coordinates": [[10.0065566, 53.5916908], [10.0065289, 53.5916513], [10.0065129, 53.5916284]]}, "properties": {"id": 861123088, "highway": "path", "name": "", "surface": "asphalt", "foot": "designated"}}, {"type": "Feature", "geometry": {"type": "LineString", "coordinates": [[10.0153935, 53.5900686], [10.0153966, 53.5900042]]}, "properties": {"id": 863789201, "highway": "footway", "name": "", "surface": "paving_stones", "foot": ""}}, {"type": "Feature", "geometry": {"type": "LineString", "coordinates": [[10.0153966, 53.5900042], [10.0153981, 53.5899725], [10.0153995, 53.5899448]]}, "properties": {"id": 863789202, "highway": "footway", "name": "", "surface": "asphalt", "foot": ""}}, {"type": "Feature", "geometry": {"type": "LineString", "coordinates": [[10.0153875, 53.5901578], [10.0154298, 53.5901596], [10.015458, 53.5901746]]}, "properties": {"id": 863789203, "highway": "footway", "name": "", "surface": "paving_stones", "foot": ""}}, {"type": "Feature", "geometry": {"type": "LineString", "coordinates": [[10.0155079, 53.5901707], [10.0155822, 53.5901655], [10.015652, 53.5901604]]}, "properties": {"id": 863789204, "highway": "footway", "name": "", "surface": "asphalt", "foot": ""}}, {"type": "Feature", "geometry": {"type": "LineString", "coordinates": [[10.017258, 53.5885419], [10.0172158, 53.5884782], [10.0172289, 53.5884489]]}, "properties": {"id": 863789887, "highway": "footway", "name": "", "surface": "paving_stones", "foot": ""}}, {"type": "Feature", "geometry": {"type": "LineString", "coordinates": [[10.0163888, 53.5886107], [10.016334, 53.5886076]]}, "properties": {"id": 863789888, "highway": "footway", "name": "", "surface": "paving_stones", "foot": ""}}, {"type": "Feature", "geometry": {"type": "LineString", "coordinates": [[10.0164601, 53.5886148], [10.0164163, 53.5886123]]}, "properties": {"id": 863789890, "highway": "footway", "name": "", "surface": "paving_stones", "foot": ""}}, {"type": "Feature", "geometry": {"type": "LineString", "coordinates": [[10.0165311, 53.5886189], [10.0164848, 53.5886163]]}, "properties": {"id": 863789892, "highway": "footway", "name": "", "surface": "paving_stones", "foot": ""}}, {"type": "Feature", "geometry": {"type": "LineString", "coordinates": [[10.0165995, 53.5886229], [10.0165536, 53.5886202]]}, "properties": {"id": 863789894, "highway": "footway", "name": "", "surface": "paving_stones", "foot": ""}}, {"type": "Feature", "geometry": {"type": "LineString", "coordinates": [[10.0111987, 53.5813358], [10.0114327, 53.5814094]]}, "properties": {"id": 874804905, "highway": "footway", "name": "", "surface": "concrete", "foot": ""}}, {"type": "Feature", "geometry": {"type": "LineString", "coordinates": [[10.0110705, 53.5812955], [10.0111987, 53.5813358]]}, "properties": {"id": 874804906, "highway": "footway", "name": "", "surface": "paving_stones", "foot": ""}}, {"type": "Feature", "geometry": {"type": "LineString", "coordinates": [[10.0184995, 53.5769346], [10.01862, 53.5765723], [10.0188768, 53.5766121], [10.0190793, 53.5764576]]}, "properties": {"id": 885118489, "highway": "footway", "name": "", "surface": "paving_stones", "foot": ""}}, {"type": "Feature", "geometry": {"type": "LineString", "coordinates": [[10.0152392, 53.5936422], [10.0152491, 53.5936064]]}, "properties": {"id": 891341628, "highway": "footway", "name": "", "surface": "paving_stones", "foot": ""}}, {"type": "Feature", "geometry": {"type": "LineString", "coordinates": [[10.0151933, 53.5935802], [10.0151393, 53.5935927]]}, "properties": {"id": 891341629, "highway": "footway", "name": "", "surface": "paving_stones", "foot": ""}}, {"type": "Feature", "geometry": {"type": "LineString", "coordinates": [[10.0153137, 53.5935942], [10.0153535, 53.5936197]]}, "properties": {"id": 891341630, "highway": "footway", "name": "", "surface": "paving_stones", "foot": ""}}, {"type": "Feature", "geometry": {"type": "LineString", "coordinates": [[10.0153344, 53.5935559], [10.0153881, 53.5935512]]}, "properties": {"id": 891341631, "highway": "footway", "name": "", "surface": "paving_stones", "foot": ""}}, {"type": "Feature", "geometry": {"type": "LineString", "coordinates": [[10.0151618, 53.5935148], [10.0152034, 53.593536]]}, "properties": {"id": 891341632, "highway": "footway", "name": "", "surface": "paving_stones", "foot": ""}}, {"type": "Feature", "geometry": {"type": "LineString", "coordinates": [[10.0152951, 53.593524], [10.0153064, 53.593503], [10.0153111, 53.5934943]]}, "properties": {"id": 891341633, "highway": "footway", "name": "", "surface": "paving_stones", "foot": ""}}, {"type": "Feature", "geometry": {"type": "LineString", "coordinates": [[10.0152005, 53.5938155], [10.0152392, 53.5936422]]}, "properties": {"id": 891341634, "highway": "footway", "name": "", "surface": "compacted", "foot": ""}}, {"type": "Feature", "geometry": {"type": "LineString", "coordinates": [[10.0279373, 53.5917955], [10.0277388, 53.5918712], [10.0277321, 53.5918816], [10.0277482, 53.5918871], [10.027893, 53.5918744], [10.0279091, 53.5918776], [10.0279051, 53.5918879], [10.0277361, 53.5919747], [10.0275283, 53.5920248], [10.0275415, 53.5920409]]}, "properties": {"id": 891343802, "highway": "footway", "name": "", "surface": "paving_stones", "foot": ""}}, {"type": "Feature", "geometry": {"type": "LineString", "coordinates": [[10.028142, 53.5899977], [10.0279329, 53.5900236], [10.0276105, 53.5901179]]}, "properties": {"id": 892263191, "highway": "footway", "name": "", "surface": "compacted", "foot": ""}}, {"type": "Feature", "geometry": {"type": "LineString", "coordinates": [[10.0246542, 53.5906965], [10.0246121, 53.5905194]]}, "properties": {"id": 892263192, "highway": "footway", "name": "", "surface": "compacted", "foot": ""}}, {"type": "Feature", "geometry": {"type": "LineString", "coordinates": [[10.0242543, 53.5901981], [10.0242024, 53.5903537]]}, "properties": {"id": 892263193, "highway": "footway", "name": "", "surface": "compacted", "foot": ""}}, {"type": "Feature", "geometry": {"type": "LineString", "coordinates": [[10.0255781, 53.5906338], [10.0255757, 53.590452]]}, "properties": {"id": 892263194, "highway": "footway", "name": "", "surface": "compacted", "foot": ""}}, {"type": "Feature", "geometry": {"type": "LineString", "coordinates": [[10.025957, 53.5901125], [10.0260251, 53.5902594]]}, "properties": {"id": 892263195, "highway": "footway", "name": "", "surface": "compacted", "foot": ""}}, {"type": "Feature", "geometry": {"type": "LineString", "coordinates": [[10.0272398, 53.5904687], [10.0271135, 53.590262], [10.0267117, 53.5903948], [10.0265619, 53.5902775]]}, "properties": {"id": 892263196, "highway": "footway", "name": "", "surface": "compacted", "foot": ""}}, {"type": "Feature", "geometry": {"type": "LineString", "coordinates": [[10.0251114, 53.5906748], [10.025082, 53.5903557], [10.0249957, 53.590357], [10.0249727, 53.5901711]]}, "properties": {"id": 892263197, "highway": "footway", "name": "", "surface": "compacted", "foot": ""}}, {"type": "Feature", "geometry": {"type": "LineString", "coordinates": [[10.0065759, 53.5917183], [10.0064892, 53.5917309], [10.006155, 53.5918119], [10.005952, 53.5918564], [10.0058409, 53.5918645], [10.0057321, 53.5918846], [10.0056202, 53.5919281], [10.0055662, 53.5919472], [10.0055307, 53.5919491], [10.0054833, 53.5919447]]}, "properties": {"id": 914251925, "highway": "path", "name": "", "surface": "paving_stones", "foot": "designated"}}, {"type": "Feature", "geometry": {"type": "LineString", "coordinates": [[10.0068479, 53.5914288], [10.0068725, 53.5914655], [10.0068891, 53.5914904]]}, "properties": {"id": 914251926, "highway": "path", "name": "", "surface": "asphalt", "foot": "designated"}}, {"type": "Feature", "geometry": {"type": "LineString", "coordinates": [[10.0068878, 53.5916769], [10.0067924, 53.5916998], [10.0067106, 53.5917193]]}, "properties": {"id": 914251927, "highway": "path", "name": "", "surface": "asphalt", "foot": "designated"}}, {"type": "Feature", "geometry": {"type": "LineString", "coordinates": [[10.0069768, 53.5916217], [10.0069298, 53.5916668]]}, "properties": {"id": 914251928, "highway": "path", "name": "", "surface": "paving_stones", "foot": "designated"}}, {"type": "Feature", "geometry": {"type": "LineString", "coordinates": [[10.0066626, 53.5917308], [10.0065759, 53.5917183]]}, "properties": {"id": 914251929, "highway": "path", "name": "", "surface": "paving_stones", "foot": "designated"}}, {"type": "Feature", "geometry": {"type": "LineString", "coordinates": [[10.00466, 53.591894], [10.0053636, 53.5917285], [10.0055329, 53.5916895], [10.0063127, 53.5915133], [10.0064136, 53.5914869], [10.0065238, 53.5914571]]}, "properties": {"id": 914251930, "highway": "path", "name": "", "surface": "paving_stones", "foot": "designated"}}, {"type": "Feature", "geometry": {"type": "LineString", "coordinates": [[10.0065486, 53.5914513], [10.0066324, 53.5914317], [10.0067187, 53.5914102]]}, "properties": {"id": 914251931, "highway": "path", "name": "", "surface": "asphalt", "foot": "designated"}}, {"type": "Feature", "geometry": {"type": "LineString", "coordinates": [[10.0372394, 53.578122], [10.0372511, 53.5779294]]}, "properties": {"id": 923105591, "highway": "footway", "name": "", "surface": "paving_stones", "foot": ""}}, {"type": "Feature", "geometry": {"type": "LineString", "coordinates": [[10.007618, 53.5933473], [10.00749, 53.5938838], [10.0074335, 53.5940339]]}, "properties": {"id": 924805652, "highway": "footway", "name": "", "surface": "compacted", "foot": ""}}, {"type": "Feature", "geometry": {"type": "LineString", "coordinates": [[10.0252364, 53.5817787], [10.0253226, 53.5818067], [10.0253625, 53.5817767], [10.0254169, 53.581757]]}, "properties": {"id": 925869285, "highway": "footway", "name": "", "surface": "paving_stones", "foot": ""}}, {"type": "Feature", "geometry": {"type": "LineString", "coordinates": [[10.0260673, 53.5873321], [10.0261682, 53.5874371], [10.0263306, 53.5876061], [10.0264269, 53.5877063]]}, "properties": {"id": 930626461, "highway": "footway", "name": "", "surface": "compacted", "foot": ""}}, {"type": "Feature", "geometry": {"type": "LineString", "coordinates": [[10.0258841, 53.5876445], [10.0255566, 53.5877488]]}, "properties": {"id": 930704929, "highway": "footway", "name": "", "surface": "compacted", "foot": ""}}, {"type": "Feature", "geometry": {"type": "LineString", "coordinates": [[10.0261682, 53.5874371], [10.0258849, 53.5875365], [10.0258656, 53.5875502], [10.0258515, 53.5875691], [10.0258474, 53.58759], [10.0258542, 53.587611], [10.0258841, 53.5876445], [10.0258974, 53.5876594]]}, "properties": {"id": 930704930, "highway": "footway", "name": "", "surface": "compacted", "foot": ""}}, {"type": "Feature", "geometry": {"type": "LineString", "coordinates": [[10.0329741, 53.587871], [10.0330022, 53.587675], [10.0331091, 53.587196]]}, "properties": {"id": 941601630, "highway": "footway", "name": "", "surface": "paving_stones", "foot": ""}}, {"type": "Feature", "geometry": {"type": "LineString", "coordinates": [[10.0275499, 53.5937109], [10.0274985, 53.5937251]]}, "properties": {"id": 942326143, "highway": "footway", "name": "", "surface": "compacted", "foot": "yes"}}, {"type": "Feature", "geometry": {"type": "LineString", "coordinates": [[10.0231058, 53.5785033], [10.0231472, 53.5785183], [10.0231873, 53.5785335]]}, "properties": {"id": 943179288, "highway": "footway", "name": "", "surface": "asphalt", "foot": ""}}, {"type": "Feature", "geometry": {"type": "LineString", "coordinates": [[10.0231873, 53.5785335], [10.0232334, 53.578551], [10.0232692, 53.5786023], [10.0232365, 53.5786353]]}, "properties": {"id": 943179289, "highway": "footway", "name": "", "surface": "paving_stones", "foot": ""}}, {"type": "Feature", "geometry": {"type": "LineString", "coordinates": [[10.0230065, 53.5786862], [10.0229737, 53.5786734], [10.022943, 53.5786605]]}, "properties": {"id": 943179290, "highway": "footway", "name": "", "surface": "asphalt", "foot": ""}}, {"type": "Feature", "geometry": {"type": "LineString", "coordinates": [[10.022943, 53.5786605], [10.0228739, 53.5786314], [10.0228861, 53.5785908], [10.0229145, 53.5785656]]}, "properties": {"id": 943179291, "highway": "footway", "name": "", "surface": "paving_stones", "foot": ""}}, {"type": "Feature", "geometry": {"type": "LineString", "coordinates": [[10.0229145, 53.5785656], [10.0229384, 53.5785444], [10.0229673, 53.5785188]]}, "properties": {"id": 943179292, "highway": "footway", "name": "", "surface": "asphalt", "foot": ""}}, {"type": "Feature", "geometry": {"type": "LineString", "coordinates": [[10.0229673, 53.5785188], [10.0229951, 53.578494], [10.0230662, 53.5784889], [10.0231058, 53.5785033]]}, "properties": {"id": 943179293, "highway": "footway", "name": "", "surface": "paving_stones", "foot": ""}}, {"type": "Feature", "geometry": {"type": "LineString", "coordinates": [[10.0232365, 53.5786353], [10.0232171, 53.5786549], [10.0231903, 53.5786767]]}, "properties": {"id": 943179380, "highway": "footway", "name": "", "surface": "asphalt", "foot": ""}}, {"type": "Feature", "geometry": {"type": "LineString", "coordinates": [[10.0026325, 53.5904983], [10.0026639, 53.5905092]]}, "properties": {"id": 948627753, "highway": "footway", "name": "", "surface": "compacted", "foot": ""}}, {"type": "Feature", "geometry": {"type": "LineString", "coordinates": [[10.0114065, 53.5903742], [10.0114386, 53.590427], [10.0114725, 53.5904829]]}, "properties": {"id": 951375180, "highway": "footway", "name": "", "surface": "asphalt", "foot": ""}}, {"type": "Feature", "geometry": {"type": "LineString", "coordinates": [[10.0106626, 53.5935718], [10.0105699, 53.5936768]]}, "properties": {"id": 951375181, "highway": "footway", "name": "", "surface": "compacted", "foot": ""}}, {"type": "Feature", "geometry": {"type": "LineString", "coordinates": [[10.0141845, 53.5897574], [10.0141018, 53.5897852]]}, "properties": {"id": 951434440, "highway": "footway", "name": "", "surface": "paving_stones", "foot": ""}}, {"type": "Feature", "geometry": {"type": "LineString", "coordinates": [[10.0157228, 53.5907303], [10.0157671, 53.590732], [10.0158828, 53.5907363]]}, "properties": {"id": 951754719, "highway": "footway", "name": "", "surface": "asphalt", "foot": ""}}, {"type": "Feature", "geometry": {"type": "LineString", "coordinates": [[10.015575, 53.5907247], [10.0157228, 53.5907303]]}, "properties": {"id": 951754720, "highway": "footway", "name": "", "surface": "paving_stones", "foot": ""}}, {"type": "Feature", "geometry": {"type": "LineString", "coordinates": [[10.0153848, 53.5907176], [10.0155145, 53.5907226], [10.015575, 53.5907247]]}, "properties": {"id": 951754721, "highway": "footway", "name": "", "surface": "asphalt", "foot": ""}}, {"type": "Feature", "geometry": {"type": "LineString", "coordinates": [[10.0164926, 53.5892858], [10.0165222, 53.5890564], [10.0164349, 53.589051]]}, "properties": {"id": 951757879, "highway": "footway", "name": "", "surface": "", "foot": ""}}, {"type": "Feature", "geometry": {"type": "LineString", "coordinates": [[10.0169401, 53.5889181], [10.0164624, 53.5889232], [10.0163892, 53.588919], [10.0161825, 53.5888666]]}, "properties": {"id": 951757881, "highway": "path", "name": "", "surface": "dirt", "foot": ""}}, {"type": "Feature", "geometry": {"type": "LineString", "coordinates": [[10.0160734, 53.5893], [10.0161082, 53.5893012]]}, "properties": {"id": 951757882, "highway": "footway", "name": "", "surface": "paving_stones", "foot": ""}}, {"type": "Feature", "geometry": {"type": "LineString", "coordinates": [[10.0114094, 53.5844216], [10.0113502, 53.5844108], [10.0112663, 53.5844244], [10.0111926, 53.5844438], [10.0109263, 53.5844767], [10.0109002, 53.5844704], [10.0108933, 53.5844506], [10.0108892, 53.5844389]]}, "properties": {"id": 951763778, "highway": "footway", "name": "", "surface": "paving_stones", "foot": ""}}, {"type": "Feature", "geometry": {"type": "LineString", "coordinates": [[10.0143561, 53.5780166], [10.0143432, 53.5780845], [10.0143292, 53.5781612]]}, "properties": {"id": 957080510, "highway": "footway", "name": "", "surface": "asphalt", "foot": ""}}, {"type": "Feature", "geometry": {"type": "LineString", "coordinates": [[10.0143292, 53.5781612], [10.0143012, 53.5783165]]}, "properties": {"id": 957080511, "highway": "footway", "name": "", "surface": "paving_stones", "foot": ""}}, {"type": "Feature", "geometry": {"type": "LineString", "coordinates": [[10.0209851, 53.5761145], [10.020964, 53.5761328], [10.0210251, 53.5762587], [10.0209391, 53.5762811]]}, "properties": {"id": 966121644, "highway": "footway", "name": "", "surface": "", "foot": ""}}, {"type": "Feature", "geometry": {"type": "LineString", "coordinates": [[10.0206128, 53.5760177], [10.0206954, 53.576054], [10.0206539, 53.5760849], [10.0207682, 53.5761314]]}, "properties": {"id": 966121645, "highway": "footway", "name": "", "surface": "", "foot": ""}}, {"type": "Feature", "geometry": {"type": "LineString", "coordinates": [[10.0204267, 53.575946], [10.0206128, 53.5760177]]}, "properties": {"id": 966121646, "highway": "footway", "name": "", "surface": "sett", "foot": ""}}, {"type": "Feature", "geometry": {"type": "LineString", "coordinates": [[10.0207682, 53.5761314], [10.0207807, 53.5761355], [10.0207942, 53.5761225], [10.0209851, 53.5761145], [10.0211031, 53.5760241]]}, "properties": {"id": 966121647, "highway": "footway", "name": "", "surface": "", "foot": ""}}, {"type": "Feature", "geometry": {"type": "LineString", "coordinates": [[10.0197859, 53.5802921], [10.0196287, 53.5802264]]}, "properties": {"id": 966123482, "highway": "footway", "name": "", "surface": "paving_stones", "foot": ""}}, {"type": "Feature", "geometry": {"type": "LineString", "coordinates": [[10.0198953, 53.5803406], [10.0197859, 53.5802921]]}, "properties": {"id": 966123483, "highway": "footway", "name": "", "surface": "paving_stones", "foot": ""}}, {"type": "Feature", "geometry": {"type": "LineString", "coordinates": [[10.0392642, 53.587359], [10.0392355, 53.5872733], [10.0392008, 53.5871701]]}, "properties": {"id": 979484373, "highway": "footway", "name": "", "surface": "paving_stones", "foot": ""}}, {"type": "Feature", "geometry": {"type": "LineString", "coordinates": [[10.010836, 53.5934573], [10.0106834, 53.5934525], [10.0106808, 53.5934774]]}, "properties": {"id": 979799450, "highway": "footway", "name": "", "surface": "paving_stones", "foot": ""}}, {"type": "Feature", "geometry": {"type": "LineString", "coordinates": [[10.0330148, 53.5909445], [10.0330377, 53.5908503], [10.0330758, 53.5906854]]}, "properties": {"id": 984482777, "highway": "footway", "name": "", "surface": "asphalt", "foot": ""}}, {"type": "Feature", "geometry": {"type": "LineString", "coordinates": [[10.0030365, 53.5836385], [10.0029084, 53.5835989], [10.0028096, 53.5835682], [10.002695, 53.58352], [10.0026355, 53.5834827], [10.002587, 53.5834232], [10.0025621, 53.5833731], [10.0025471, 53.583314], [10.0025412, 53.5832282], [10.0026663, 53.5827364]]}, "properties": {"id": 986933996, "highway": "footway", "name": "", "surface": "compacted", "foot": ""}}, {"type": "Feature", "geometry": {"type": "LineString", "coordinates": [[10.033818, 53.5799256], [10.0337921, 53.5800036], [10.0337227, 53.5801041], [10.0336999, 53.5801311], [10.0336375, 53.5801736]]}, "properties": {"id": 1002979424, "highway": "footway", "name": "", "surface": "compacted", "foot": ""}}, {"type": "Feature", "geometry": {"type": "LineString", "coordinates": [[10.0335556, 53.5824063], [10.0335255, 53.5821492], [10.0335625, 53.5820126], [10.0336313, 53.581812], [10.0337219, 53.5815871], [10.0337768, 53.5814152], [10.0338169, 53.5812464], [10.0338307, 53.5810721], [10.0338254, 53.5809694], [10.0336575, 53.5802568], [10.0336375, 53.5801736]]}, "properties": {"id": 1002979425, "highway": "footway", "name": "", "surface": "compacted", "foot": ""}}, {"type": "Feature", "geometry": {"type": "LineString", "coordinates": [[10.0336375, 53.5801736], [10.0335572, 53.5801428], [10.0334504, 53.5801174], [10.0333831, 53.58011], [10.0332949, 53.5801138], [10.0332242, 53.5801311], [10.0331626, 53.580155], [10.0330778, 53.5801707], [10.0329919, 53.5801695], [10.0328831, 53.5801617], [10.032767, 53.5801497]]}, "properties": {"id": 1003512338, "highway": "footway", "name": "", "surface": "paving_stones", "foot": ""}}, {"type": "Feature", "geometry": {"type": "LineString", "coordinates": [[10.0388777, 53.5843617], [10.0388508, 53.5842368]]}, "properties": {"id": 1008988096, "highway": "footway", "name": "", "surface": "paving_stones", "foot": ""}}, {"type": "Feature", "geometry": {"type": "LineString", "coordinates": [[10.0392037, 53.5844226], [10.0391203, 53.5844213], [10.0389864, 53.5844181], [10.0388935, 53.5844287], [10.0388766, 53.5843664], [10.0388777, 53.5843617], [10.0388827, 53.5843567], [10.0388911, 53.5843535], [10.0389347, 53.5843422], [10.0389414, 53.5843419], [10.0389497, 53.5843434], [10.038956, 53.5843463], [10.0389605, 53.5843512], [10.0389613, 53.5843562], [10.0389648, 53.5843839], [10.0389679, 53.5843882], [10.0389719, 53.5843908], [10.0389769, 53.5843926], [10.0389836, 53.5843936], [10.0389909, 53.5843932], [10.0389986, 53.5843907], [10.0390628, 53.5843735], [10.0390715, 53.5843724], [10.0390806, 53.584373], [10.0390885, 53.584375], [10.0390937, 53.5843773], [10.0390982, 53.5843806], [10.039117, 53.5844076], [10.0391202, 53.5844142], [10.0391203, 53.5844213]]}, "properties": {"id": 1008988097, "highway": "footway", "name": "", "surface": "paving_stones", "foot": ""}}, {"type": "Feature", "geometry": {"type": "LineString", "coordinates": [[10.0390547, 53.5838069], [10.0390042, 53.5835698], [10.0391057, 53.5835629]]}, "properties": {"id": 1008988098, "highway": "path", "name": "", "surface": "paving_stones", "foot": ""}}, {"type": "Feature", "geometry": {"type": "LineString", "coordinates": [[10.0258974, 53.5876594], [10.0259132, 53.5876772], [10.0259341, 53.5876885], [10.0259644, 53.5876973], [10.0260001, 53.5877002], [10.0260374, 53.5876957], [10.0263306, 53.5876061]]}, "properties": {"id": 1010906940, "highway": "footway", "name": "", "surface": "paving_stones", "foot": ""}}, {"type": "Feature", "geometry": {"type": "LineString", "coordinates": [[10.0247177, 53.5836022], [10.0246237, 53.5835928], [10.0245834, 53.5835888]]}, "properties": {"id": 1020786831, "highway": "footway", "name": "", "surface": "compacted", "foot": ""}}, {"type": "Feature", "geometry": {"type": "LineString", "coordinates": [[10.02384, 53.5834422], [10.0237907, 53.5835032]]}, "properties": {"id": 1020786905, "highway": "footway", "name": "", "surface": "compacted", "foot": ""}}, {"type": "Feature", "geometry": {"type": "LineString", "coordinates": [[10.023768, 53.5835336], [10.0237412, 53.5835806]]}, "properties": {"id": 1020786906, "highway": "footway", "name": "", "surface": "compacted", "foot": ""}}, {"type": "Feature", "geometry": {"type": "LineString", "coordinates": [[10.0099189, 53.5768482], [10.0097201, 53.5767762], [10.0096848, 53.5767634], [10.0094998, 53.5769453]]}, "properties": {"id": 1020872883, "highway": "path", "name": "", "surface": "wood", "foot": "designated"}}, {"type": "Feature", "geometry": {"type": "LineString", "coordinates": [[10.0101931, 53.5769281], [10.0099189, 53.5768482], [10.0098825, 53.5768967], [10.0097356, 53.5770924], [10.0099394, 53.5771491]]}, "properties": {"id": 1020872884, "highway": "path", "name": "", "surface": "wood", "foot": "designated"}}, {"type": "Feature", "geometry": {"type": "LineString", "coordinates": [[10.0098825, 53.5768967], [10.0099199, 53.5769083]]}, "properties": {"id": 1020872885, "highway": "path", "name": "", "surface": "wood", "foot": "designated"}}, {"type": "Feature", "geometry": {"type": "LineString", "coordinates": [[10.0099189, 53.5768482], [10.0099519, 53.5768141]]}, "properties": {"id": 1020872886, "highway": "path", "name": "", "surface": "wood", "foot": "designated"}}, {"type": "Feature", "geometry": {"type": "LineString", "coordinates": [[10.0097201, 53.5767762], [10.0097712, 53.5767271], [10.009803, 53.5767387]]}, "properties": {"id": 1020872887, "highway": "path", "name": "", "surface": "wood", "foot": "designated"}}, {"type": "Feature", "geometry": {"type": "LineString", "coordinates": [[10.0093851, 53.584026], [10.0092013, 53.583939], [10.0091541, 53.5838651]]}, "properties": {"id": 1024805973, "highway": "footway", "name": "", "surface": "sett", "foot": ""}}, {"type": "Feature", "geometry": {"type": "LineString", "coordinates": [[10.0101069, 53.5829574], [10.010115, 53.5828837], [10.0101188, 53.5828572], [10.0101278, 53.5828344], [10.0101415, 53.5828144], [10.0102075, 53.5827422], [10.0103701, 53.582564], [10.0105427, 53.5823749], [10.0107332, 53.5821662]]}, "properties": {"id": 1024818783, "highway": "footway", "name": "", "surface": "paving_stones", "foot": ""}}, {"type": "Feature", "geometry": {"type": "LineString", "coordinates": [[10.013533, 53.5788882], [10.0135048, 53.5788801], [10.0134929, 53.5788767]]}, "properties": {"id": 1024819839, "highway": "footway", "name": "", "surface": "paving_stones", "foot": ""}}, {"type": "Feature", "geometry": {"type": "LineString", "coordinates": [[10.0135636, 53.5788884], [10.0135942, 53.5788496]]}, "properties": {"id": 1024819840, "highway": "footway", "name": "", "surface": "concrete", "foot": ""}}, {"type": "Feature", "geometry": {"type": "LineString", "coordinates": [[10.0136682, 53.5789153], [10.0135636, 53.5788884], [10.0135237, 53.5789387]]}, "properties": {"id": 1024819841, "highway": "footway", "name": "", "surface": "concrete", "foot": ""}}, {"type": "Feature", "geometry": {"type": "LineString", "coordinates": [[10.0133846, 53.5791147], [10.0134114, 53.5790806], [10.0134341, 53.579052]]}, "properties": {"id": 1024819843, "highway": "footway", "name": "", "surface": "paving_stones", "foot": ""}}, {"type": "Feature", "geometry": {"type": "LineString", "coordinates": [[10.0134114, 53.5790806], [10.0135137, 53.579109]]}, "properties": {"id": 1024819844, "highway": "footway", "name": "", "surface": "paving_stones", "foot": ""}}, {"type": "Feature", "geometry": {"type": "LineString", "coordinates": [[10.0186222, 53.5927736], [10.0187176, 53.592909]]}, "properties": {"id": 1027651038, "highway": "footway", "name": "", "surface": "compacted", "foot": ""}}, {"type": "Feature", "geometry": {"type": "LineString", "coordinates": [[10.021171, 53.5921447], [10.0212794, 53.5922847]]}, "properties": {"id": 1027651039, "highway": "footway", "name": "", "surface": "compacted", "foot": ""}}, {"type": "Feature", "geometry": {"type": "LineString", "coordinates": [[10.0168971, 53.5919267], [10.0169311, 53.5921067], [10.0169447, 53.592179]]}, "properties": {"id": 1027651040, "highway": "footway", "name": "", "surface": "paving_stones", "foot": ""}}, {"type": "Feature", "geometry": {"type": "LineString", "coordinates": [[10.0203674, 53.5923425], [10.0203176, 53.5922427]]}, "properties": {"id": 1027651041, "highway": "footway", "name": "", "surface": "compacted", "foot": ""}}, {"type": "Feature", "geometry": {"type": "LineString", "coordinates": [[10.0180333, 53.5844968], [10.0178155, 53.5844468]]}, "properties": {"id": 1039046760, "highway": "footway", "name": "", "surface": "paving_stones", "foot": ""}}, {"type": "Feature", "geometry": {"type": "LineString", "coordinates": [[10.0178155, 53.5844468], [10.0176261, 53.5844022]]}, "properties": {"id": 1039046761, "highway": "footway", "name": "", "surface": "paving_stones", "foot": ""}}, {"type": "Feature", "geometry": {"type": "LineString", "coordinates": [[10.0061127, 53.5897899], [10.0065701, 53.5897928]]}, "properties": {"id": 1039046762, "highway": "footway", "name": "", "surface": "asphalt", "foot": ""}}, {"type": "Feature", "geometry": {"type": "LineString", "coordinates": [[10.0060196, 53.5897893], [10.0061127, 53.5897899]]}, "properties": {"id": 1039046765, "highway": "footway", "name": "", "surface": "asphalt", "foot": ""}}, {"type": "Feature", "geometry": {"type": "LineString", "coordinates": [[10.0273126, 53.5934216], [10.0272986, 53.5934015]]}, "properties": {"id": 1053412907, "highway": "footway", "name": "", "surface": "paving_stones", "foot": ""}}, {"type": "Feature", "geometry": {"type": "LineString", "coordinates": [[10.0265198, 53.5922728], [10.0265331, 53.592293]]}, "properties": {"id": 1053412908, "highway": "footway", "name": "", "surface": "paving_stones", "foot": ""}}, {"type": "Feature", "geometry": {"type": "LineString", "coordinates": [[10.0239928, 53.5920143], [10.0238971, 53.5921051]]}, "properties": {"id": 1053621615, "highway": "footway", "name": "", "surface": "dirt", "foot": ""}}, {"type": "Feature", "geometry": {"type": "LineString", "coordinates": [[10.0183712, 53.5938037], [10.0182195, 53.5936001], [10.0181638, 53.5935598], [10.0180265, 53.5935278], [10.017924, 53.5934999], [10.0178554, 53.5934373], [10.0178619, 53.593362], [10.0178915, 53.5932887], [10.0178936, 53.5931839], [10.017861, 53.593119], [10.0177552, 53.5929769]]}, "properties": {"id": 1053621639, "highway": "path", "name": "", "surface": "dirt", "foot": "yes"}}, {"type": "Feature", "geometry": {"type": "LineString", "coordinates": [[10.0287094, 53.5916035], [10.0286619, 53.5915313]]}, "properties": {"id": 1053652314, "highway": "footway", "name": "", "surface": "compacted", "foot": ""}}, {"type": "Feature", "geometry": {"type": "LineString", "coordinates": [[10.0294291, 53.5935539], [10.0293611, 53.593451]]}, "properties": {"id": 1053652318, "highway": "footway", "name": "", "surface": "sett", "foot": ""}}, {"type": "Feature", "geometry": {"type": "LineString", "coordinates": [[10.0334874, 53.5849256], [10.0335403, 53.5849307], [10.0335773, 53.5849342]]}, "properties": {"id": 1054848323, "highway": "footway", "name": "", "surface": "asphalt", "foot": ""}}, {"type": "Feature", "geometry": {"type": "LineString", "coordinates": [[10.00793, 53.5883876], [10.0079509, 53.5883987]]}, "properties": {"id": 1063924150, "highway": "footway", "name": "", "surface": "paving_stones", "foot": ""}}, {"type": "Feature", "geometry": {"type": "LineString", "coordinates": [[10.0342242, 53.5884819], [10.0341814, 53.5884689]]}, "properties": {"id": 1067875759, "highway": "footway", "name": "", "surface": "metal", "foot": ""}}, {"type": "Feature", "geometry": {"type": "LineString", "coordinates": [[10.0002854, 53.5777606], [10.0003576, 53.5777769]]}, "properties": {"id": 1069616147, "highway": "footway", "name": "Steganlage am Alstervorland", "surface": "wood", "foot": ""}}, {"type": "Feature", "geometry": {"type": "LineString", "coordinates": [[10.0174937, 53.5881707], [10.017409, 53.5882447], [10.0175918, 53.5883216], [10.0173873, 53.5885122]]}, "properties": {"id": 1069616151, "highway": "footway", "name": "", "surface": "", "foot": ""}}, {"type": "Feature", "geometry": {"type": "LineString", "coordinates": [[10.0235377, 53.5831149], [10.0234469, 53.5832141]]}, "properties": {"id": 1069616155, "highway": "footway", "name": "", "surface": "pebblestone", "foot": ""}}, {"type": "Feature", "geometry": {"type": "LineString", "coordinates": [[10.0227915, 53.5834171], [10.02285, 53.5834259]]}, "properties": {"id": 1069673458, "highway": "footway", "name": "", "surface": "paving_stones", "foot": ""}}, {"type": "Feature", "geometry": {"type": "LineString", "coordinates": [[10.0157874, 53.5918396], [10.0157902, 53.5917982], [10.0157623, 53.5917861], [10.0157029, 53.5918213]]}, "properties": {"id": 1072381994, "highway": "footway", "name": "", "surface": "paving_stones", "foot": ""}}, {"type": "Feature", "geometry": {"type": "LineString", "coordinates": [[10.0154309, 53.5920199], [10.0155373, 53.5920027]]}, "properties": {"id": 1072381995, "highway": "footway", "name": "", "surface": "paving_stones", "foot": ""}}, {"type": "Feature", "geometry": {"type": "LineString", "coordinates": [[10.015787, 53.591931], [10.0157866, 53.5918867], [10.0157874, 53.5918396]]}, "properties": {"id": 1072381996, "highway": "footway", "name": "", "surface": "asphalt", "foot": ""}}, {"type": "Feature", "geometry": {"type": "LineString", "coordinates": [[10.0154172, 53.5918547], [10.0153674, 53.5918513], [10.0153111, 53.5918475]]}, "properties": {"id": 1072381997, "highway": "footway", "name": "", "surface": "asphalt", "foot": ""}}, {"type": "Feature", "geometry": {"type": "LineString", "coordinates": [[10.0155589, 53.5918445], [10.0154172, 53.5918547]]}, "properties": {"id": 1072381998, "highway": "footway", "name": "", "surface": "paving_stones", "foot": ""}}, {"type": "Feature", "geometry": {"type": "LineString", "coordinates": [[10.0152152, 53.5920165], [10.015216, 53.5919313], [10.0152166, 53.5918686]]}, "properties": {"id": 1072381999, "highway": "footway", "name": "", "surface": "asphalt", "foot": ""}}, {"type": "Feature", "geometry": {"type": "LineString", "coordinates": [[10.0152152, 53.5920165], [10.0152136, 53.5920465], [10.0152686, 53.5920405]]}, "properties": {"id": 1072382000, "highway": "footway", "name": "", "surface": "compacted", "foot": ""}}, {"type": "Feature", "geometry": {"type": "LineString", "coordinates": [[10.0152686, 53.5920405], [10.0153756, 53.5920269], [10.0154309, 53.5920199]]}, "properties": {"id": 1072382001, "highway": "footway", "name": "", "surface": "asphalt", "foot": ""}}, {"type": "Feature", "geometry": {"type": "LineString", "coordinates": [[10.0155373, 53.5920027], [10.0155761, 53.5919982], [10.0156356, 53.5919914]]}, "properties": {"id": 1072382002, "highway": "footway", "name": "", "surface": "asphalt", "foot": ""}}, {"type": "Feature", "geometry": {"type": "LineString", "coordinates": [[10.0156356, 53.5919914], [10.0157892, 53.592006], [10.015787, 53.591931]]}, "properties": {"id": 1072382003, "highway": "footway", "name": "", "surface": "compacted", "foot": ""}}, {"type": "Feature", "geometry": {"type": "LineString", "coordinates": [[10.0153111, 53.5918475], [10.0152364, 53.5918427], [10.0152166, 53.5918686]]}, "properties": {"id": 1072382005, "highway": "footway", "name": "", "surface": "paving_stones", "foot": ""}}, {"type": "Feature", "geometry": {"type": "LineString", "coordinates": [[10.0151676, 53.592075], [10.0152136, 53.5920465]]}, "properties": {"id": 1072382006, "highway": "footway", "name": "", "surface": "compacted", "foot": ""}}, {"type": "Feature", "geometry": {"type": "LineString", "coordinates": [[10.015458, 53.5901746], [10.0155079, 53.5901707]]}, "properties": {"id": 1072382008, "highway": "footway", "name": "", "surface": "paving_stones", "foot": ""}}, {"type": "Feature", "geometry": {"type": "LineString", "coordinates": [[10.0157932, 53.5901596], [10.0158527, 53.5901594], [10.0159334, 53.5901591]]}, "properties": {"id": 1072382009, "highway": "footway", "name": "", "surface": "asphalt", "foot": ""}}, {"type": "Feature", "geometry": {"type": "LineString", "coordinates": [[10.0160888, 53.5898861], [10.0160906, 53.5899099], [10.0160928, 53.5899399]]}, "properties": {"id": 1072382010, "highway": "footway", "name": "", "surface": "asphalt", "foot": ""}}, {"type": "Feature", "geometry": {"type": "LineString", "coordinates": [[10.0160928, 53.5899399], [10.0160981, 53.590013]]}, "properties": {"id": 1072382011, "highway": "footway", "name": "", "surface": "paving_stones", "foot": ""}}, {"type": "Feature", "geometry": {"type": "LineString", "coordinates": [[10.0160981, 53.590013], [10.0160998, 53.5900368], [10.0161021, 53.5900681]]}, "properties": {"id": 1072382012, "highway": "footway", "name": "", "surface": "asphalt", "foot": ""}}, {"type": "Feature", "geometry": {"type": "LineString", "coordinates": [[10.015951, 53.5898557], [10.0160479, 53.5898365]]}, "properties": {"id": 1072382013, "highway": "footway", "name": "", "surface": "paving_stones", "foot": ""}}, {"type": "Feature", "geometry": {"type": "LineString", "coordinates": [[10.0156898, 53.5898681], [10.0157967, 53.5898631], [10.015951, 53.5898557]]}, "properties": {"id": 1072382014, "highway": "footway", "name": "", "surface": "asphalt", "foot": ""}}, {"type": "Feature", "geometry": {"type": "LineString", "coordinates": [[10.0341814, 53.5884689], [10.0341224, 53.588451]]}, "properties": {"id": 1075318746, "highway": "footway", "name": "", "surface": "paving_stones", "foot": ""}}, {"type": "Feature", "geometry": {"type": "LineString", "coordinates": [[10.0315521, 53.5826212], [10.0314709, 53.5826224]]}, "properties": {"id": 1075684361, "highway": "footway", "name": "", "surface": "paving_stones", "foot": ""}}, {"type": "Feature", "geometry": {"type": "LineString", "coordinates": [[10.0196707, 53.5822544], [10.0197753, 53.5822585], [10.0198157, 53.5822647]]}, "properties": {"id": 1086941766, "highway": "footway", "name": "", "surface": "paving_stones", "foot": ""}}, {"type": "Feature", "geometry": {"type": "LineString", "coordinates": [[10.0198525, 53.5822699], [10.020713, 53.5824189], [10.0207997, 53.5824339]]}, "properties": {"id": 1086941768, "highway": "footway", "name": "", "surface": "paving_stones", "foot": ""}}, {"type": "Feature", "geometry": {"type": "LineString", "coordinates": [[10.0207997, 53.5824339], [10.0209829, 53.582463]]}, "properties": {"id": 1086941769, "highway": "footway", "name": "", "surface": "compacted", "foot": ""}}, {"type": "Feature", "geometry": {"type": "LineString", "coordinates": [[10.0209829, 53.582463], [10.0211587, 53.5824914]]}, "properties": {"id": 1086941770, "highway": "footway", "name": "", "surface": "compacted", "foot": ""}}, {"type": "Feature", "geometry": {"type": "LineString", "coordinates": [[10.0211587, 53.5824914], [10.0213426, 53.5825211]]}, "properties": {"id": 1086941771, "highway": "footway", "name": "", "surface": "compacted", "foot": ""}}, {"type": "Feature", "geometry": {"type": "LineString", "coordinates": [[10.0213426, 53.5825211], [10.021507, 53.5825491]]}, "properties": {"id": 1086941772, "highway": "footway", "name": "", "surface": "compacted", "foot": ""}}, {"type": "Feature", "geometry": {"type": "LineString", "coordinates": [[10.021507, 53.5825491], [10.0216944, 53.5825819]]}, "properties": {"id": 1086941773, "highway": "footway", "name": "", "surface": "compacted", "foot": ""}}, {"type": "Feature", "geometry": {"type": "LineString", "coordinates": [[10.0205968, 53.582676], [10.0206967, 53.5824512]]}, "properties": {"id": 1086941774, "highway": "footway", "name": "", "surface": "paving_stones", "foot": ""}}, {"type": "Feature", "geometry": {"type": "LineString", "coordinates": [[10.0216944, 53.5825819], [10.0217255, 53.5825873], [10.0220222, 53.5826393]]}, "properties": {"id": 1086941776, "highway": "footway", "name": "", "surface": "compacted", "foot": ""}}, {"type": "Feature", "geometry": {"type": "LineString", "coordinates": [[10.0216155, 53.5828155], [10.0217255, 53.5825873]]}, "properties": {"id": 1086941777, "highway": "footway", "name": "", "surface": "paving_stones", "foot": ""}}, {"type": "Feature", "geometry": {"type": "LineString", "coordinates": [[10.0104362, 53.5842211], [10.0103913, 53.5842595], [10.0103497, 53.5842835], [10.0102263, 53.5843832]]}, "properties": {"id": 1106176069, "highway": "path", "name": "", "surface": "compacted", "foot": ""}}, {"type": "Feature", "geometry": {"type": "LineString", "coordinates": [[10.0103849, 53.5840718], [10.0104835, 53.5841191], [10.0105076, 53.584139], [10.0105284, 53.5841721], [10.0105371, 53.5842], [10.0105376, 53.5842338]]}, "properties": {"id": 1106176074, "highway": "path", "name": "", "surface": "paving_stones", "foot": ""}}, {"type": "Feature", "geometry": {"type": "LineString", "coordinates": [[10.010193, 53.5841298], [10.0102595, 53.584118], [10.0103849, 53.5840718], [10.010425, 53.5839713]]}, "properties": {"id": 1106176075, "highway": "path", "name": "", "surface": "paving_stones", "foot": ""}}, {"type": "Feature", "geometry": {"type": "LineString", "coordinates": [[10.008656, 53.584735], [10.0086479, 53.584761]]}, "properties": {"id": 1106177565, "highway": "footway", "name": "", "surface": "paving_stones", "foot": ""}}, {"type": "Feature", "geometry": {"type": "LineString", "coordinates": [[10.0086442, 53.5847891], [10.0086525, 53.584806], [10.0087172, 53.5848366]]}, "properties": {"id": 1106177566, "highway": "footway", "name": "", "surface": "paving_stones", "foot": ""}}, {"type": "Feature", "geometry": {"type": "LineString", "coordinates": [[10.0093615, 53.5847407], [10.0093818, 53.5847459], [10.0094063, 53.5847477]]}, "properties": {"id": 1106177571, "highway": "footway", "name": "", "surface": "paving_stones", "foot": ""}}, {"type": "Feature", "geometry": {"type": "LineString", "coordinates": [[10.0117191, 53.5936747], [10.0116938, 53.5937497], [10.0116335, 53.5938261], [10.0115141, 53.59392], [10.0113586, 53.594037], [10.0112537, 53.5941644]]}, "properties": {"id": 1106346419, "highway": "path", "name": "", "surface": "compacted", "foot": ""}}, {"type": "Feature", "geometry": {"type": "LineString", "coordinates": [[10.0068661, 53.5932529], [10.0068296, 53.5934166]]}, "properties": {"id": 1106346420, "highway": "path", "name": "", "surface": "compacted", "foot": ""}}, {"type": "Feature", "geometry": {"type": "LineString", "coordinates": [[10.0158339, 53.5926874], [10.0159941, 53.5926488]]}, "properties": {"id": 1106352015, "highway": "footway", "name": "", "surface": "compacted", "foot": ""}}, {"type": "Feature", "geometry": {"type": "LineString", "coordinates": [[10.024067, 53.5893693], [10.0239727, 53.5893791], [10.0238994, 53.5893385], [10.0236102, 53.5893698], [10.0232346, 53.5894104], [10.0232524, 53.5894679], [10.0232338, 53.5894701]]}, "properties": {"id": 1109958701, "highway": "footway", "name": "", "surface": "", "foot": ""}}, {"type": "Feature", "geometry": {"type": "LineString", "coordinates": [[10.0232188, 53.5894181], [10.0231444, 53.5893791]]}, "properties": {"id": 1109958702, "highway": "footway", "name": "", "surface": "paving_stones", "foot": ""}}, {"type": "Feature", "geometry": {"type": "LineString", "coordinates": [[10.0236102, 53.5893698], [10.0236135, 53.5893791]]}, "properties": {"id": 1109958704, "highway": "footway", "name": "", "surface": "", "foot": ""}}, {"type": "Feature", "geometry": {"type": "LineString", "coordinates": [[10.0230535, 53.5895042], [10.023037, 53.5894438]]}, "properties": {"id": 1109958705, "highway": "footway", "name": "", "surface": "paving_stones", "foot": ""}}, {"type": "Feature", "geometry": {"type": "LineString", "coordinates": [[10.0350129, 53.575036], [10.0350749, 53.5749996]]}, "properties": {"id": 1111521516, "highway": "path", "name": "", "surface": "", "foot": "yes"}}, {"type": "Feature", "geometry": {"type": "LineString", "coordinates": [[10.0353713, 53.5752081], [10.0353195, 53.5751833], [10.0352606, 53.575155], [10.0352011, 53.5751267], [10.035152, 53.5751023], [10.0350913, 53.5750722]]}, "properties": {"id": 1111521523, "highway": "path", "name": "", "surface": "", "foot": "yes"}}, {"type": "Feature", "geometry": {"type": "LineString", "coordinates": [[10.0354241, 53.5752238], [10.0353713, 53.5752081]]}, "properties": {"id": 1111521524, "highway": "path", "name": "", "surface": "", "foot": "yes"}}, {"type": "Feature", "geometry": {"type": "LineString", "coordinates": [[10.0352881, 53.575304], [10.0352578, 53.5753236], [10.0352551, 53.5753254], [10.0352236, 53.5753439]]}, "properties": {"id": 1111521529, "highway": "footway", "name": "", "surface": "paving_stones", "foot": ""}}, {"type": "Feature", "geometry": {"type": "LineString", "coordinates": [[10.0353468, 53.5752694], [10.0353199, 53.5752853], [10.0352881, 53.575304]]}, "properties": {"id": 1111521531, "highway": "path", "name": "", "surface": "", "foot": "yes"}}, {"type": "Feature", "geometry": {"type": "LineString", "coordinates": [[10.0362669, 53.575303], [10.0376323, 53.5762191]]}, "properties": {"id": 1111521539, "highway": "footway", "name": "", "surface": "paving_stones", "foot": ""}}, {"type": "Feature", "geometry": {"type": "LineString", "coordinates": [[10.0329495, 53.5906721], [10.0330758, 53.5906854]]}, "properties": {"id": 1121063676, "highway": "footway", "name": "", "surface": "paving_stones", "foot": ""}}, {"type": "Feature", "geometry": {"type": "LineString", "coordinates": [[10.0301973, 53.5749856], [10.030353, 53.5750255]]}, "properties": {"id": 1134207371, "highway": "footway", "name": "", "surface": "paving_stones", "foot": ""}}, {"type": "Feature", "geometry": {"type": "LineString", "coordinates": [[10.0246331, 53.5782096], [10.0240288, 53.5781518]]}, "properties": {"id": 1146023490, "highway": "footway", "name": "", "surface": "dirt", "foot": ""}}, {"type": "Feature", "geometry": {"type": "LineString", "coordinates": [[10.0237917, 53.578248], [10.0237629, 53.578271], [10.0235939, 53.5782827], [10.0235614, 53.5783115], [10.0235204, 53.5782948]]}, "properties": {"id": 1146023491, "highway": "path", "name": "", "surface": "dirt", "foot": ""}}, {"type": "Feature", "geometry": {"type": "LineString", "coordinates": [[10.0323398, 53.583266], [10.0322624, 53.5832681]]}, "properties": {"id": 1151201815, "highway": "footway", "name": "", "surface": "paving_stones", "foot": ""}}, {"type": "Feature", "geometry": {"type": "LineString", "coordinates": [[10.032348, 53.5834324], [10.0322771, 53.5834342]]}, "properties": {"id": 1151201816, "highway": "footway", "name": "", "surface": "paving_stones", "foot": ""}}, {"type": "Feature", "geometry": {"type": "LineString", "coordinates": [[10.0323119, 53.5830989], [10.0322411, 53.5831001]]}, "properties": {"id": 1151201817, "highway": "footway", "name": "", "surface": "paving_stones", "foot": ""}}, {"type": "Feature", "geometry": {"type": "LineString", "coordinates": [[10.0343266, 53.5881816], [10.0343873, 53.5882017]]}, "properties": {"id": 1157507222, "highway": "footway", "name": "", "surface": "paving_stones", "foot": ""}}, {"type": "Feature", "geometry": {"type": "LineString", "coordinates": [[10.0341829, 53.5879625], [10.0342172, 53.5880629]]}, "properties": {"id": 1157507223, "highway": "footway", "name": "", "surface": "paving_stones", "foot": ""}}, {"type": "Feature", "geometry": {"type": "LineString", "coordinates": [[10.0348661, 53.5904073], [10.03534, 53.5904301]]}, "properties": {"id": 1161333937, "highway": "footway", "name": "", "surface": "paving_stones", "foot": ""}}, {"type": "Feature", "geometry": {"type": "LineString", "coordinates": [[10.0215906, 53.5802951], [10.0216635, 53.5804008], [10.0225638, 53.5809809], [10.0226308, 53.5809898]]}, "properties": {"id": 1165314748, "highway": "footway", "name": "", "surface": "paving_stones", "foot": ""}}, {"type": "Feature", "geometry": {"type": "LineString", "coordinates": [[10.0060387, 53.5905238], [10.0060162, 53.5905278], [10.0059972, 53.5905311]]}, "properties": {"id": 1180049279, "highway": "footway", "name": "", "surface": "paving_stones", "foot": ""}}, {"type": "Feature", "geometry": {"type": "LineString", "coordinates": [[10.0061034, 53.5905123], [10.0060387, 53.5905238]]}, "properties": {"id": 1180049280, "highway": "footway", "name": "", "surface": "asphalt", "foot": ""}}, {"type": "Feature", "geometry": {"type": "LineString", "coordinates": [[10.0061445, 53.5905053], [10.0061034, 53.5905123]]}, "properties": {"id": 1180049281, "highway": "footway", "name": "", "surface": "paving_stones", "foot": ""}}, {"type": "Feature", "geometry": {"type": "LineString", "coordinates": [[10.0249918, 53.5835549], [10.0249705, 53.5835889]]}, "properties": {"id": 1186912526, "highway": "footway", "name": "Heinz-Gärtner-Brücke", "surface": "asphalt", "foot": ""}}, {"type": "Feature", "geometry": {"type": "LineString", "coordinates": [[10.0251716, 53.5832678], [10.0249918, 53.5835549]]}, "properties": {"id": 1186912527, "highway": "footway", "name": "Heinz-Gärtner-Brücke", "surface": "asphalt", "foot": ""}}, {"type": "Feature", "geometry": {"type": "LineString", "coordinates": [[10.0286627, 53.5840229], [10.0286646, 53.5840376]]}, "properties": {"id": 1186912534, "highway": "footway", "name": "", "surface": "compacted", "foot": "yes"}}, {"type": "Feature", "geometry": {"type": "LineString", "coordinates": [[10.028656, 53.5839555], [10.0286579, 53.5839858], [10.0286627, 53.5840229]]}, "properties": {"id": 1186912535, "highway": "footway", "name": "", "surface": "sett", "foot": "yes"}}, {"type": "Feature", "geometry": {"type": "LineString", "coordinates": [[10.0001947, 53.5945089], [10.000224, 53.5945623], [10.0003244, 53.5948539], [10.0003415, 53.5949036], [10.0003556, 53.5949657], [10.0003841, 53.594999], [10.0004689, 53.5950533], [10.0007779, 53.5952116], [10.0010519, 53.5953632]]}, "properties": {"id": 1204382150, "highway": "path", "name": "", "surface": "paving_stones", "foot": "designated"}}, {"type": "Feature", "geometry": {"type": "LineString", "coordinates": [[10.014271, 53.5775955], [10.0145835, 53.5776379], [10.0149324, 53.5776431], [10.0149287, 53.577729], [10.0154484, 53.5777368], [10.015449, 53.5777239], [10.0157023, 53.5777277], [10.015704, 53.5776881]]}, "properties": {"id": 1210934775, "highway": "footway", "name": "", "surface": "paving_stones", "foot": ""}}, {"type": "Feature", "geometry": {"type": "LineString", "coordinates": [[10.0379759, 53.5950439], [10.0380531, 53.5947548]]}, "properties": {"id": 1223490434, "highway": "footway", "name": "", "surface": "paving_stones", "foot": ""}}, {"type": "Feature", "geometry": {"type": "LineString", "coordinates": [[10.0036221, 53.5921385], [10.0035606, 53.592044]]}, "properties": {"id": 1225238787, "highway": "footway", "name": "", "surface": "concrete", "foot": ""}}, {"type": "Feature", "geometry": {"type": "LineString", "coordinates": [[10.0035606, 53.592044], [10.0035066, 53.5919571]]}, "properties": {"id": 1225238788, "highway": "footway", "name": "", "surface": "concrete", "foot": ""}}, {"type": "Feature", "geometry": {"type": "LineString", "coordinates": [[10.0024952, 53.5920828], [10.0023966, 53.5918875], [10.0025425, 53.5918357], [10.0027099, 53.5919951]]}, "properties": {"id": 1225238804, "highway": "footway", "name": "", "surface": "paving_stones", "foot": ""}}, {"type": "Feature", "geometry": {"type": "LineString", "coordinates": [[10.002167, 53.5919447], [10.0023769, 53.5918942]]}, "properties": {"id": 1225238805, "highway": "footway", "name": "", "surface": "paving_stones", "foot": ""}}, {"type": "Feature", "geometry": {"type": "LineString", "coordinates": [[10.0023769, 53.5918942], [10.0023966, 53.5918875]]}, "properties": {"id": 1225238807, "highway": "footway", "name": "", "surface": "paving_stones", "foot": ""}}, {"type": "Feature", "geometry": {"type": "LineString", "coordinates": [[10.0036949, 53.5901706], [10.0037648, 53.5901852], [10.0040657, 53.5901923]]}, "properties": {"id": 1225238818, "highway": "footway", "name": "", "surface": "paving_stones", "foot": ""}}, {"type": "Feature", "geometry": {"type": "LineString", "coordinates": [[10.0335692, 53.5880339], [10.0335264, 53.5881559], [10.0334423, 53.5887379], [10.0333618, 53.5891557]]}, "properties": {"id": 1234457250, "highway": "path", "name": "", "surface": "paving_stones", "foot": "designated"}}, {"type": "Feature", "geometry": {"type": "LineString", "coordinates": [[10.0338844, 53.5849253], [10.033882, 53.5850091], [10.033874, 53.5852895], [10.0338435, 53.5857243], [10.0338424, 53.5857397], [10.0337588, 53.586347], [10.0336566, 53.5870867], [10.0336403, 53.5872044], [10.0336149, 53.5874603], [10.0335958, 53.5876632], [10.0335915, 53.5878252]]}, "properties": {"id": 1234457252, "highway": "footway", "name": "", "surface": "paving_stones", "foot": "designated"}}, {"type": "Feature", "geometry": {"type": "LineString", "coordinates": [[10.0335216, 53.5827061], [10.0335395, 53.5827606], [10.0337551, 53.5833397], [10.033835, 53.5834428], [10.0338097, 53.5835676], [10.033907, 53.5843374], [10.0339158, 53.5844071], [10.0338714, 53.5845163], [10.0338937, 53.5845993], [10.0338921, 53.5846574]]}, "properties": {"id": 1234457253, "highway": "path", "name": "", "surface": "paving_stones", "foot": "designated"}}, {"type": "Feature", "geometry": {"type": "LineString", "coordinates": [[10.0338921, 53.5846574], [10.0338844, 53.5849253]]}, "properties": {"id": 1234457254, "highway": "path", "name": "", "surface": "paving_stones", "foot": "designated"}}, {"type": "Feature", "geometry": {"type": "LineString", "coordinates": [[10.0335264, 53.5881559], [10.0333918, 53.5881706], [10.0333352, 53.5881768]]}, "properties": {"id": 1234457255, "highway": "path", "name": "", "surface": "asphalt", "foot": "designated"}}, {"type": "Feature", "geometry": {"type": "LineString", "coordinates": [[10.0334591, 53.5876582], [10.0335958, 53.5876632]]}, "properties": {"id": 1234457256, "highway": "footway", "name": "", "surface": "paving_stones", "foot": "designated"}}, {"type": "Feature", "geometry": {"type": "LineString", "coordinates": [[10.0335259, 53.5870798], [10.0336566, 53.5870867]]}, "properties": {"id": 1234457259, "highway": "path", "name": "", "surface": "paving_stones", "foot": "designated"}}, {"type": "Feature", "geometry": {"type": "LineString", "coordinates": [[10.0337686, 53.5843377], [10.033907, 53.5843374]]}, "properties": {"id": 1234457260, "highway": "path", "name": "", "surface": "paving_stones", "foot": ""}}, {"type": "Feature", "geometry": {"type": "LineString", "coordinates": [[10.0338097, 53.5835676], [10.0336789, 53.5836244]]}, "properties": {"id": 1234457261, "highway": "path", "name": "", "surface": "paving_stones", "foot": "designated"}}, {"type": "Feature", "geometry": {"type": "LineString", "coordinates": [[10.0397883, 53.5861679], [10.0397885, 53.5861816]]}, "properties": {"id": 1263891714, "highway": "footway", "name": "", "surface": "paving_stones", "foot": ""}}, {"type": "Feature", "geometry": {"type": "LineString", "coordinates": [[10.0384604, 53.5857015], [10.038467, 53.5857469]]}, "properties": {"id": 1263891715, "highway": "footway", "name": "", "surface": "paving_stones", "foot": ""}}, {"type": "Feature", "geometry": {"type": "LineString", "coordinates": [[10.0228404, 53.5927646], [10.0230476, 53.5927384], [10.0232918, 53.5926939]]}, "properties": {"id": 1273329015, "highway": "footway", "name": "", "surface": "compacted", "foot": ""}}, {"type": "Feature", "geometry": {"type": "LineString", "coordinates": [[10.0350955, 53.5875613], [10.0347413, 53.5876073]]}, "properties": {"id": 1287101100, "highway": "footway", "name": "", "surface": "paving_stones", "foot": ""}}, {"type": "Feature", "geometry": {"type": "LineString", "coordinates": [[10.0346723, 53.5876163], [10.0347119, 53.5877169]]}, "properties": {"id": 1287101200, "highway": "footway", "name": "", "surface": "paving_stones", "foot": ""}}, {"type": "Feature", "geometry": {"type": "LineString", "coordinates": [[10.043755, 53.5930171], [10.0382509, 53.5926029]]}, "properties": {"id": 1293691529, "highway": "footway", "name": "", "surface": "compacted", "foot": ""}}, {"type": "Feature", "geometry": {"type": "LineString", "coordinates": [[10.0323934, 53.588985], [10.0323339, 53.5889781]]}, "properties": {"id": 1294911606, "highway": "footway", "name": "", "surface": "concrete", "foot": ""}}, {"type": "Feature", "geometry": {"type": "LineString", "coordinates": [[10.0324917, 53.5890902], [10.0323736, 53.589103]]}, "properties": {"id": 1294911607, "highway": "footway", "name": "", "surface": "paving_stones", "foot": ""}}, {"type": "Feature", "geometry": {"type": "LineString", "coordinates": [[10.0089806, 53.5845975], [10.0090381, 53.5845558]]}, "properties": {"id": 1295692724, "highway": "footway", "name": "", "surface": "", "foot": ""}}, {"type": "Feature", "geometry": {"type": "LineString", "coordinates": [[10.0090549, 53.5845444], [10.0090897, 53.584518], [10.0090653, 53.5845065]]}, "properties": {"id": 1295692726, "highway": "footway", "name": "", "surface": "wood", "foot": ""}}, {"type": "Feature", "geometry": {"type": "LineString", "coordinates": [[10.0021472, 53.5924442], [10.0022073, 53.5924306], [10.0022792, 53.5924143]]}, "properties": {"id": 1297690793, "highway": "path", "name": "", "surface": "asphalt", "foot": "designated"}}, {"type": "Feature", "geometry": {"type": "LineString", "coordinates": [[10.0025615, 53.5924937], [10.0025452, 53.5924703], [10.002525, 53.5924413]]}, "properties": {"id": 1297690794, "highway": "path", "name": "", "surface": "paved", "foot": "designated"}}, {"type": "Feature", "geometry": {"type": "LineString", "coordinates": [[10.0026286, 53.5925899], [10.0026118, 53.5925658]]}, "properties": {"id": 1297690795, "highway": "path", "name": "", "surface": "paving_stones", "foot": "designated"}}, {"type": "Feature", "geometry": {"type": "LineString", "coordinates": [[10.0026118, 53.5925658], [10.002593, 53.5925389], [10.0025731, 53.5925103]]}, "properties": {"id": 1297690796, "highway": "path", "name": "", "surface": "asphalt", "foot": "designated"}}, {"type": "Feature", "geometry": {"type": "LineString", "coordinates": [[10.0025731, 53.5925103], [10.0025615, 53.5924937]]}, "properties": {"id": 1297690797, "highway": "path", "name": "", "surface": "paving_stones", "foot": "designated"}}, {"type": "Feature", "geometry": {"type": "LineString", "coordinates": [[10.0020132, 53.5924754], [10.0020723, 53.5924614], [10.002107, 53.5924531]]}, "properties": {"id": 1297690798, "highway": "path", "name": "", "surface": "asphalt", "foot": "designated"}}, {"type": "Feature", "geometry": {"type": "LineString", "coordinates": [[10.002107, 53.5924531], [10.0021472, 53.5924442]]}, "properties": {"id": 1297690799, "highway": "path", "name": "", "surface": "paving_stones", "foot": "designated"}}, {"type": "Feature", "geometry": {"type": "LineString", "coordinates": [[10.0006069, 53.5929809], [10.0007061, 53.5928923], [10.0007598, 53.5928597], [10.000873, 53.5928125], [10.0016703, 53.5926096], [10.0018673, 53.5925071], [10.0019276, 53.5924928], [10.0019889, 53.5924803], [10.0020132, 53.5924754]]}, "properties": {"id": 1297690801, "highway": "path", "name": "", "surface": "paving_stones", "foot": "designated"}}, {"type": "Feature", "geometry": {"type": "LineString", "coordinates": [[10.0037318, 53.5923548], [10.0033128, 53.5924499], [10.0031882, 53.592469], [10.003043, 53.5924816], [10.0027222, 53.592565], [10.0026286, 53.5925899], [10.0023881, 53.5926539]]}, "properties": {"id": 1297690805, "highway": "path", "name": "", "surface": "paving_stones", "foot": "designated"}}, {"type": "Feature", "geometry": {"type": "LineString", "coordinates": [[10.0023881, 53.5926539], [10.0022355, 53.5926945], [10.0020975, 53.5927314]]}, "properties": {"id": 1297690806, "highway": "path", "name": "", "surface": "asphalt", "foot": "designated"}}, {"type": "Feature", "geometry": {"type": "LineString", "coordinates": [[10.0315955, 53.5891922], [10.0315524, 53.5890667]]}, "properties": {"id": 1300196062, "highway": "footway", "name": "", "surface": "metal", "foot": ""}}, {"type": "Feature", "geometry": {"type": "LineString", "coordinates": [[10.0316969, 53.5890859], [10.0316848, 53.5890507], [10.0316726, 53.5890153]]}, "properties": {"id": 1300196063, "highway": "footway", "name": "", "surface": "paving_stones", "foot": ""}}, {"type": "Feature", "geometry": {"type": "LineString", "coordinates": [[10.0317148, 53.58914], [10.0317273, 53.5891763], [10.0317392, 53.5892112]]}, "properties": {"id": 1300196064, "highway": "footway", "name": "", "surface": "paving_stones", "foot": ""}}, {"type": "Feature", "geometry": {"type": "LineString", "coordinates": [[10.0317273, 53.5891763], [10.0323736, 53.589103]]}, "properties": {"id": 1300196065, "highway": "footway", "name": "", "surface": "paving_stones", "foot": ""}}, {"type": "Feature", "geometry": {"type": "LineString", "coordinates": [[10.0329094, 53.5890456], [10.0327851, 53.5890592]]}, "properties": {"id": 1300196066, "highway": "footway", "name": "", "surface": "paving_stones", "foot": ""}}, {"type": "Feature", "geometry": {"type": "LineString", "coordinates": [[10.0178612, 53.5810868], [10.0179725, 53.5809894]]}, "properties": {"id": 1304276796, "highway": "footway", "name": "", "surface": "asphalt", "foot": ""}}, {"type": "Feature", "geometry": {"type": "LineString", "coordinates": [[10.0382153, 53.5911799], [10.0382783, 53.5912076], [10.0383606, 53.591211], [10.0384448, 53.5911865], [10.0384573, 53.5911305], [10.0384138, 53.59113], [10.0383414, 53.5911009], [10.0383788, 53.5910648], [10.0383694, 53.5910344], [10.0382737, 53.5910233], [10.0381546, 53.5910773], [10.0381172, 53.5911231], [10.0382153, 53.5911799]]}, "properties": {"id": 1317651057, "highway": "path", "name": "Dirtbike Track", "surface": "asphalt", "foot": ""}}, {"type": "Feature", "geometry": {"type": "LineString", "coordinates": [[10.0379545, 53.591203], [10.0379799, 53.5911698], [10.0381145, 53.5910612], [10.0381777, 53.5910102], [10.0382381, 53.5909815], [10.0383017, 53.5909815], [10.0383835, 53.5910049], [10.0386844, 53.591192]]}, "properties": {"id": 1317651058, "highway": "footway", "name": "", "surface": "asphalt", "foot": ""}}, {"type": "Feature", "geometry": {"type": "LineString", "coordinates": [[10.0383835, 53.5910049], [10.038797, 53.5909629]]}, "properties": {"id": 1317651059, "highway": "footway", "name": "", "surface": "asphalt", "foot": ""}}, {"type": "Feature", "geometry": {"type": "LineString", "coordinates": [[10.0379799, 53.5911698], [10.0378807, 53.5911102]]}, "properties": {"id": 1323214518, "highway": "footway", "name": "", "surface": "asphalt", "foot": ""}}, {"type": "Feature", "geometry": {"type": "LineString", "coordinates": [[10.0381546, 53.5910773], [10.0381145, 53.5910612]]}, "properties": {"id": 1323214522, "highway": "footway", "name": "", "surface": "asphalt", "foot": ""}}, {"type": "Feature", "geometry": {"type": "LineString", "coordinates": [[10.0001107, 53.5877621], [10.0000582, 53.5877638], [9.998978, 53.587983]]}, "properties": {"id": 1331681227, "highway": "footway", "name": "", "surface": "paving_stones", "foot": ""}}, {"type": "Feature", "geometry": {"type": "LineString", "coordinates": [[10.0001081, 53.5875952], [10.0001152, 53.5875618], [10.0001121, 53.5875331], [9.9999247, 53.5869814], [9.9998991, 53.5869043], [9.9997156, 53.5863524], [9.9994217, 53.585427], [9.9994206, 53.585351]]}, "properties": {"id": 1331681228, "highway": "footway", "name": "", "surface": "paving_stones", "foot": ""}}, {"type": "Feature", "geometry": {"type": "LineString", "coordinates": [[9.9997659, 53.5802329], [9.9998795, 53.5803145], [9.9999908, 53.5803814], [10.0001173, 53.5804464], [10.0002421, 53.5805105], [10.0003625, 53.5805643], [10.0005202, 53.5806201], [10.0007172, 53.5806721], [10.0009122, 53.580715], [10.0010372, 53.5807374], [10.0011747, 53.5807604], [10.0013303, 53.5807787], [10.0014922, 53.5807907], [10.001615, 53.5807969], [10.0017514, 53.5807956], [10.001884, 53.5807918], [10.0019951, 53.5807801], [10.0024548, 53.5807425]]}, "properties": {"id": 1334188673, "highway": "footway", "name": "", "surface": "paving_stones", "foot": ""}}, {"type": "Feature", "geometry": {"type": "LineString", "coordinates": [[10.0018379, 53.5920033], [10.0011007, 53.5919962], [10.0000413, 53.5919874], [9.9995028, 53.5919799], [9.9994715, 53.5919835]]}, "properties": {"id": 1334664136, "highway": "footway", "name": "", "surface": "paving_stones", "foot": ""}}, {"type": "Feature", "geometry": {"type": "LineString", "coordinates": [[9.9994057, 53.5918505], [9.9994333, 53.591847], [9.9999938, 53.59185], [10.0008405, 53.591858], [10.0018125, 53.5918607]]}, "properties": {"id": 1334664140, "highway": "footway", "name": "", "surface": "paving_stones", "foot": ""}}, {"type": "Feature", "geometry": {"type": "LineString", "coordinates": [[9.9994972, 53.5921232], [9.9995405, 53.5921716], [9.9996029, 53.5922272], [9.9998618, 53.5924052], [10.000057, 53.5925382], [10.0001406, 53.5925976], [10.0002214, 53.5926519], [10.0003818, 53.5927674], [10.0004434, 53.592802], [10.0004875, 53.5928204], [10.0005438, 53.5928318], [10.0007598, 53.5928597]]}, "properties": {"id": 1334664156, "highway": "footway", "name": "", "surface": "paving_stones", "foot": ""}}, {"type": "Feature", "geometry": {"type": "LineString", "coordinates": [[10.000513, 53.5930614], [10.0002694, 53.592894], [9.9999506, 53.5926774], [9.9994107, 53.5922983], [9.9992485, 53.5922009]]}, "properties": {"id": 1334664161, "highway": "footway", "name": "", "surface": "paving_stones", "foot": ""}}, {"type": "Feature", "geometry": {"type": "LineString", "coordinates": [[10.0018213, 53.591917], [10.0018125, 53.5918607], [10.0018197, 53.59178], [10.0018435, 53.5916106], [10.0019499, 53.591232], [10.0020244, 53.5910326]]}, "properties": {"id": 1334664166, "highway": "footway", "name": "", "surface": "paving_stones", "foot": ""}}, {"type": "Feature", "geometry": {"type": "LineString", "coordinates": [[10.0019889, 53.5924803], [10.0018574, 53.5920873], [10.0018379, 53.5920033], [10.0018305, 53.5919682]]}, "properties": {"id": 1334664167, "highway": "footway", "name": "", "surface": "paving_stones", "foot": ""}}, {"type": "Feature", "geometry": {"type": "LineString", "coordinates": [[10.0018305, 53.5919682], [10.0018255, 53.5919435], [10.0018213, 53.591917]]}, "properties": {"id": 1334664168, "highway": "footway", "name": "", "surface": "paving_stones", "foot": ""}}, {"type": "Feature", "geometry": {"type": "LineString", "coordinates": [[10.000059, 53.5904867], [10.0000087, 53.5904845], [9.9998883, 53.5904792]]}, "properties": {"id": 1334734413, "highway": "footway", "name": "", "surface": "paving_stones", "foot": ""}}, {"type": "Feature", "geometry": {"type": "LineString", "coordinates": [[10.0005641, 53.5901814], [10.0004936, 53.5902702], [10.0004215, 53.5903627], [10.0002965, 53.5905119], [9.9999473, 53.5909748]]}, "properties": {"id": 1334734414, "highway": "footway", "name": "", "surface": "paving_stones", "foot": ""}}, {"type": "Feature", "geometry": {"type": "LineString", "coordinates": [[10.000607, 53.5901297], [10.0005804, 53.5901609], [10.0005641, 53.5901814]]}, "properties": {"id": 1334734415, "highway": "footway", "name": "", "surface": "paving_stones", "foot": ""}}, {"type": "Feature", "geometry": {"type": "LineString", "coordinates": [[10.0004936, 53.5902702], [10.0003839, 53.5902403], [10.0002787, 53.590213]]}, "properties": {"id": 1334734416, "highway": "footway", "name": "", "surface": "asphalt", "foot": ""}}, {"type": "Feature", "geometry": {"type": "LineString", "coordinates": [[10.0005111, 53.5898837], [10.0005729, 53.5897606], [10.0006073, 53.5896576], [10.0006296, 53.5895882], [10.0006488, 53.5894999], [10.000654, 53.5894628], [10.0006584, 53.5894228], [10.0006576, 53.589325], [10.0006496, 53.5892223], [10.0006249, 53.5891324], [10.0005058, 53.5887621], [10.0004219, 53.5885086], [10.000281, 53.5880688], [10.0001947, 53.5878075], [10.0001801, 53.5877876], [10.0001561, 53.5877715]]}, "properties": {"id": 1334734417, "highway": "footway", "name": "", "surface": "paving_stones", "foot": ""}}, {"type": "Feature", "geometry": {"type": "LineString", "coordinates": [[10.0006296, 53.5895882], [10.0007953, 53.5895261]]}, "properties": {"id": 1334734419, "highway": "footway", "name": "", "surface": "paving_stones", "foot": ""}}, {"type": "Feature", "geometry": {"type": "LineString", "coordinates": [[10.0008649, 53.5894742], [10.0009279, 53.5893991]]}, "properties": {"id": 1334734422, "highway": "path", "name": "", "surface": "paving_stones", "foot": "designated"}}, {"type": "Feature", "geometry": {"type": "LineString", "coordinates": [[10.0007953, 53.5895261], [10.0008649, 53.5894742]]}, "properties": {"id": 1334734423, "highway": "footway", "name": "", "surface": "asphalt", "foot": ""}}, {"type": "Feature", "geometry": {"type": "LineString", "coordinates": [[9.9957633, 53.5937189], [9.9958041, 53.5937107], [9.9958458, 53.5936997], [9.9959292, 53.5936681], [9.9960281, 53.5936249], [9.9962053, 53.5935585], [9.9964473, 53.5934513], [9.996875, 53.5932502], [9.9975209, 53.5929519], [9.9979374, 53.5927542], [9.9981222, 53.5926607], [9.9982439, 53.5925918], [9.9983865, 53.5925028], [9.9985189, 53.5924089], [9.9986002, 53.592336], [9.9987336, 53.5922166], [9.9989056, 53.5920067], [9.9990577, 53.5918117], [9.9994532, 53.5912922], [9.999785, 53.5908604], [9.9998612, 53.5907497], [10.0000312, 53.5905245], [10.000059, 53.5904867], [10.0001018, 53.5904315], [10.0002787, 53.590213], [10.0005111, 53.5898837]]}, "properties": {"id": 1334734426, "highway": "path", "name": "", "surface": "paving_stones", "foot": "designated"}}, {"type": "Feature", "geometry": {"type": "LineString", "coordinates": [[10.002499, 53.5924037], [10.002525, 53.5924413]]}, "properties": {"id": 1335188558, "highway": "path", "name": "", "surface": "paving_stones", "foot": "designated"}}, {"type": "Feature", "geometry": {"type": "LineString", "coordinates": [[10.0022792, 53.5924143], [10.0023471, 53.5923993], [10.002499, 53.5924037]]}, "properties": {"id": 1335188559, "highway": "path", "name": "", "surface": "paving_stones", "foot": "designated"}}, {"type": "Feature", "geometry": {"type": "LineString", "coordinates": [[10.002499, 53.5924037], [10.0027228, 53.5923561], [10.003139, 53.592252], [10.0036221, 53.5921385], [10.0044829, 53.5919357]]}, "properties": {"id": 1335188561, "highway": "path", "name": "", "surface": "paving_stones", "foot": "designated"}}, {"type": "Feature", "geometry": {"type": "LineString", "coordinates": [[10.0044829, 53.5919357], [10.00457, 53.5919153], [10.00466, 53.591894]]}, "properties": {"id": 1335188562, "highway": "path", "name": "", "surface": "asphalt", "foot": "designated"}}, {"type": "Feature", "geometry": {"type": "LineString", "coordinates": [[10.0044829, 53.5919357], [10.0044877, 53.5918835], [10.0044228, 53.5917819], [10.0043387, 53.5916505], [10.0042544, 53.5915186], [10.0041723, 53.5913902], [10.0041443, 53.5913464], [10.0040182, 53.5911489], [10.0039495, 53.5910413], [10.0039239, 53.5910194], [10.0038932, 53.5909992], [10.003875, 53.590978], [10.0038632, 53.5909482], [10.0038677, 53.59092], [10.0038807, 53.5908955], [10.0039079, 53.5908793], [10.0039357, 53.5908647], [10.0039782, 53.5908524], [10.0040219, 53.5908479], [10.0040667, 53.590849], [10.0041066, 53.5908549], [10.0041431, 53.5908697], [10.0041719, 53.5908926], [10.004196, 53.5909142], [10.0042281, 53.5909256], [10.0042784, 53.5909268], [10.0045396, 53.5908811], [10.00589, 53.5906448], [10.0059318, 53.5906117]]}, "properties": {"id": 1335188563, "highway": "footway", "name": "", "surface": "paving_stones", "foot": ""}}, {"type": "Feature", "geometry": {"type": "LineString", "coordinates": [[10.0059946, 53.5906995], [10.0059647, 53.5906986], [10.0049106, 53.5908843], [10.0042115, 53.5910041], [10.0041705, 53.591018], [10.0041371, 53.5910373], [10.0041158, 53.5910586], [10.0041106, 53.5910769], [10.0041115, 53.5910976], [10.004593, 53.5918622], [10.00466, 53.591894]]}, "properties": {"id": 1335188564, "highway": "footway", "name": "", "surface": "paving_stones", "foot": ""}}, {"type": "Feature", "geometry": {"type": "LineString", "coordinates": [[10.0063127, 53.5915133], [10.0064362, 53.5913307]]}, "properties": {"id": 1335188565, "highway": "footway", "name": "", "surface": "paving_stones", "foot": ""}}, {"type": "Feature", "geometry": {"type": "LineString", "coordinates": [[10.0060833, 53.5912927], [10.0063679, 53.5912245]]}, "properties": {"id": 1335188566, "highway": "footway", "name": "", "surface": "paving_stones", "foot": ""}}, {"type": "Feature", "geometry": {"type": "LineString", "coordinates": [[10.006004, 53.5911647], [10.0062883, 53.5911006]]}, "properties": {"id": 1335188567, "highway": "footway", "name": "", "surface": "paving_stones", "foot": ""}}, {"type": "Feature", "geometry": {"type": "LineString", "coordinates": [[10.0059288, 53.5910435], [10.0062111, 53.5909805]]}, "properties": {"id": 1335188568, "highway": "footway", "name": "", "surface": "paving_stones", "foot": ""}}, {"type": "Feature", "geometry": {"type": "LineString", "coordinates": [[10.0058503, 53.5909169], [10.0061302, 53.5908546]]}, "properties": {"id": 1335188569, "highway": "footway", "name": "", "surface": "paving_stones", "foot": ""}}, {"type": "Feature", "geometry": {"type": "LineString", "coordinates": [[10.0037245, 53.5909482], [10.003781, 53.5909461], [10.0038632, 53.5909482]]}, "properties": {"id": 1335188570, "highway": "footway", "name": "", "surface": "paving_stones", "foot": ""}}, {"type": "Feature", "geometry": {"type": "LineString", "coordinates": [[10.0037708, 53.5910702], [10.0039495, 53.5910413]]}, "properties": {"id": 1335188571, "highway": "footway", "name": "", "surface": "paving_stones", "foot": ""}}, {"type": "Feature", "geometry": {"type": "LineString", "coordinates": [[10.0038343, 53.5911904], [10.0040182, 53.5911489]]}, "properties": {"id": 1335188572, "highway": "footway", "name": "", "surface": "paving_stones", "foot": ""}}, {"type": "Feature", "geometry": {"type": "LineString", "coordinates": [[10.003991, 53.5914321], [10.0041723, 53.5913902]]}, "properties": {"id": 1335188573, "highway": "footway", "name": "", "surface": "paving_stones", "foot": ""}}, {"type": "Feature", "geometry": {"type": "LineString", "coordinates": [[10.0040753, 53.5915602], [10.0042544, 53.5915186]]}, "properties": {"id": 1335188574, "highway": "footway", "name": "", "surface": "paving_stones", "foot": ""}}, {"type": "Feature", "geometry": {"type": "LineString", "coordinates": [[10.0041594, 53.5916881], [10.0043387, 53.5916505]]}, "properties": {"id": 1335188575, "highway": "footway", "name": "", "surface": "paving_stones", "foot": ""}}, {"type": "Feature", "geometry": {"type": "LineString", "coordinates": [[10.0042319, 53.591824], [10.0044228, 53.5917819]]}, "properties": {"id": 1335188576, "highway": "footway", "name": "", "surface": "paving_stones", "foot": ""}}, {"type": "Feature", "geometry": {"type": "LineString", "coordinates": [[10.0049549, 53.5909556], [10.0049106, 53.5908843]]}, "properties": {"id": 1335188577, "highway": "footway", "name": "", "surface": "paving_stones", "foot": ""}}, {"type": "Feature", "geometry": {"type": "LineString", "coordinates": [[10.0042784, 53.5909268], [10.0042891, 53.5907995]]}, "properties": {"id": 1335188578, "highway": "footway", "name": "", "surface": "paving_stones", "foot": ""}}, {"type": "Feature", "geometry": {"type": "LineString", "coordinates": [[10.0045396, 53.5908811], [10.0045134, 53.5908216], [10.0045133, 53.5907966]]}, "properties": {"id": 1335188579, "highway": "footway", "name": "", "surface": "paving_stones", "foot": ""}}, {"type": "Feature", "geometry": {"type": "LineString", "coordinates": [[10.0040667, 53.590849], [10.0040788, 53.5907861]]}, "properties": {"id": 1335188580, "highway": "footway", "name": "", "surface": "paving_stones", "foot": ""}}, {"type": "Feature", "geometry": {"type": "LineString", "coordinates": [[10.0038615, 53.590868], [10.0038698, 53.5907593]]}, "properties": {"id": 1335188581, "highway": "footway", "name": "", "surface": "paving_stones", "foot": ""}}, {"type": "Feature", "geometry": {"type": "LineString", "coordinates": [[10.0036784, 53.5908264], [10.0036835, 53.5907553]]}, "properties": {"id": 1335188582, "highway": "footway", "name": "", "surface": "paving_stones", "foot": ""}}, {"type": "Feature", "geometry": {"type": "LineString", "coordinates": [[10.0059318, 53.5906117], [10.0058974, 53.5905483], [10.0058345, 53.5903951]]}, "properties": {"id": 1335188584, "highway": "footway", "name": "", "surface": "paving_stones", "foot": ""}}, {"type": "Feature", "geometry": {"type": "LineString", "coordinates": [[10.0059946, 53.5906995], [10.005965, 53.5906583], [10.0059318, 53.5906117]]}, "properties": {"id": 1335188585, "highway": "footway", "name": "", "surface": "paving_stones", "foot": ""}}, {"type": "Feature", "geometry": {"type": "LineString", "coordinates": [[9.9998532, 53.5842975], [9.9999193, 53.5841692], [9.9999417, 53.5841257], [10.0004753, 53.5830906], [10.0004807, 53.5830609], [10.0004655, 53.5830286]]}, "properties": {"id": 1335772726, "highway": "footway", "name": "", "surface": "paving_stones", "foot": ""}}, {"type": "Feature", "geometry": {"type": "LineString", "coordinates": [[10.0000698, 53.5843381], [10.0000053, 53.584459]]}, "properties": {"id": 1335772732, "highway": "footway", "name": "", "surface": "asphalt", "foot": ""}}, {"type": "Feature", "geometry": {"type": "LineString", "coordinates": [[10.0000053, 53.584459], [9.9998303, 53.584801], [9.9997463, 53.5849612], [9.999721, 53.5850169], [9.999696, 53.5850853], [9.9996965, 53.5852589]]}, "properties": {"id": 1335772733, "highway": "footway", "name": "", "surface": "paving_stones", "foot": ""}}, {"type": "Feature", "geometry": {"type": "LineString", "coordinates": [[9.9996965, 53.5852589], [9.9997463, 53.5852815], [10.0002431, 53.5855231], [10.0004391, 53.5856225], [10.0011182, 53.5859776], [10.0013203, 53.5860833], [10.0013511, 53.5860987], [10.0013856, 53.5861159], [10.0014378, 53.5861419], [10.001472, 53.5861653], [10.0017395, 53.5863132]]}, "properties": {"id": 1335772737, "highway": "footway", "name": "", "surface": "paving_stones", "foot": ""}}, {"type": "Feature", "geometry": {"type": "LineString", "coordinates": [[10.0004655, 53.5830286], [10.0004331, 53.5830051], [10.0003916, 53.5829864], [9.9989346, 53.5826309], [9.9988702, 53.5826285], [9.998814, 53.5826376]]}, "properties": {"id": 1335772745, "highway": "footway", "name": "", "surface": "paving_stones", "foot": ""}}, {"type": "Feature", "geometry": {"type": "LineString", "coordinates": [[10.0018307, 53.586368], [10.0020599, 53.5865377], [10.0024588, 53.5868063], [10.0025886, 53.5868957], [10.0026299, 53.5869112], [10.0026744, 53.5869162]]}, "properties": {"id": 1336073182, "highway": "footway", "name": "", "surface": "paving_stones", "foot": ""}}, {"type": "Feature", "geometry": {"type": "LineString", "coordinates": [[10.0017395, 53.5863132], [10.0017864, 53.5863405], [10.0018307, 53.586368]]}, "properties": {"id": 1336073183, "highway": "footway", "name": "", "surface": "asphalt", "foot": ""}}, {"type": "Feature", "geometry": {"type": "LineString", "coordinates": [[10.0026744, 53.5869162], [10.0027158, 53.5869125], [10.0027559, 53.5869021], [10.0027861, 53.5868854]]}, "properties": {"id": 1336073184, "highway": "footway", "name": "", "surface": "paving_stones", "foot": ""}}, {"type": "Feature", "geometry": {"type": "LineString", "coordinates": [[10.0032928, 53.5862487], [10.0033282, 53.5862026], [10.0033644, 53.5861538]]}, "properties": {"id": 1336073185, "highway": "footway", "name": "", "surface": "asphalt", "foot": ""}}, {"type": "Feature", "geometry": {"type": "LineString", "coordinates": [[10.0024639, 53.5870137], [10.0025409, 53.5869777], [10.0026093, 53.5869443]]}, "properties": {"id": 1336073186, "highway": "footway", "name": "", "surface": "asphalt", "foot": ""}}, {"type": "Feature", "geometry": {"type": "LineString", "coordinates": [[10.0026744, 53.5869162], [10.0027396, 53.5869574]]}, "properties": {"id": 1336073187, "highway": "footway", "name": "", "surface": "paving_stones", "foot": ""}}, {"type": "Feature", "geometry": {"type": "LineString", "coordinates": [[10.0026093, 53.5869443], [10.0026744, 53.5869162]]}, "properties": {"id": 1336073188, "highway": "footway", "name": "", "surface": "paving_stones", "foot": ""}}, {"type": "Feature", "geometry": {"type": "LineString", "coordinates": [[10.0044932, 53.5878311], [10.0045108, 53.5877843], [10.0048186, 53.5873258], [10.0052962, 53.5867023], [10.005399, 53.5865742]]}, "properties": {"id": 1336073189, "highway": "footway", "name": "", "surface": "paving_stones", "foot": ""}}, {"type": "Feature", "geometry": {"type": "LineString", "coordinates": [[10.0024357, 53.5870275], [10.0019135, 53.5866705], [10.0015899, 53.5864698], [10.0014375, 53.5863765], [10.0009139, 53.5860863], [10.0004085, 53.5858161], [9.9999201, 53.5855696], [9.9998777, 53.5855523], [9.9998387, 53.5855445], [9.9997989, 53.5855433], [9.9997573, 53.5855487]]}, "properties": {"id": 1336073193, "highway": "footway", "name": "", "surface": "paving_stones", "foot": ""}}, {"type": "Feature", "geometry": {"type": "LineString", "coordinates": [[10.0024357, 53.5870275], [10.0024639, 53.5870137]]}, "properties": {"id": 1336073194, "highway": "footway", "name": "", "surface": "paving_stones", "foot": ""}}, {"type": "Feature", "geometry": {"type": "LineString", "coordinates": [[10.0027336, 53.5874196], [10.0026224, 53.5873912]]}, "properties": {"id": 1336073195, "highway": "footway", "name": "", "surface": "paving_stones", "foot": ""}}, {"type": "Feature", "geometry": {"type": "LineString", "coordinates": [[10.0024046, 53.5872575], [10.002403, 53.587225], [10.0024013, 53.587182]]}, "properties": {"id": 1336073196, "highway": "footway", "name": "", "surface": "asphalt", "foot": ""}}, {"type": "Feature", "geometry": {"type": "LineString", "coordinates": [[10.0024013, 53.587182], [10.0024005, 53.5871608]]}, "properties": {"id": 1336073197, "highway": "footway", "name": "", "surface": "paving_stones", "foot": ""}}, {"type": "Feature", "geometry": {"type": "LineString", "coordinates": [[10.0024051, 53.5872824], [10.0024046, 53.5872575]]}, "properties": {"id": 1336073198, "highway": "footway", "name": "", "surface": "paving_stones", "foot": ""}}, {"type": "Feature", "geometry": {"type": "LineString", "coordinates": [[10.0024051, 53.5872824], [10.0023354, 53.5872898], [10.001589, 53.5874481], [10.0007251, 53.5876276], [10.0005307, 53.5876679], [10.0004556, 53.587692]]}, "properties": {"id": 1336073199, "highway": "footway", "name": "", "surface": "paving_stones", "foot": ""}}, {"type": "Feature", "geometry": {"type": "LineString", "coordinates": [[10.0025098, 53.587363], [10.0024489, 53.5873464]]}, "properties": {"id": 1336073200, "highway": "footway", "name": "", "surface": "paving_stones", "foot": ""}}, {"type": "Feature", "geometry": {"type": "LineString", "coordinates": [[10.0026224, 53.5873912], [10.002567, 53.5873772], [10.0025098, 53.587363]]}, "properties": {"id": 1336073201, "highway": "footway", "name": "", "surface": "asphalt", "foot": ""}}, {"type": "Feature", "geometry": {"type": "LineString", "coordinates": [[10.0024005, 53.5871608], [10.0024301, 53.5871445], [10.0024548, 53.5871225], [10.0024657, 53.5870955], [10.0024642, 53.5870716], [10.0024559, 53.5870483], [10.0024357, 53.5870275]]}, "properties": {"id": 1336279741, "highway": "footway", "name": "", "surface": "paving_stones", "foot": ""}}, {"type": "Feature", "geometry": {"type": "LineString", "coordinates": [[9.9997573, 53.5855487], [9.9997301, 53.5855597], [9.9997125, 53.5855777], [9.9997064, 53.585604], [9.9997121, 53.5856374], [9.9998004, 53.5858951], [9.9998674, 53.5861105], [9.9998951, 53.586197], [9.999922, 53.5862713], [9.9999857, 53.586479], [10.0000294, 53.5866082], [10.0001468, 53.5869546], [10.0002362, 53.5872249], [10.0003315, 53.5875331], [10.0003484, 53.5875616]]}, "properties": {"id": 1336279742, "highway": "footway", "name": "", "surface": "paving_stones", "foot": ""}}, {"type": "Feature", "geometry": {"type": "LineString", "coordinates": [[10.0022538, 53.5871894], [10.0024005, 53.5871608]]}, "properties": {"id": 1336279744, "highway": "footway", "name": "", "surface": "paving_stones", "foot": ""}}, {"type": "Feature", "geometry": {"type": "LineString", "coordinates": [[10.0003935, 53.587577], [10.0007716, 53.5874993], [10.0017126, 53.5873029], [10.0022538, 53.5871894]]}, "properties": {"id": 1336279746, "highway": "footway", "name": "", "surface": "paving_stones", "foot": ""}}, {"type": "Feature", "geometry": {"type": "LineString", "coordinates": [[10.0003935, 53.587577], [10.0004051, 53.5875976], [10.0004135, 53.5876127], [10.0004205, 53.5876253], [10.0004248, 53.5876329], [10.0004415, 53.5876649], [10.0004556, 53.587692]]}, "properties": {"id": 1336279747, "highway": "footway", "name": "", "surface": "paving_stones", "foot": ""}}, {"type": "Feature", "geometry": {"type": "LineString", "coordinates": [[10.0003484, 53.5875616], [10.0003935, 53.587577]]}, "properties": {"id": 1336279754, "highway": "footway", "name": "", "surface": "paving_stones", "foot": ""}}, {"type": "Feature", "geometry": {"type": "LineString", "coordinates": [[10.0001081, 53.5875952], [10.0001597, 53.5875879], [10.0002265, 53.5875785], [10.0003028, 53.5875679], [10.0003484, 53.5875616]]}, "properties": {"id": 1336279755, "highway": "footway", "name": "", "surface": "asphalt", "foot": ""}}, {"type": "Feature", "geometry": {"type": "LineString", "coordinates": [[9.9989501, 53.5878872], [9.9999998, 53.587659], [10.0000641, 53.5876388]]}, "properties": {"id": 1336279756, "highway": "footway", "name": "", "surface": "paving_stones", "foot": ""}}, {"type": "Feature", "geometry": {"type": "LineString", "coordinates": [[10.0004197, 53.5877266], [10.0003585, 53.587737], [10.0002833, 53.5877498], [10.0002065, 53.5877629], [10.0001561, 53.5877715]]}, "properties": {"id": 1336279757, "highway": "footway", "name": "", "surface": "asphalt", "foot": ""}}, {"type": "Feature", "geometry": {"type": "LineString", "coordinates": [[10.0004197, 53.5877266], [10.000419, 53.5877881], [10.0005191, 53.5880962], [10.0007094, 53.5886749], [10.0008495, 53.5891151], [10.0008795, 53.5892518]]}, "properties": {"id": 1336279758, "highway": "footway", "name": "", "surface": "paving_stones", "foot": ""}}, {"type": "Feature", "geometry": {"type": "LineString", "coordinates": [[10.0001107, 53.5877621], [10.0001012, 53.5877369], [10.0000881, 53.5877025], [10.0000748, 53.5876671], [10.0000641, 53.5876388]]}, "properties": {"id": 1336279759, "highway": "footway", "name": "", "surface": "asphalt", "foot": ""}}, {"type": "Feature", "geometry": {"type": "LineString", "coordinates": [[10.0000641, 53.5876388], [10.0000932, 53.5876185], [10.0001081, 53.5875952]]}, "properties": {"id": 1336279760, "highway": "footway", "name": "", "surface": "paving_stones", "foot": ""}}, {"type": "Feature", "geometry": {"type": "LineString", "coordinates": [[10.0001561, 53.5877715], [10.0001107, 53.5877621]]}, "properties": {"id": 1336279761, "highway": "footway", "name": "", "surface": "paving_stones", "foot": ""}}, {"type": "Feature", "geometry": {"type": "LineString", "coordinates": [[10.0024489, 53.5873464], [10.0024637, 53.5873229], [10.0024612, 53.5873053], [10.0024404, 53.5872888], [10.0024051, 53.5872824]]}, "properties": {"id": 1336279762, "highway": "footway", "name": "", "surface": "paving_stones", "foot": ""}}, {"type": "Feature", "geometry": {"type": "LineString", "coordinates": [[10.001006, 53.5892473], [10.0011393, 53.5890684], [10.0015784, 53.5884866], [10.0016791, 53.5883545], [10.0020427, 53.587878], [10.0022695, 53.5875835], [10.0024489, 53.5873464]]}, "properties": {"id": 1336279763, "highway": "path", "name": "", "surface": "paving_stones", "foot": "designated"}}, {"type": "Feature", "geometry": {"type": "LineString", "coordinates": [[10.0008795, 53.5892518], [10.0008928, 53.5893551], [10.000928, 53.5893541]]}, "properties": {"id": 1336279764, "highway": "footway", "name": "", "surface": "paving_stones", "foot": ""}}, {"type": "Feature", "geometry": {"type": "LineString", "coordinates": [[10.001006, 53.5892473], [10.0008795, 53.5892518]]}, "properties": {"id": 1336279765, "highway": "footway", "name": "", "surface": "paving_stones", "foot": ""}}, {"type": "Feature", "geometry": {"type": "LineString", "coordinates": [[10.0009279, 53.5893991], [10.000928, 53.5893541]]}, "properties": {"id": 1336279766, "highway": "path", "name": "", "surface": "paving_stones", "foot": "designated"}}, {"type": "Feature", "geometry": {"type": "LineString", "coordinates": [[10.004682, 53.5886421], [10.004925, 53.5888546], [10.0050575, 53.5889862], [10.0053761, 53.5893349]]}, "properties": {"id": 1336279769, "highway": "footway", "name": "", "surface": "paving_stones", "foot": ""}}, {"type": "Feature", "geometry": {"type": "LineString", "coordinates": [[10.0053761, 53.5893349], [10.005417, 53.5893866], [10.00545, 53.5894254]]}, "properties": {"id": 1336279770, "highway": "footway", "name": "", "surface": "asphalt", "foot": ""}}, {"type": "Feature", "geometry": {"type": "LineString", "coordinates": [[10.0065238, 53.5914571], [10.0064362, 53.5913307], [10.0063679, 53.5912245], [10.0062883, 53.5911006], [10.0062111, 53.5909805], [10.0061302, 53.5908546], [10.0060479, 53.5907205], [10.0059946, 53.5906995]]}, "properties": {"id": 1336280706, "highway": "footway", "name": "", "surface": "paving_stones", "foot": ""}}, {"type": "Feature", "geometry": {"type": "LineString", "coordinates": [[10.0114725, 53.5904829], [10.0115141, 53.5905471]]}, "properties": {"id": 1336280707, "highway": "footway", "name": "", "surface": "paving_stones", "foot": ""}}, {"type": "Feature", "geometry": {"type": "LineString", "coordinates": [[10.0113806, 53.5903323], [10.0114065, 53.5903742]]}, "properties": {"id": 1336280708, "highway": "footway", "name": "", "surface": "paving_stones", "foot": ""}}, {"type": "Feature", "geometry": {"type": "LineString", "coordinates": [[10.0097488, 53.590718], [10.0110071, 53.5904137], [10.0113806, 53.5903323], [10.0114588, 53.5903124], [10.0126064, 53.5900443], [10.0126701, 53.5900172], [10.0127639, 53.5899684]]}, "properties": {"id": 1336280709, "highway": "path", "name": "", "surface": "paving_stones", "foot": "designated"}}, {"type": "Feature", "geometry": {"type": "LineString", "coordinates": [[10.0003782, 53.5842079], [10.0002462, 53.5841818], [10.0002341, 53.5841674], [10.0001666, 53.5841542]]}, "properties": {"id": 1336863546, "highway": "footway", "name": "", "surface": "", "foot": ""}}, {"type": "Feature", "geometry": {"type": "LineString", "coordinates": [[10.0018218, 53.5809599], [10.0017808, 53.5810056], [10.0016136, 53.5813243], [10.0014691, 53.5816087], [10.0014028, 53.5817388], [10.0010858, 53.5823604], [10.0008267, 53.5828436], [10.0006232, 53.5832622], [10.0004547, 53.5835925], [10.0002211, 53.5840511], [10.0001666, 53.5841542], [10.0000698, 53.5843381]]}, "properties": {"id": 1336863549, "highway": "footway", "name": "", "surface": "paving_stones", "foot": ""}}, {"type": "Feature", "geometry": {"type": "LineString", "coordinates": [[10.0016097, 53.5809567], [10.0016723, 53.5809582], [10.0017327, 53.580959]]}, "properties": {"id": 1336863550, "highway": "footway", "name": "", "surface": "asphalt", "foot": ""}}, {"type": "Feature", "geometry": {"type": "LineString", "coordinates": [[10.0028929, 53.5808721], [10.0024193, 53.580909]]}, "properties": {"id": 1336863551, "highway": "footway", "name": "", "surface": "paving_stones", "foot": ""}}, {"type": "Feature", "geometry": {"type": "LineString", "coordinates": [[9.9989202, 53.582478], [9.9989952, 53.582503], [9.9993427, 53.5825872], [9.9997757, 53.5826922], [10.0004995, 53.5828676], [10.0005777, 53.5828624]]}, "properties": {"id": 1336863552, "highway": "footway", "name": "", "surface": "paving_stones", "foot": ""}}, {"type": "Feature", "geometry": {"type": "LineString", "coordinates": [[10.0004655, 53.5830286], [10.0005079, 53.5830095]]}, "properties": {"id": 1336863553, "highway": "footway", "name": "", "surface": "paving_stones", "foot": ""}}, {"type": "Feature", "geometry": {"type": "LineString", "coordinates": [[10.0005079, 53.5830095], [10.0005409, 53.5829568], [10.0005855, 53.5828876]]}, "properties": {"id": 1336863554, "highway": "footway", "name": "", "surface": "asphalt", "foot": ""}}, {"type": "Feature", "geometry": {"type": "LineString", "coordinates": [[10.0005855, 53.5828876], [10.0005777, 53.5828624]]}, "properties": {"id": 1336863555, "highway": "footway", "name": "", "surface": "paving_stones", "foot": ""}}, {"type": "Feature", "geometry": {"type": "LineString", "coordinates": [[10.0006109, 53.5808156], [10.0005534, 53.5808004], [10.0004956, 53.580784]]}, "properties": {"id": 1336863556, "highway": "footway", "name": "", "surface": "asphalt", "foot": ""}}, {"type": "Feature", "geometry": {"type": "LineString", "coordinates": [[10.0015427, 53.5809534], [10.0013763, 53.5809453], [10.0012676, 53.5809367], [10.0011329, 53.5809181], [10.0009535, 53.5808893], [10.0007226, 53.5808456], [10.0006587, 53.5808287]]}, "properties": {"id": 1336863558, "highway": "footway", "name": "", "surface": "paving_stones", "foot": ""}}, {"type": "Feature", "geometry": {"type": "LineString", "coordinates": [[10.0004488, 53.5807686], [10.0003388, 53.5807326], [10.0001905, 53.5806794], [10.0000678, 53.5806297], [9.9998623, 53.5805308], [9.9997972, 53.5804977], [9.9997281, 53.5804782]]}, "properties": {"id": 1336863559, "highway": "footway", "name": "", "surface": "paving_stones", "foot": ""}}, {"type": "Feature", "geometry": {"type": "LineString", "coordinates": [[10.0018218, 53.5809599], [10.0017327, 53.580959]]}, "properties": {"id": 1336863560, "highway": "footway", "name": "", "surface": "asphalt", "foot": ""}}, {"type": "Feature", "geometry": {"type": "LineString", "coordinates": [[10.0029214, 53.582569], [10.0028747, 53.5827785]]}, "properties": {"id": 1336934022, "highway": "footway", "name": "", "surface": "paving_stones", "foot": ""}}, {"type": "Feature", "geometry": {"type": "LineString", "coordinates": [[10.0028747, 53.5827785], [10.0028056, 53.5831204], [10.0027702, 53.5832791], [10.0027694, 53.583316], [10.0027882, 53.5833575], [10.0028207, 53.5833915], [10.0028594, 53.5834247], [10.002919, 53.5834543], [10.003066, 53.5834925], [10.0031884, 53.5835304], [10.0032749, 53.5835595], [10.0033803, 53.5836013], [10.0035507, 53.583681], [10.0037291, 53.5837749], [10.0038445, 53.5838527], [10.0039365, 53.583922], [10.0040651, 53.5840317], [10.0041621, 53.5841334], [10.0042368, 53.5842397], [10.0043063, 53.5843535], [10.0043545, 53.5844437], [10.0043763, 53.5844877], [10.0043988, 53.5845087], [10.0044324, 53.5845221], [10.0044757, 53.5845275], [10.0045264, 53.5845254], [10.0046058, 53.5845129]]}, "properties": {"id": 1336934029, "highway": "footway", "name": "", "surface": "paving_stones", "foot": ""}}, {"type": "Feature", "geometry": {"type": "LineString", "coordinates": [[10.0046058, 53.5845129], [10.0053667, 53.5835168], [10.0054973, 53.5833593]]}, "properties": {"id": 1336934030, "highway": "footway", "name": "", "surface": "paving_stones", "foot": ""}}, {"type": "Feature", "geometry": {"type": "LineString", "coordinates": [[10.0045055, 53.5846448], [10.0045396, 53.5845996], [10.004583, 53.5845428]]}, "properties": {"id": 1336934031, "highway": "footway", "name": "", "surface": "asphalt", "foot": ""}}, {"type": "Feature", "geometry": {"type": "LineString", "coordinates": [[10.004583, 53.5845428], [10.0046058, 53.5845129]]}, "properties": {"id": 1336934032, "highway": "footway", "name": "", "surface": "paving_stones", "foot": ""}}, {"type": "Feature", "geometry": {"type": "LineString", "coordinates": [[10.0041773, 53.585528], [10.0038191, 53.5859919], [10.0033581, 53.5866095]]}, "properties": {"id": 1336934033, "highway": "footway", "name": "", "surface": "paving_stones", "foot": ""}}, {"type": "Feature", "geometry": {"type": "LineString", "coordinates": [[10.0042405, 53.5854452], [10.0042265, 53.585463], [10.0042134, 53.5854812]]}, "properties": {"id": 1336934034, "highway": "footway", "name": "", "surface": "asphalt", "foot": ""}}, {"type": "Feature", "geometry": {"type": "LineString", "coordinates": [[10.0042272, 53.5850128], [10.0045055, 53.5846448]]}, "properties": {"id": 1336934035, "highway": "footway", "name": "", "surface": "paving_stones", "foot": ""}}, {"type": "Feature", "geometry": {"type": "LineString", "coordinates": [[10.0040526, 53.5852437], [10.0042272, 53.5850128]]}, "properties": {"id": 1336934036, "highway": "footway", "name": "", "surface": "paving_stones", "foot": ""}}, {"type": "Feature", "geometry": {"type": "LineString", "coordinates": [[9.9987184, 53.582423], [9.999198, 53.5819645], [9.9997653, 53.5814211], [9.9998094, 53.5813792], [10.0004056, 53.5808131], [10.0004488, 53.5807686]]}, "properties": {"id": 1338049866, "highway": "footway", "name": "", "surface": "paving_stones", "foot": ""}}, {"type": "Feature", "geometry": {"type": "LineString", "coordinates": [[10.0005777, 53.5828624], [10.0005986, 53.5828447], [10.0007479, 53.5825496], [10.0011973, 53.5816725], [10.0015368, 53.5810098], [10.0015427, 53.5809534]]}, "properties": {"id": 1338049873, "highway": "footway", "name": "", "surface": "paving_stones", "foot": ""}}, {"type": "Feature", "geometry": {"type": "LineString", "coordinates": [[10.0004956, 53.580784], [10.0004488, 53.5807686]]}, "properties": {"id": 1338049876, "highway": "footway", "name": "", "surface": "paving_stones", "foot": ""}}, {"type": "Feature", "geometry": {"type": "LineString", "coordinates": [[10.0016097, 53.5809567], [10.0015427, 53.5809534]]}, "properties": {"id": 1338049880, "highway": "footway", "name": "", "surface": "paving_stones", "foot": ""}}, {"type": "Feature", "geometry": {"type": "LineString", "coordinates": [[10.0006587, 53.5808287], [10.0006203, 53.5808657], [10.0003752, 53.5810946], [9.9999367, 53.5815147], [9.99937, 53.5820523], [9.9989202, 53.582478]]}, "properties": {"id": 1338049881, "highway": "footway", "name": "", "surface": "paving_stones", "foot": ""}}, {"type": "Feature", "geometry": {"type": "LineString", "coordinates": [[10.0006587, 53.5808287], [10.0006109, 53.5808156]]}, "properties": {"id": 1338049882, "highway": "footway", "name": "", "surface": "paving_stones", "foot": ""}}, {"type": "Feature", "geometry": {"type": "LineString", "coordinates": [[10.0030845, 53.5808322], [10.0030697, 53.5807778], [10.0030574, 53.5807159]]}, "properties": {"id": 1338049884, "highway": "footway", "name": "", "surface": "asphalt", "foot": ""}}, {"type": "Feature", "geometry": {"type": "LineString", "coordinates": [[10.0030539, 53.5806985], [10.0031172, 53.5806828], [10.0031459, 53.5806625]]}, "properties": {"id": 1338049885, "highway": "footway", "name": "", "surface": "paving_stones", "foot": ""}}, {"type": "Feature", "geometry": {"type": "LineString", "coordinates": [[10.0024548, 53.5807425], [10.0029236, 53.5807064]]}, "properties": {"id": 1338049886, "highway": "footway", "name": "", "surface": "paving_stones", "foot": ""}}, {"type": "Feature", "geometry": {"type": "LineString", "coordinates": [[10.0024193, 53.580909], [10.0020928, 53.5809449], [10.0020171, 53.5809496], [10.0018218, 53.5809599]]}, "properties": {"id": 1338049887, "highway": "footway", "name": "", "surface": "paving_stones", "foot": ""}}, {"type": "Feature", "geometry": {"type": "LineString", "coordinates": [[10.0030815, 53.5808621], [10.0030222, 53.5808594], [10.0028929, 53.5808721]]}, "properties": {"id": 1338049888, "highway": "footway", "name": "", "surface": "paving_stones", "foot": ""}}, {"type": "Feature", "geometry": {"type": "LineString", "coordinates": [[10.0030629, 53.5809597], [10.0030815, 53.5808621]]}, "properties": {"id": 1338049889, "highway": "footway", "name": "", "surface": "paving_stones", "foot": ""}}, {"type": "Feature", "geometry": {"type": "LineString", "coordinates": [[10.0062558, 53.5826658], [10.005892, 53.5831415], [10.0057462, 53.5833176]]}, "properties": {"id": 1338386670, "highway": "footway", "name": "", "surface": "paving_stones", "foot": ""}}, {"type": "Feature", "geometry": {"type": "LineString", "coordinates": [[10.0057462, 53.5833176], [10.0056781, 53.583407]]}, "properties": {"id": 1338386671, "highway": "footway", "name": "", "surface": "paving_stones", "foot": ""}}, {"type": "Feature", "geometry": {"type": "LineString", "coordinates": [[10.0060265, 53.5826336], [10.0058002, 53.5825715], [10.0056829, 53.5825394], [10.0055427, 53.5825009], [10.0054294, 53.5824698], [10.0051436, 53.5823915], [10.0050869, 53.5823759], [10.0050081, 53.5823543], [10.0047571, 53.5822855], [10.0046396, 53.5822545], [10.0030986, 53.5818288]]}, "properties": {"id": 1338386672, "highway": "footway", "name": "", "surface": "paving_stones", "foot": ""}}, {"type": "Feature", "geometry": {"type": "LineString", "coordinates": [[10.0054973, 53.5833593], [10.0055645, 53.5832698]]}, "properties": {"id": 1338386673, "highway": "footway", "name": "", "surface": "paving_stones", "foot": ""}}, {"type": "Feature", "geometry": {"type": "LineString", "coordinates": [[10.0030986, 53.5818288], [10.0029214, 53.582569]]}, "properties": {"id": 1339003312, "highway": "footway", "name": "", "surface": "paving_stones", "foot": ""}}, {"type": "Feature", "geometry": {"type": "LineString", "coordinates": [[10.0047776, 53.5821389], [10.0048535, 53.5821609], [10.0049333, 53.5821835]]}, "properties": {"id": 1339003321, "highway": "footway", "name": "", "surface": "asphalt", "foot": ""}}, {"type": "Feature", "geometry": {"type": "LineString", "coordinates": [[10.0049333, 53.5821835], [10.0055109, 53.5823455], [10.0055638, 53.5823597], [10.0057949, 53.582423], [10.0061181, 53.5825074]]}, "properties": {"id": 1339003322, "highway": "footway", "name": "", "surface": "", "foot": ""}}, {"type": "Feature", "geometry": {"type": "LineString", "coordinates": [[10.0031384, 53.5816134], [10.0031175, 53.5817219]]}, "properties": {"id": 1339003323, "highway": "footway", "name": "", "surface": "paving_stones", "foot": ""}}, {"type": "Feature", "geometry": {"type": "LineString", "coordinates": [[10.0031175, 53.5817219], [10.0031103, 53.5817624], [10.0030986, 53.5818288]]}, "properties": {"id": 1339003324, "highway": "footway", "name": "", "surface": "sett", "foot": ""}}, {"type": "Feature", "geometry": {"type": "LineString", "coordinates": [[10.0031384, 53.5816134], [10.0031667, 53.5816642], [10.0032135, 53.5817042], [10.0032879, 53.5817371], [10.0035706, 53.5818115], [10.0041383, 53.5819692], [10.004387, 53.5820391], [10.0044768, 53.5820634], [10.0045488, 53.5820829], [10.0047057, 53.5821254], [10.0047776, 53.5821389]]}, "properties": {"id": 1339003325, "highway": "footway", "name": "", "surface": "paving_stones", "foot": ""}}, {"type": "Feature", "geometry": {"type": "LineString", "coordinates": [[10.0041383, 53.5819692], [10.004189, 53.5819015]]}, "properties": {"id": 1339003326, "highway": "footway", "name": "", "surface": "sett", "foot": ""}}, {"type": "Feature", "geometry": {"type": "LineString", "coordinates": [[10.0044768, 53.5820634], [10.0045359, 53.5819888]]}, "properties": {"id": 1339003327, "highway": "footway", "name": "", "surface": "sett", "foot": ""}}, {"type": "Feature", "geometry": {"type": "LineString", "coordinates": [[10.0031663, 53.5814973], [10.0032344, 53.5815234], [10.0033581, 53.5815583], [10.0034513, 53.5815717]]}, "properties": {"id": 1339003328, "highway": "footway", "name": "", "surface": "", "foot": ""}}, {"type": "Feature", "geometry": {"type": "LineString", "coordinates": [[10.0031753, 53.581462], [10.0035421, 53.5815627]]}, "properties": {"id": 1339003329, "highway": "footway", "name": "", "surface": "", "foot": ""}}, {"type": "Feature", "geometry": {"type": "LineString", "coordinates": [[10.0032176, 53.5812796], [10.0035124, 53.5813597]]}, "properties": {"id": 1339003330, "highway": "footway", "name": "", "surface": "asphalt", "foot": ""}}, {"type": "Feature", "geometry": {"type": "LineString", "coordinates": [[10.0054896, 53.582573], [10.0055427, 53.5825009]]}, "properties": {"id": 1339003331, "highway": "footway", "name": "", "surface": "", "foot": ""}}, {"type": "Feature", "geometry": {"type": "LineString", "coordinates": [[10.0056304, 53.5826073], [10.0056829, 53.5825394]]}, "properties": {"id": 1339003332, "highway": "footway", "name": "", "surface": "", "foot": ""}}, {"type": "Feature", "geometry": {"type": "LineString", "coordinates": [[10.0050296, 53.5824496], [10.0050869, 53.5823759]]}, "properties": {"id": 1339003333, "highway": "footway", "name": "", "surface": "sett", "foot": ""}}, {"type": "Feature", "geometry": {"type": "LineString", "coordinates": [[10.0030815, 53.5808621], [10.0030845, 53.5808322]]}, "properties": {"id": 1339003334, "highway": "footway", "name": "", "surface": "paving_stones", "foot": ""}}, {"type": "Feature", "geometry": {"type": "LineString", "coordinates": [[10.0031479, 53.5808661], [10.0030815, 53.5808621]]}, "properties": {"id": 1339003335, "highway": "footway", "name": "", "surface": "paving_stones", "foot": ""}}, {"type": "Feature", "geometry": {"type": "LineString", "coordinates": [[10.003269, 53.5808526], [10.0032143, 53.5808581], [10.0031479, 53.5808661]]}, "properties": {"id": 1339003336, "highway": "footway", "name": "", "surface": "asphalt", "foot": ""}}, {"type": "Feature", "geometry": {"type": "LineString", "coordinates": [[10.0033162, 53.5808479], [10.003269, 53.5808526]]}, "properties": {"id": 1339003337, "highway": "footway", "name": "", "surface": "paving_stones", "foot": ""}}, {"type": "Feature", "geometry": {"type": "LineString", "coordinates": [[10.0034057, 53.580666], [10.0033953, 53.5807232], [10.0033867, 53.5807705]]}, "properties": {"id": 1339003338, "highway": "footway", "name": "", "surface": "asphalt", "foot": ""}}, {"type": "Feature", "geometry": {"type": "LineString", "coordinates": [[10.0050975, 53.5804996], [10.0043733, 53.5806303], [10.0042134, 53.5806585], [10.0033833, 53.580789]]}, "properties": {"id": 1339003339, "highway": "footway", "name": "", "surface": "paving_stones", "foot": ""}}, {"type": "Feature", "geometry": {"type": "LineString", "coordinates": [[10.0029914, 53.5872556], [10.0029207, 53.5872892], [10.0028482, 53.5873227]]}, "properties": {"id": 1339003343, "highway": "footway", "name": "", "surface": "asphalt", "foot": ""}}, {"type": "Feature", "geometry": {"type": "LineString", "coordinates": [[10.0030255, 53.5872388], [10.0029914, 53.5872556]]}, "properties": {"id": 1339003344, "highway": "footway", "name": "", "surface": "paved", "foot": ""}}, {"type": "Feature", "geometry": {"type": "LineString", "coordinates": [[10.0029738, 53.5871264], [10.0030089, 53.5871514]]}, "properties": {"id": 1339003345, "highway": "footway", "name": "", "surface": "paved", "foot": ""}}, {"type": "Feature", "geometry": {"type": "LineString", "coordinates": [[10.0028482, 53.5873227], [10.0028109, 53.5873395], [10.0027336, 53.5874196]]}, "properties": {"id": 1339003346, "highway": "footway", "name": "", "surface": "paving_stones", "foot": ""}}, {"type": "Feature", "geometry": {"type": "LineString", "coordinates": [[10.0033123, 53.5868174], [10.0032408, 53.5868518], [10.0030089, 53.5871514]]}, "properties": {"id": 1339003347, "highway": "footway", "name": "", "surface": "paving_stones", "foot": ""}}, {"type": "Feature", "geometry": {"type": "LineString", "coordinates": [[10.0032973, 53.5867351], [10.0032968, 53.586753], [10.0032987, 53.5867685]]}, "properties": {"id": 1339003348, "highway": "footway", "name": "", "surface": "asphalt", "foot": ""}}, {"type": "Feature", "geometry": {"type": "LineString", "coordinates": [[10.0032987, 53.5867685], [10.0033123, 53.5868174]]}, "properties": {"id": 1339003349, "highway": "footway", "name": "", "surface": "paving_stones", "foot": ""}}, {"type": "Feature", "geometry": {"type": "LineString", "coordinates": [[10.0042187, 53.5881114], [10.004225, 53.5881325], [10.0042317, 53.5881592]]}, "properties": {"id": 1339003350, "highway": "footway", "name": "", "surface": "asphalt", "foot": ""}}, {"type": "Feature", "geometry": {"type": "LineString", "coordinates": [[10.0042156, 53.5881969], [10.0042317, 53.5881592]]}, "properties": {"id": 1339003351, "highway": "footway", "name": "", "surface": "asphalt", "foot": ""}}, {"type": "Feature", "geometry": {"type": "LineString", "coordinates": [[10.0106222, 53.5895341], [10.0110803, 53.5897906], [10.0112637, 53.5899336], [10.011357, 53.5899724], [10.0114223, 53.5900694], [10.0113349, 53.5901265]]}, "properties": {"id": 1339003356, "highway": "footway", "name": "", "surface": "paving_stones", "foot": ""}}, {"type": "Feature", "geometry": {"type": "LineString", "coordinates": [[10.0033833, 53.580789], [10.003349, 53.5807956], [10.0033231, 53.5808142], [10.0033162, 53.5808479]]}, "properties": {"id": 1339068898, "highway": "footway", "name": "", "surface": "paving_stones", "foot": ""}}, {"type": "Feature", "geometry": {"type": "LineString", "coordinates": [[10.0038652, 53.5783866], [10.003847, 53.5784759], [10.0037946, 53.5787328], [10.0036846, 53.5792007], [10.0036718, 53.5792581], [10.0036572, 53.5793236], [10.0036296, 53.5794451], [10.0036053, 53.5795522], [10.0035924, 53.5796091], [10.0035738, 53.5796908], [10.0035566, 53.5797663], [10.0034956, 53.580035], [10.0034846, 53.5800807], [10.0034498, 53.5802438], [10.0034267, 53.5803555], [10.0033991, 53.5804832], [10.0033671, 53.5806314]]}, "properties": {"id": 1339068903, "highway": "footway", "name": "", "surface": "paving_stones", "foot": ""}}, {"type": "Feature", "geometry": {"type": "LineString", "coordinates": [[10.0034057, 53.580666], [10.0034096, 53.5806475]]}, "properties": {"id": 1339068904, "highway": "footway", "name": "", "surface": "paving_stones", "foot": ""}}, {"type": "Feature", "geometry": {"type": "LineString", "coordinates": [[10.0033991, 53.5804832], [10.0036787, 53.5805061], [10.0037718, 53.5805874]]}, "properties": {"id": 1339068908, "highway": "footway", "name": "", "surface": "paving_stones", "foot": "destination"}}, {"type": "Feature", "geometry": {"type": "LineString", "coordinates": [[10.0035924, 53.5796091], [10.0036735, 53.579616], [10.0038131, 53.5796447]]}, "properties": {"id": 1339068913, "highway": "footway", "name": "", "surface": "", "foot": "permissive"}}, {"type": "Feature", "geometry": {"type": "LineString", "coordinates": [[10.0037436, 53.5797817], [10.0035566, 53.5797663]]}, "properties": {"id": 1339068914, "highway": "footway", "name": "", "surface": "", "foot": "permissive"}}, {"type": "Feature", "geometry": {"type": "LineString", "coordinates": [[10.0038853, 53.5793032], [10.0038134, 53.5792968], [10.0037281, 53.5792635], [10.0036718, 53.5792581]]}, "properties": {"id": 1339068915, "highway": "footway", "name": "", "surface": "", "foot": "permissive"}}, {"type": "Feature", "geometry": {"type": "LineString", "coordinates": [[10.0039889, 53.5787496], [10.0037946, 53.5787328]]}, "properties": {"id": 1339068916, "highway": "footway", "name": "", "surface": "", "foot": "permissive"}}, {"type": "Feature", "geometry": {"type": "LineString", "coordinates": [[10.0038851, 53.5783069], [10.0038755, 53.5783455], [10.0038652, 53.5783866]]}, "properties": {"id": 1339068918, "highway": "footway", "name": "", "surface": "asphalt", "foot": ""}}, {"type": "Feature", "geometry": {"type": "LineString", "coordinates": [[10.0041367, 53.5785918], [10.0040934, 53.5785643], [10.0041033, 53.5784617]]}, "properties": {"id": 1339068919, "highway": "footway", "name": "", "surface": "paving_stones", "foot": "permissive"}}, {"type": "Feature", "geometry": {"type": "LineString", "coordinates": [[10.0044904, 53.578566], [10.0041033, 53.5784617], [10.0040506, 53.5784482], [10.0040051, 53.578442], [10.003964, 53.5784439], [10.003847, 53.5784759]]}, "properties": {"id": 1339068920, "highway": "footway", "name": "", "surface": "paving_stones", "foot": ""}}, {"type": "Feature", "geometry": {"type": "LineString", "coordinates": [[10.0130299, 53.5775071], [10.0133729, 53.577533]]}, "properties": {"id": 1339137152, "highway": "footway", "name": "", "surface": "", "foot": "permissive"}}, {"type": "Feature", "geometry": {"type": "LineString", "coordinates": [[10.0128412, 53.577552], [10.0129256, 53.577584], [10.0129942, 53.5776107]]}, "properties": {"id": 1339137153, "highway": "footway", "name": "", "surface": "asphalt", "foot": ""}}, {"type": "Feature", "geometry": {"type": "LineString", "coordinates": [[10.0108317, 53.5767886], [10.0110178, 53.5768591], [10.0111162, 53.5768952], [10.0112133, 53.576932], [10.0114703, 53.5770292], [10.0122284, 53.5773162], [10.0122973, 53.577342], [10.0124899, 53.5774157], [10.0125474, 53.5774384], [10.0127155, 53.5775051], [10.0128412, 53.577552]]}, "properties": {"id": 1339137154, "highway": "footway", "name": "", "surface": "paving_stones", "foot": ""}}, {"type": "Feature", "geometry": {"type": "LineString", "coordinates": [[10.0127155, 53.5775051], [10.0127519, 53.5775065], [10.0127864, 53.5775026], [10.0128182, 53.5774925], [10.0128434, 53.5774778], [10.0128537, 53.5774603]]}, "properties": {"id": 1339137155, "highway": "footway", "name": "", "surface": "paving_stones", "foot": ""}}, {"type": "Feature", "geometry": {"type": "LineString", "coordinates": [[10.0130299, 53.5775071], [10.0130239, 53.5775471], [10.0130158, 53.5775775], [10.0130167, 53.5775998], [10.013032, 53.5776263]]}, "properties": {"id": 1339137156, "highway": "footway", "name": "", "surface": "paving_stones", "foot": ""}}, {"type": "Feature", "geometry": {"type": "LineString", "coordinates": [[10.0129942, 53.5776107], [10.013032, 53.5776263], [10.013681, 53.5779049], [10.0138469, 53.5779702]]}, "properties": {"id": 1339137157, "highway": "footway", "name": "", "surface": "paving_stones", "foot": ""}}, {"type": "Feature", "geometry": {"type": "LineString", "coordinates": [[10.0143631, 53.5779669], [10.0143561, 53.5780166]]}, "properties": {"id": 1339137159, "highway": "footway", "name": "", "surface": "paving_stones", "foot": ""}}, {"type": "Feature", "geometry": {"type": "LineString", "coordinates": [[10.0140713, 53.5779526], [10.0141087, 53.5779549]]}, "properties": {"id": 1339137160, "highway": "footway", "name": "", "surface": "paving_stones", "foot": ""}}, {"type": "Feature", "geometry": {"type": "LineString", "coordinates": [[10.0143037, 53.5779646], [10.0143631, 53.5779669]]}, "properties": {"id": 1339137161, "highway": "footway", "name": "", "surface": "paving_stones", "foot": ""}}, {"type": "Feature", "geometry": {"type": "LineString", "coordinates": [[10.0140225, 53.5780397], [10.0140347, 53.5779947]]}, "properties": {"id": 1339137162, "highway": "footway", "name": "", "surface": "asphalt", "foot": ""}}, {"type": "Feature", "geometry": {"type": "LineString", "coordinates": [[10.0139822, 53.5779894], [10.0140347, 53.5779947]]}, "properties": {"id": 1339137163, "highway": "footway", "name": "", "surface": "paving_stones", "foot": ""}}, {"type": "Feature", "geometry": {"type": "LineString", "coordinates": [[10.0138469, 53.5779702], [10.0139822, 53.5779894]]}, "properties": {"id": 1339137164, "highway": "footway", "name": "", "surface": "paving_stones", "foot": ""}}, {"type": "Feature", "geometry": {"type": "LineString", "coordinates": [[10.0140347, 53.5779947], [10.0140713, 53.5779526]]}, "properties": {"id": 1339137166, "highway": "footway", "name": "", "surface": "paving_stones", "foot": ""}}, {"type": "Feature", "geometry": {"type": "LineString", "coordinates": [[10.0110178, 53.5768591], [10.0111275, 53.5767272]]}, "properties": {"id": 1339137171, "highway": "footway", "name": "", "surface": "paving_stones", "foot": ""}}, {"type": "Feature", "geometry": {"type": "LineString", "coordinates": [[10.0112133, 53.576932], [10.0113452, 53.5768119]]}, "properties": {"id": 1339137172, "highway": "footway", "name": "", "surface": "paving_stones", "foot": ""}}, {"type": "Feature", "geometry": {"type": "LineString", "coordinates": [[10.0114703, 53.5770292], [10.0116052, 53.5769023]]}, "properties": {"id": 1339137173, "highway": "footway", "name": "", "surface": "sett", "foot": ""}}, {"type": "Feature", "geometry": {"type": "LineString", "coordinates": [[10.0064444, 53.5860136], [10.0064128, 53.5860149], [10.0063761, 53.5860164]]}, "properties": {"id": 1339199264, "highway": "footway", "name": "", "surface": "asphalt", "foot": ""}}, {"type": "Feature", "geometry": {"type": "LineString", "coordinates": [[10.0096677, 53.5881567], [10.0091269, 53.5878303], [10.009062, 53.5877912], [10.0087947, 53.5876426], [10.0079119, 53.5871266], [10.0073183, 53.5867842], [10.0061612, 53.5860982]]}, "properties": {"id": 1339199265, "highway": "footway", "name": "", "surface": "paving_stones", "foot": ""}}, {"type": "Feature", "geometry": {"type": "LineString", "coordinates": [[10.0063169, 53.5860271], [10.0062558, 53.586055], [10.0062146, 53.5860738]]}, "properties": {"id": 1339199266, "highway": "path", "name": "", "surface": "asphalt", "foot": "designated"}}, {"type": "Feature", "geometry": {"type": "LineString", "coordinates": [[10.0062146, 53.5860738], [10.0061612, 53.5860982]]}, "properties": {"id": 1339199267, "highway": "path", "name": "", "surface": "paving_stones", "foot": "designated"}}, {"type": "Feature", "geometry": {"type": "LineString", "coordinates": [[10.0063544, 53.5858595], [10.0063492, 53.5859072], [10.0063433, 53.5859669]]}, "properties": {"id": 1339199268, "highway": "path", "name": "", "surface": "asphalt", "foot": "designated"}}, {"type": "Feature", "geometry": {"type": "LineString", "coordinates": [[10.0063433, 53.5859669], [10.0063369, 53.586018]]}, "properties": {"id": 1339199269, "highway": "path", "name": "", "surface": "paving_stones", "foot": "designated"}}, {"type": "Feature", "geometry": {"type": "LineString", "coordinates": [[10.0057797, 53.5864078], [10.0056752, 53.5865457], [10.0056274, 53.5866505], [10.0054146, 53.5869306], [10.0051214, 53.5873283], [10.005103, 53.5873527], [10.0048773, 53.5876678]]}, "properties": {"id": 1339199270, "highway": "footway", "name": "", "surface": "paving_stones", "foot": ""}}, {"type": "Feature", "geometry": {"type": "LineString", "coordinates": [[10.0061612, 53.5860982], [10.0061421, 53.58609], [10.0061129, 53.5860862], [10.0060788, 53.586089], [10.00605, 53.5860981]]}, "properties": {"id": 1339199271, "highway": "path", "name": "", "surface": "paving_stones", "foot": "designated"}}, {"type": "Feature", "geometry": {"type": "LineString", "coordinates": [[10.0060025, 53.586078], [10.0059419, 53.5860523], [10.0058878, 53.5860293]]}, "properties": {"id": 1339199272, "highway": "path", "name": "", "surface": "asphalt", "foot": "designated"}}, {"type": "Feature", "geometry": {"type": "LineString", "coordinates": [[10.0058684, 53.5859264], [10.0058912, 53.5859091], [10.0059161, 53.5858902]]}, "properties": {"id": 1339199273, "highway": "path", "name": "", "surface": "asphalt", "foot": "designated"}}, {"type": "Feature", "geometry": {"type": "LineString", "coordinates": [[10.0060984, 53.5858102], [10.0061447, 53.5858048], [10.0061922, 53.5857992]]}, "properties": {"id": 1339199274, "highway": "path", "name": "", "surface": "asphalt", "foot": "designated"}}, {"type": "Feature", "geometry": {"type": "LineString", "coordinates": [[10.0059645, 53.5858564], [10.0060296, 53.5858254]]}, "properties": {"id": 1339199275, "highway": "path", "name": "", "surface": "paving_stones", "foot": "designated"}}, {"type": "Feature", "geometry": {"type": "LineString", "coordinates": [[10.00605, 53.5860981], [10.0060025, 53.586078]]}, "properties": {"id": 1339199276, "highway": "path", "name": "", "surface": "paving_stones", "foot": "designated"}}, {"type": "Feature", "geometry": {"type": "LineString", "coordinates": [[10.0060296, 53.5858254], [10.0060332, 53.5857775], [10.006049, 53.5857368], [10.0061002, 53.5856513], [10.0062857, 53.5853686]]}, "properties": {"id": 1339199277, "highway": "footway", "name": "", "surface": "paving_stones", "foot": ""}}, {"type": "Feature", "geometry": {"type": "LineString", "coordinates": [[10.0060296, 53.5858254], [10.0060984, 53.5858102]]}, "properties": {"id": 1339199278, "highway": "path", "name": "", "surface": "paving_stones", "foot": "designated"}}, {"type": "Feature", "geometry": {"type": "LineString", "coordinates": [[10.0042696, 53.5854054], [10.0044592, 53.5854542], [10.0051152, 53.5856288], [10.0056098, 53.5857605], [10.0058936, 53.5858372], [10.0059645, 53.5858564]]}, "properties": {"id": 1339199279, "highway": "footway", "name": "", "surface": "paving_stones", "foot": ""}}, {"type": "Feature", "geometry": {"type": "LineString", "coordinates": [[10.0042696, 53.5854054], [10.0042405, 53.5854452]]}, "properties": {"id": 1339199280, "highway": "footway", "name": "", "surface": "paving_stones", "foot": ""}}, {"type": "Feature", "geometry": {"type": "LineString", "coordinates": [[10.0059161, 53.5858902], [10.0059645, 53.5858564]]}, "properties": {"id": 1339199281, "highway": "path", "name": "", "surface": "paving_stones", "foot": "designated"}}, {"type": "Feature", "geometry": {"type": "LineString", "coordinates": [[10.0058403, 53.5859696], [10.0058684, 53.5859264]]}, "properties": {"id": 1339199282, "highway": "path", "name": "", "surface": "paving_stones", "foot": "designated"}}, {"type": "Feature", "geometry": {"type": "LineString", "coordinates": [[10.0058878, 53.5860293], [10.0058415, 53.5860097]]}, "properties": {"id": 1339199283, "highway": "path", "name": "", "surface": "paving_stones", "foot": "designated"}}, {"type": "Feature", "geometry": {"type": "LineString", "coordinates": [[10.0058415, 53.5860097], [10.0058403, 53.5859696]]}, "properties": {"id": 1339199284, "highway": "path", "name": "", "surface": "paving_stones", "foot": "designated"}}, {"type": "Feature", "geometry": {"type": "LineString", "coordinates": [[10.0064752, 53.5860124], [10.0064697, 53.5860339], [10.0064715, 53.5860579], [10.0064769, 53.5860799], [10.0064922, 53.5861013], [10.0065263, 53.5861286], [10.0066066, 53.5861702], [10.0069846, 53.5863873], [10.0075465, 53.5867191], [10.008168, 53.587081], [10.0089159, 53.5875192], [10.0095611, 53.587896], [10.0099842, 53.5881371], [10.0110459, 53.5887596], [10.0110819, 53.5887845], [10.0111487, 53.5888135], [10.0112054, 53.5888381]]}, "properties": {"id": 1339199285, "highway": "footway", "name": "", "surface": "paving_stones", "foot": ""}}, {"type": "Feature", "geometry": {"type": "LineString", "coordinates": [[10.0064752, 53.5860124], [10.0064444, 53.5860136]]}, "properties": {"id": 1339199286, "highway": "footway", "name": "", "surface": "paving_stones", "foot": ""}}, {"type": "Feature", "geometry": {"type": "LineString", "coordinates": [[10.0058403, 53.5859696], [10.0053959, 53.585851], [10.0050508, 53.585759], [10.0045562, 53.5856282], [10.0041773, 53.585528]]}, "properties": {"id": 1339199288, "highway": "footway", "name": "", "surface": "paving_stones", "foot": ""}}, {"type": "Feature", "geometry": {"type": "LineString", "coordinates": [[10.0042134, 53.5854812], [10.0041773, 53.585528]]}, "properties": {"id": 1339199289, "highway": "footway", "name": "", "surface": "paving_stones", "foot": ""}}, {"type": "Feature", "geometry": {"type": "LineString", "coordinates": [[10.0042807, 53.5853904], [10.0041598, 53.5853567]]}, "properties": {"id": 1339199290, "highway": "footway", "name": "", "surface": "paving_stones", "foot": ""}}, {"type": "Feature", "geometry": {"type": "LineString", "coordinates": [[10.0040418, 53.5853258], [10.0039985, 53.585314]]}, "properties": {"id": 1339199291, "highway": "footway", "name": "", "surface": "sett", "foot": ""}}, {"type": "Feature", "geometry": {"type": "LineString", "coordinates": [[10.0041598, 53.5853567], [10.0040966, 53.58534], [10.0040418, 53.5853258]]}, "properties": {"id": 1339199292, "highway": "footway", "name": "", "surface": "asphalt", "foot": ""}}, {"type": "Feature", "geometry": {"type": "LineString", "coordinates": [[10.0042807, 53.5853904], [10.0042696, 53.5854054]]}, "properties": {"id": 1339199293, "highway": "footway", "name": "", "surface": "paving_stones", "foot": ""}}, {"type": "Feature", "geometry": {"type": "LineString", "coordinates": [[10.0062567, 53.585796], [10.0062647, 53.5858117], [10.0062896, 53.585827], [10.0063228, 53.5858335], [10.0063574, 53.5858327]]}, "properties": {"id": 1339199299, "highway": "path", "name": "", "surface": "paving_stones", "foot": "designated"}}, {"type": "Feature", "geometry": {"type": "LineString", "coordinates": [[10.0061922, 53.5857992], [10.0062567, 53.585796]]}, "properties": {"id": 1339199300, "highway": "path", "name": "", "surface": "paving_stones", "foot": "designated"}}, {"type": "Feature", "geometry": {"type": "LineString", "coordinates": [[10.0063574, 53.5858327], [10.0063544, 53.5858595]]}, "properties": {"id": 1339199301, "highway": "path", "name": "", "surface": "paving_stones", "foot": "designated"}}, {"type": "Feature", "geometry": {"type": "LineString", "coordinates": [[10.0067013, 53.5851155], [10.0066659, 53.5851689], [10.0064979, 53.5854198], [10.0062888, 53.5857344], [10.00626, 53.5857809], [10.0062567, 53.585796]]}, "properties": {"id": 1339199303, "highway": "footway", "name": "", "surface": "paving_stones", "foot": ""}}, {"type": "Feature", "geometry": {"type": "LineString", "coordinates": [[10.0033581, 53.5866095], [10.0034375, 53.5866744], [10.0045464, 53.5866213], [10.0046832, 53.5865994], [10.0055415, 53.5863893]]}, "properties": {"id": 1339199304, "highway": "footway", "name": "", "surface": "paving_stones", "foot": ""}}, {"type": "Feature", "geometry": {"type": "LineString", "coordinates": [[10.0055231, 53.5864132], [10.0055415, 53.5863893], [10.0058415, 53.5860097]]}, "properties": {"id": 1339199305, "highway": "path", "name": "", "surface": "paving_stones", "foot": "designated"}}, {"type": "Feature", "geometry": {"type": "LineString", "coordinates": [[10.0108482, 53.586591], [10.0108187, 53.5866126], [10.0107715, 53.5866442]]}, "properties": {"id": 1339204613, "highway": "footway", "name": "", "surface": "asphalt", "foot": ""}}, {"type": "Feature", "geometry": {"type": "LineString", "coordinates": [[10.0101354, 53.5861261], [10.010192, 53.5861564], [10.0107176, 53.586441], [10.0109116, 53.586548]]}, "properties": {"id": 1339204614, "highway": "footway", "name": "", "surface": "paving_stones", "foot": ""}}, {"type": "Feature", "geometry": {"type": "LineString", "coordinates": [[10.0109116, 53.586548], [10.0108482, 53.586591]]}, "properties": {"id": 1339204616, "highway": "footway", "name": "", "surface": "paving_stones", "foot": ""}}, {"type": "Feature", "geometry": {"type": "LineString", "coordinates": [[10.0102936, 53.5860187], [10.0103694, 53.5860048]]}, "properties": {"id": 1339204618, "highway": "footway", "name": "", "surface": "paving_stones", "foot": ""}}, {"type": "Feature", "geometry": {"type": "LineString", "coordinates": [[10.010443, 53.5853511], [10.0106246, 53.5854342], [10.0107696, 53.5854602], [10.0108231, 53.5854989], [10.0108849, 53.5855199], [10.0110052, 53.5855288]]}, "properties": {"id": 1339204619, "highway": "footway", "name": "", "surface": "paving_stones", "foot": ""}}, {"type": "Feature", "geometry": {"type": "LineString", "coordinates": [[10.0127639, 53.5899684], [10.0118613, 53.589438], [10.0111563, 53.5890414], [10.0111288, 53.5890259]]}, "properties": {"id": 1339290593, "highway": "footway", "name": "", "surface": "paving_stones", "foot": ""}}, {"type": "Feature", "geometry": {"type": "LineString", "coordinates": [[10.0127811, 53.5899632], [10.0128673, 53.5899328], [10.0129431, 53.5899061]]}, "properties": {"id": 1339290594, "highway": "path", "name": "", "surface": "asphalt", "foot": "designated"}}, {"type": "Feature", "geometry": {"type": "LineString", "coordinates": [[10.0115141, 53.5905471], [10.01123, 53.5906116]]}, "properties": {"id": 1339290597, "highway": "path", "name": "", "surface": "paving_stones", "foot": "designated"}}, {"type": "Feature", "geometry": {"type": "LineString", "coordinates": [[10.0141018, 53.5897852], [10.0140759, 53.5897641], [10.0140383, 53.5897461]]}, "properties": {"id": 1339290598, "highway": "footway", "name": "", "surface": "paving_stones", "foot": ""}}, {"type": "Feature", "geometry": {"type": "LineString", "coordinates": [[10.013863, 53.5895863], [10.0138978, 53.589618]]}, "properties": {"id": 1339290599, "highway": "path", "name": "", "surface": "paving_stones", "foot": "designated"}}, {"type": "Feature", "geometry": {"type": "LineString", "coordinates": [[10.0129431, 53.5899061], [10.0129893, 53.5898907], [10.0130409, 53.5898832], [10.013863, 53.5895863], [10.0138764, 53.5895806]]}, "properties": {"id": 1339290600, "highway": "path", "name": "", "surface": "paving_stones", "foot": "designated"}}, {"type": "Feature", "geometry": {"type": "LineString", "coordinates": [[10.0153875, 53.5901578], [10.0137983, 53.5901175], [10.0135982, 53.5901124], [10.0134884, 53.5901112], [10.0133774, 53.5901232]]}, "properties": {"id": 1339290602, "highway": "footway", "name": "", "surface": "paving_stones", "foot": ""}}, {"type": "Feature", "geometry": {"type": "LineString", "coordinates": [[10.0153909, 53.590125], [10.0153875, 53.5901578]]}, "properties": {"id": 1339290603, "highway": "footway", "name": "", "surface": "paving_stones", "foot": ""}}, {"type": "Feature", "geometry": {"type": "LineString", "coordinates": [[10.0004556, 53.587692], [10.0004319, 53.5877082], [10.0004197, 53.5877266]]}, "properties": {"id": 1339290604, "highway": "footway", "name": "", "surface": "paving_stones", "foot": ""}}, {"type": "Feature", "geometry": {"type": "LineString", "coordinates": [[10.000928, 53.5893541], [10.001006, 53.5892473]]}, "properties": {"id": 1339290605, "highway": "path", "name": "", "surface": "paving_stones", "foot": "designated"}}, {"type": "Feature", "geometry": {"type": "LineString", "coordinates": [[10.0030089, 53.5871514], [10.0029983, 53.5872176], [10.0030255, 53.5872388], [10.0040179, 53.5880511], [10.0040569, 53.5880735], [10.004105, 53.5880874], [10.0041563, 53.588093], [10.0042124, 53.5880902]]}, "properties": {"id": 1339866253, "highway": "footway", "name": "", "surface": "paving_stones", "foot": ""}}, {"type": "Feature", "geometry": {"type": "LineString", "coordinates": [[10.0042124, 53.5880902], [10.0042738, 53.5880787], [10.0043188, 53.5880587], [10.004359, 53.5880291], [10.0044932, 53.5878311]]}, "properties": {"id": 1339866254, "highway": "path", "name": "", "surface": "paving_stones", "foot": "designated"}}, {"type": "Feature", "geometry": {"type": "LineString", "coordinates": [[10.0051903, 53.5866251], [10.0052962, 53.5867023]]}, "properties": {"id": 1339866256, "highway": "footway", "name": "", "surface": "paving_stones", "foot": ""}}, {"type": "Feature", "geometry": {"type": "LineString", "coordinates": [[10.005399, 53.5865742], [10.0051903, 53.5866251], [10.0047292, 53.5867349], [10.0046201, 53.5867507], [10.0044971, 53.586761], [10.0033123, 53.5868174]]}, "properties": {"id": 1339866257, "highway": "footway", "name": "", "surface": "paving_stones", "foot": ""}}, {"type": "Feature", "geometry": {"type": "LineString", "coordinates": [[10.005399, 53.5865742], [10.0054319, 53.5865315], [10.0054587, 53.586497], [10.005481, 53.5864678], [10.0055231, 53.5864132]]}, "properties": {"id": 1339866259, "highway": "footway", "name": "", "surface": "paving_stones", "foot": ""}}, {"type": "Feature", "geometry": {"type": "LineString", "coordinates": [[10.0033581, 53.5866095], [10.0032973, 53.5867351]]}, "properties": {"id": 1339866261, "highway": "footway", "name": "", "surface": "paving_stones", "foot": ""}}, {"type": "Feature", "geometry": {"type": "LineString", "coordinates": [[10.0078161, 53.5857571], [10.0076384, 53.5857555], [10.0074868, 53.5857665], [10.0073727, 53.5857824], [10.007183, 53.5858245], [10.0066543, 53.5859254], [10.0065897, 53.5859426], [10.0065308, 53.5859675], [10.006496, 53.5859886], [10.0064752, 53.5860124]]}, "properties": {"id": 1339866262, "highway": "footway", "name": "", "surface": "paving_stones", "foot": ""}}, {"type": "Feature", "geometry": {"type": "LineString", "coordinates": [[10.0097465, 53.5848098], [10.009667, 53.58487], [10.0089227, 53.5854247], [10.0088684, 53.5854748]]}, "properties": {"id": 1339866263, "highway": "footway", "name": "", "surface": "paving_stones", "foot": ""}}, {"type": "Feature", "geometry": {"type": "LineString", "coordinates": [[10.0088684, 53.5854748], [10.0088233, 53.5855103], [10.0087863, 53.5855371]]}, "properties": {"id": 1339866264, "highway": "footway", "name": "", "surface": "asphalt", "foot": ""}}, {"type": "Feature", "geometry": {"type": "LineString", "coordinates": [[10.0087863, 53.5855371], [10.0087276, 53.5855806], [10.0086201, 53.5856438], [10.0085375, 53.5856759], [10.0084623, 53.5856962], [10.0083881, 53.5857049], [10.0081806, 53.58571], [10.0079589, 53.5857434]]}, "properties": {"id": 1339866265, "highway": "footway", "name": "", "surface": "paving_stones", "foot": ""}}, {"type": "Feature", "geometry": {"type": "LineString", "coordinates": [[10.0079589, 53.5857434], [10.0078837, 53.585751], [10.0078161, 53.5857571]]}, "properties": {"id": 1339866266, "highway": "footway", "name": "", "surface": "asphalt", "foot": ""}}, {"type": "Feature", "geometry": {"type": "LineString", "coordinates": [[10.0052295, 53.5804718], [10.0051653, 53.5804853], [10.0050975, 53.5804996]]}, "properties": {"id": 1339866267, "highway": "footway", "name": "", "surface": "asphalt", "foot": ""}}, {"type": "Feature", "geometry": {"type": "LineString", "coordinates": [[10.0056639, 53.5803714], [10.0057862, 53.580411], [10.0064419, 53.5805817], [10.0072679, 53.5807972]]}, "properties": {"id": 1339866268, "highway": "footway", "name": "", "surface": "paving_stones", "foot": ""}}, {"type": "Feature", "geometry": {"type": "LineString", "coordinates": [[10.0054176, 53.5802869], [10.0054576, 53.580314], [10.0055782, 53.580347]]}, "properties": {"id": 1339866269, "highway": "footway", "name": "", "surface": "paving_stones", "foot": ""}}, {"type": "Feature", "geometry": {"type": "LineString", "coordinates": [[10.0055782, 53.580347], [10.0056182, 53.5803582], [10.0056639, 53.5803714]]}, "properties": {"id": 1339866270, "highway": "footway", "name": "", "surface": "asphalt", "foot": ""}}, {"type": "Feature", "geometry": {"type": "LineString", "coordinates": [[10.0055645, 53.5832698], [10.0056765, 53.5830983], [10.0060265, 53.5826336], [10.0060398, 53.5826155]]}, "properties": {"id": 1339866272, "highway": "footway", "name": "", "surface": "paving_stones", "foot": ""}}, {"type": "Feature", "geometry": {"type": "LineString", "coordinates": [[10.0060398, 53.5826155], [10.0060723, 53.5825713], [10.0060989, 53.5825342]]}, "properties": {"id": 1339866273, "highway": "footway", "name": "", "surface": "asphalt", "foot": ""}}, {"type": "Feature", "geometry": {"type": "LineString", "coordinates": [[10.0061989, 53.5824869], [10.006255, 53.5825017], [10.006307, 53.5825155]]}, "properties": {"id": 1339866274, "highway": "footway", "name": "", "surface": "asphalt", "foot": ""}}, {"type": "Feature", "geometry": {"type": "LineString", "coordinates": [[10.0033162, 53.5808479], [10.0032536, 53.5811236], [10.0032176, 53.5812796], [10.0031753, 53.581462], [10.0031663, 53.5814973], [10.0031384, 53.5816134]]}, "properties": {"id": 1339866275, "highway": "footway", "name": "", "surface": "paving_stones", "foot": ""}}, {"type": "Feature", "geometry": {"type": "LineString", "coordinates": [[10.0029236, 53.5807064], [10.0030539, 53.5806985]]}, "properties": {"id": 1339866276, "highway": "footway", "name": "", "surface": "paving_stones", "foot": ""}}, {"type": "Feature", "geometry": {"type": "LineString", "coordinates": [[10.0031844, 53.580657], [10.0032675, 53.5806453], [10.0033354, 53.5806358]]}, "properties": {"id": 1339866277, "highway": "footway", "name": "", "surface": "asphalt", "foot": ""}}, {"type": "Feature", "geometry": {"type": "LineString", "coordinates": [[10.0034096, 53.5806475], [10.0037718, 53.5805874], [10.004265, 53.5805056], [10.0045894, 53.580449], [10.0049997, 53.5803714], [10.0054176, 53.5802869]]}, "properties": {"id": 1339866278, "highway": "footway", "name": "", "surface": "paving_stones", "foot": ""}}, {"type": "Feature", "geometry": {"type": "LineString", "coordinates": [[10.0033671, 53.5806314], [10.0034096, 53.5806475]]}, "properties": {"id": 1339866279, "highway": "footway", "name": "", "surface": "paving_stones", "foot": ""}}, {"type": "Feature", "geometry": {"type": "LineString", "coordinates": [[10.0199338, 53.5811512], [10.019831, 53.58119], [10.0197856, 53.5812075]]}, "properties": {"id": 1346923074, "highway": "footway", "name": "", "surface": "asphalt", "foot": ""}}, {"type": "Feature", "geometry": {"type": "LineString", "coordinates": [[10.0197369, 53.5812263], [10.0197856, 53.5812075]]}, "properties": {"id": 1346923075, "highway": "footway", "name": "", "surface": "paved", "foot": ""}}, {"type": "Feature", "geometry": {"type": "LineString", "coordinates": [[10.0196766, 53.5812503], [10.0196208, 53.5812692]]}, "properties": {"id": 1346923076, "highway": "footway", "name": "", "surface": "asphalt", "foot": ""}}, {"type": "Feature", "geometry": {"type": "LineString", "coordinates": [[10.0159291, 53.5940475], [10.0161055, 53.5940582]]}, "properties": {"id": 1347963836, "highway": "footway", "name": "", "surface": "grass", "foot": ""}}, {"type": "Feature", "geometry": {"type": "LineString", "coordinates": [[10.0158659, 53.5940436], [10.0159291, 53.5940475]]}, "properties": {"id": 1347963837, "highway": "footway", "name": "", "surface": "grass", "foot": ""}}, {"type": "Feature", "geometry": {"type": "LineString", "coordinates": [[10.0154377, 53.5942859], [10.0154249, 53.5943865]]}, "properties": {"id": 1347963838, "highway": "footway", "name": "", "surface": "grass", "foot": ""}}, {"type": "Feature", "geometry": {"type": "LineString", "coordinates": [[10.0243014, 53.5833725], [10.024325, 53.583347], [10.024451, 53.5833883], [10.0245842, 53.583432]]}, "properties": {"id": 1351581519, "highway": "footway", "name": "", "surface": "wood", "foot": ""}}, {"type": "Feature", "geometry": {"type": "LineString", "coordinates": [[10.024451, 53.5833883], [10.0244654, 53.5833721]]}, "properties": {"id": 1351581520, "highway": "footway", "name": "", "surface": "wood", "foot": ""}}, {"type": "Feature", "geometry": {"type": "LineString", "coordinates": [[10.0182847, 53.5885376], [10.018194, 53.5886028]]}, "properties": {"id": 1351591342, "highway": "footway", "name": "", "surface": "", "foot": ""}}, {"type": "Feature", "geometry": {"type": "LineString", "coordinates": [[10.0311416, 53.5923456], [10.0311746, 53.5923385]]}, "properties": {"id": 1351603220, "highway": "footway", "name": "", "surface": "", "foot": ""}}, {"type": "Feature", "geometry": {"type": "LineString", "coordinates": [[10.0316132, 53.5923891], [10.0314913, 53.5922141]]}, "properties": {"id": 1351603221, "highway": "footway", "name": "", "surface": "", "foot": ""}}, {"type": "Feature", "geometry": {"type": "LineString", "coordinates": [[10.0311416, 53.5923456], [10.0311056, 53.5923536]]}, "properties": {"id": 1351603223, "highway": "footway", "name": "", "surface": "paving_stones", "foot": ""}}, {"type": "Feature", "geometry": {"type": "LineString", "coordinates": [[10.0238338, 53.5935414], [10.0238501, 53.5935378], [10.0238227, 53.5934966], [10.0237995, 53.5934616]]}, "properties": {"id": 1351608872, "highway": "footway", "name": "", "surface": "wood", "foot": ""}}, {"type": "Feature", "geometry": {"type": "LineString", "coordinates": [[10.0238227, 53.5934966], [10.0238404, 53.5934926]]}, "properties": {"id": 1351608873, "highway": "footway", "name": "", "surface": "wood", "foot": ""}}, {"type": "Feature", "geometry": {"type": "LineString", "coordinates": [[10.0239174, 53.5936592], [10.0239355, 53.5936552], [10.0239623, 53.593695], [10.0239878, 53.5937328]]}, "properties": {"id": 1351608874, "highway": "footway", "name": "", "surface": "wood", "foot": ""}}, {"type": "Feature", "geometry": {"type": "LineString", "coordinates": [[10.0239623, 53.593695], [10.023981, 53.5936906]]}, "properties": {"id": 1351608876, "highway": "footway", "name": "", "surface": "wood", "foot": ""}}, {"type": "Feature", "geometry": {"type": "LineString", "coordinates": [[10.0264762, 53.5947659], [10.0264888, 53.5947842]]}, "properties": {"id": 1351608879, "highway": "footway", "name": "", "surface": "wood", "foot": ""}}, {"type": "Feature", "geometry": {"type": "LineString", "coordinates": [[10.0264888, 53.5947842], [10.026513, 53.5948204]]}, "properties": {"id": 1351608880, "highway": "footway", "name": "", "surface": "compacted", "foot": ""}}, {"type": "Feature", "geometry": {"type": "LineString", "coordinates": [[10.0195675, 53.5832783], [10.0194321, 53.5832671]]}, "properties": {"id": 1378672461, "highway": "footway", "name": "", "surface": "paving_stones", "foot": ""}}, {"type": "Feature", "geometry": {"type": "LineString", "coordinates": [[10.0202729, 53.5834498], [10.0203241, 53.5833413]]}, "properties": {"id": 1378672462, "highway": "footway", "name": "", "surface": "paving_stones", "foot": ""}}, {"type": "Feature", "geometry": {"type": "LineString", "coordinates": [[10.0204301, 53.5831469], [10.0197916, 53.5831066], [10.0198184, 53.5829617], [10.0204731, 53.5830679]]}, "properties": {"id": 1378892521, "highway": "footway", "name": "", "surface": "paving_stones", "foot": ""}}, {"type": "Feature", "geometry": {"type": "LineString", "coordinates": [[10.0227758, 53.5835844], [10.0233117, 53.5836661]]}, "properties": {"id": 1378919568, "highway": "footway", "name": "", "surface": "asphalt", "foot": ""}}, {"type": "Feature", "geometry": {"type": "LineString", "coordinates": [[10.0284574, 53.5949996], [10.0284632, 53.5950083]]}, "properties": {"id": 1378956358, "highway": "footway", "name": "", "surface": "paving_stones", "foot": ""}}, {"type": "Feature", "geometry": {"type": "LineString", "coordinates": [[10.0362881, 53.5875191], [10.0363085, 53.5876095]]}, "properties": {"id": 1379081631, "highway": "footway", "name": "", "surface": "paving_stones", "foot": "yes"}}, {"type": "Feature", "geometry": {"type": "LineString", "coordinates": [[10.0001947, 53.5945089], [10.0000952, 53.5945425]]}, "properties": {"id": 1389151822, "highway": "path", "name": "", "surface": "paving_stones", "foot": "designated"}}, {"type": "Feature", "geometry": {"type": "LineString", "coordinates": [[10.0228682, 53.5824101], [10.0229616, 53.5823071]]}, "properties": {"id": 1392330668, "highway": "footway", "name": "", "surface": "paving_stones", "foot": ""}}, {"type": "Feature", "geometry": {"type": "LineString", "coordinates": [[10.0229616, 53.5823071], [10.0229864, 53.5822031]]}, "properties": {"id": 1392330669, "highway": "footway", "name": "", "surface": "paving_stones", "foot": ""}}, {"type": "Feature", "geometry": {"type": "LineString", "coordinates": [[10.0195172, 53.5829823], [10.0194321, 53.5832671]]}, "properties": {"id": 1420839507, "highway": "footway", "name": "", "surface": "paving_stones", "foot": ""}}, {"type": "Feature", "geometry": {"type": "LineString", "coordinates": [[10.0194321, 53.5832671], [10.0193597, 53.5835093], [10.0193753, 53.5835313], [10.0193544, 53.5835861]]}, "properties": {"id": 1420839510, "highway": "footway", "name": "", "surface": "paving_stones", "foot": ""}}, {"type": "Feature", "geometry": {"type": "LineString", "coordinates": [[10.0188408, 53.5838115], [10.0188596, 53.583734], [10.0189815, 53.5832253]]}, "properties": {"id": 1420839511, "highway": "footway", "name": "", "surface": "paving_stones", "foot": ""}}, {"type": "Feature", "geometry": {"type": "LineString", "coordinates": [[10.0190496, 53.5830172], [10.0190558, 53.5829972], [10.0190771, 53.5829286], [10.0191308, 53.582755], [10.0192633, 53.582333], [10.0192985, 53.582221]]}, "properties": {"id": 1420839512, "highway": "path", "name": "", "surface": "paving_stones", "foot": "designated"}}, {"type": "Feature", "geometry": {"type": "LineString", "coordinates": [[10.0189914, 53.5831949], [10.0190036, 53.5831576], [10.019011, 53.5831353], [10.0190188, 53.5831114], [10.0190286, 53.5830812], [10.0190496, 53.5830172]]}, "properties": {"id": 1420839513, "highway": "path", "name": "", "surface": "asphalt", "foot": "designated"}}, {"type": "Feature", "geometry": {"type": "LineString", "coordinates": [[9.9997677, 53.5760291], [9.9998075, 53.5763108], [9.9998567, 53.57651], [9.9998985, 53.5765375], [9.9999409, 53.5765905], [9.9999927, 53.5766864], [10.0000104, 53.5767322], [10.0000165, 53.5767621]]}, "properties": {"id": 1431477834, "highway": "footway", "name": "", "surface": "paving_stones", "foot": ""}}, {"type": "Feature", "geometry": {"type": "LineString", "coordinates": [[10.0322511, 53.5786889], [10.0323361, 53.5784909], [10.032611, 53.5779709], [10.0327156, 53.5777958], [10.0327634, 53.5777243], [10.0329705, 53.5774144], [10.0329895, 53.5773888], [10.0332776, 53.576935], [10.0334886, 53.5766084]]}, "properties": {"id": 1442257725, "highway": "path", "name": "", "surface": "paving_stones", "foot": "designated"}}, {"type": "Feature", "geometry": {"type": "LineString", "coordinates": [[10.0352236, 53.5753439], [10.0349699, 53.5755271], [10.0349003, 53.5755773], [10.0345603, 53.5758329], [10.0342975, 53.5760694], [10.0340802, 53.5763191], [10.0338296, 53.576658]]}, "properties": {"id": 1442257727, "highway": "footway", "name": "", "surface": "paving_stones", "foot": ""}}, {"type": "Feature", "geometry": {"type": "LineString", "coordinates": [[10.0320255, 53.5794492], [10.0320786, 53.5792895], [10.0321873, 53.5788755], [10.0322127, 53.5787927], [10.0322511, 53.5786889]]}, "properties": {"id": 1442257728, "highway": "path", "name": "", "surface": "paving_stones", "foot": "designated"}}, {"type": "Feature", "geometry": {"type": "LineString", "coordinates": [[10.0338296, 53.576658], [10.0337074, 53.5768195], [10.0335404, 53.5770815], [10.0333339, 53.5774028], [10.0331359, 53.5777404], [10.0330194, 53.5779252], [10.0327867, 53.5783336], [10.0326273, 53.5786566], [10.032605, 53.5787099], [10.0325755, 53.5788173], [10.0324247, 53.5795274]]}, "properties": {"id": 1442257731, "highway": "path", "name": "", "surface": "paving_stones", "foot": "designated"}}, {"type": "Feature", "geometry": {"type": "LineString", "coordinates": [[10.0334886, 53.5766084], [10.0336122, 53.576413], [10.0337946, 53.5761479], [10.0339783, 53.5758771], [10.03415, 53.5756733], [10.0343352, 53.5755355], [10.0345395, 53.5753631], [10.0346421, 53.5752532], [10.0346623, 53.5752177], [10.0347172, 53.575084], [10.0347316, 53.575015], [10.0347447, 53.5749514], [10.0347361, 53.5748996]]}, "properties": {"id": 1442257732, "highway": "path", "name": "", "surface": "paving_stones", "foot": "designated"}}, {"type": "Feature", "geometry": {"type": "LineString", "coordinates": [[10.0371718, 53.5769636], [10.0371709, 53.5769696], [10.037487, 53.5769743], [10.0376343, 53.5769788]]}, "properties": {"id": 1448215452, "highway": "footway", "name": "", "surface": "", "foot": ""}}, {"type": "Feature", "geometry": {"type": "LineString", "coordinates": [[10.0371927, 53.5767967], [10.0371836, 53.5768826]]}, "properties": {"id": 1448215453, "highway": "footway", "name": "", "surface": "paving_stones", "foot": ""}}, {"type": "Feature", "geometry": {"type": "LineString", "coordinates": [[10.0371836, 53.5768826], [10.0371718, 53.5769636]]}, "properties": {"id": 1448215454, "highway": "footway", "name": "", "surface": "", "foot": ""}}, {"type": "Feature", "geometry": {"type": "LineString", "coordinates": [[9.9998751, 53.59424], [9.9999292, 53.5941816], [9.9999648, 53.5941215], [10.000011, 53.5940679], [10.0001075, 53.5937583], [10.0001463, 53.5935881], [10.0001911, 53.5934755], [10.0002464, 53.5933784], [10.0003856, 53.5931881], [10.000513, 53.5930614], [10.0005342, 53.5930427]]}, "properties": {"id": 1462684194, "highway": "path", "name": "", "surface": "paving_stones", "foot": "designated"}}, {"type": "Feature", "geometry": {"type": "LineString", "coordinates": [[10.0005342, 53.5930427], [10.0005644, 53.5930171], [10.0006069, 53.5929809]]}, "properties": {"id": 1462684197, "highway": "path", "name": "", "surface": "asphalt", "foot": "designated"}}, {"type": "Feature", "geometry": {"type": "LineString", "coordinates": [[10.0044641, 53.5884575], [10.0044365, 53.5884921]]}, "properties": {"id": 1462684976, "highway": "footway", "name": "", "surface": "paving_stones", "foot": ""}}, {"type": "Feature", "geometry": {"type": "LineString", "coordinates": [[10.0044365, 53.5884921], [10.0044089, 53.5885266], [10.0043711, 53.5885752]]}, "properties": {"id": 1462684977, "highway": "footway", "name": "", "surface": "asphalt", "foot": ""}}, {"type": "Feature", "geometry": {"type": "LineString", "coordinates": [[10.0327097, 53.5889426], [10.0326904, 53.5889446]]}, "properties": {"id": 1464855986, "highway": "footway", "name": "", "surface": "paving_stones", "foot": ""}}, {"type": "Feature", "geometry": {"type": "LineString", "coordinates": [[10.032386, 53.5889598], [10.0326461, 53.5889328], [10.0326904, 53.5889446]]}, "properties": {"id": 1464855987, "highway": "footway", "name": "", "surface": "concrete", "foot": ""}}, {"type": "Feature", "geometry": {"type": "LineString", "coordinates": [[10.0060989, 53.5825342], [10.0061181, 53.5825074], [10.0061494, 53.5824741], [10.0061989, 53.5824869]]}, "properties": {"id": 1471932901, "highway": "footway", "name": "", "surface": "paving_stones", "foot": ""}}, {"type": "Feature", "geometry": {"type": "LineString", "coordinates": [[10.0063095, 53.5825956], [10.0062834, 53.5826297], [10.0062558, 53.5826658]]}, "properties": {"id": 1471932902, "highway": "footway", "name": "", "surface": "asphalt", "foot": ""}}, {"type": "Feature", "geometry": {"type": "LineString", "coordinates": [[10.0198563, 53.5883538], [10.0199895, 53.5884174]]}, "properties": {"id": 1483523054, "highway": "footway", "name": "", "surface": "paving_stones", "foot": ""}}, {"type": "Feature", "geometry": {"type": "LineString", "coordinates": [[10.019834, 53.5883432], [10.0198387, 53.5883454], [10.0198435, 53.5883477]]}, "properties": {"id": 1483523055, "highway": "footway", "name": "", "surface": "concrete", "foot": ""}}, {"type": "Feature", "geometry": {"type": "LineString", "coordinates": [[10.0197155, 53.5882872], [10.0198229, 53.5883379]]}, "properties": {"id": 1483523057, "highway": "footway", "name": "", "surface": "paving_stones", "foot": ""}}, {"type": "Feature", "geometry": {"type": "LineString", "coordinates": [[10.0179867, 53.5918596], [10.0180259, 53.5919675], [10.0181153, 53.5922135], [10.018046, 53.5922257], [10.0179463, 53.5922421], [10.018008, 53.5923663]]}, "properties": {"id": 1491552243, "highway": "footway", "name": "", "surface": "", "foot": ""}}, {"type": "Feature", "geometry": {"type": "LineString", "coordinates": [[10.0331822, 53.5876717], [10.0330022, 53.587675]]}, "properties": {"id": 1491569240, "highway": "footway", "name": "", "surface": "paving_stones", "foot": ""}}, {"type": "Feature", "geometry": {"type": "LineString", "coordinates": [[10.0329035, 53.589133], [10.0329094, 53.5890456], [10.0329271, 53.588764], [10.032986, 53.588312], [10.0329931, 53.5882143], [10.0329549, 53.5881557], [10.0329552, 53.5880819]]}, "properties": {"id": 1491569241, "highway": "path", "name": "", "surface": "paving_stones", "foot": "designated"}}, {"type": "Feature", "geometry": {"type": "LineString", "coordinates": [[10.0332287, 53.5881885], [10.0331222, 53.5882002], [10.0329931, 53.5882143]]}, "properties": {"id": 1491569242, "highway": "path", "name": "", "surface": "asphalt", "foot": "designated"}}, {"type": "Feature", "geometry": {"type": "LineString", "coordinates": [[10.0330022, 53.587675], [10.0328233, 53.5876501], [10.0329092, 53.5872823], [10.0331091, 53.587196]]}, "properties": {"id": 1491613606, "highway": "footway", "name": "", "surface": "paving_stones", "foot": ""}}, {"type": "Feature", "geometry": {"type": "LineString", "coordinates": [[10.0097689, 53.5903658], [10.0095701, 53.5904258]]}, "properties": {"id": 1495949166, "highway": "footway", "name": "", "surface": "paving_stones", "foot": ""}}, {"type": "Feature", "geometry": {"type": "LineString", "coordinates": [[10.0152495, 53.5889217], [10.0153606, 53.588856], [10.0155872, 53.588704], [10.0157679, 53.5885742], [10.0159462, 53.5884372], [10.0163181, 53.5880947], [10.0164935, 53.5878984], [10.0165839, 53.5877741]]}, "properties": {"id": 1495949167, "highway": "path", "name": "", "surface": "paving_stones", "foot": "designated"}}, {"type": "Feature", "geometry": {"type": "LineString", "coordinates": [[10.0147036, 53.5899571], [10.0147049, 53.5898652]]}, "properties": {"id": 1498350134, "highway": "footway", "name": "", "surface": "paving_stones", "foot": ""}}, {"type": "Feature", "geometry": {"type": "LineString", "coordinates": [[10.0147089, 53.589789], [10.0145567, 53.5896403]]}, "properties": {"id": 1498350136, "highway": "footway", "name": "", "surface": "asphalt", "foot": ""}}, {"type": "Feature", "geometry": {"type": "LineString", "coordinates": [[10.0152307, 53.5911577], [10.0152962, 53.5911596]]}, "properties": {"id": 1503685627, "highway": "footway", "name": "", "surface": "concrete", "foot": ""}}, {"type": "Feature", "geometry": {"type": "LineString", "coordinates": [[10.0151586, 53.5909634], [10.01525, 53.5909694]]}, "properties": {"id": 1503685630, "highway": "footway", "name": "", "surface": "paving_stones", "foot": ""}}, {"type": "Feature", "geometry": {"type": "LineString", "coordinates": [[10.0153103, 53.5909726], [10.0153529, 53.5909747]]}, "properties": {"id": 1503685632, "highway": "footway", "name": "", "surface": "paving_stones", "foot": ""}}, {"type": "Feature", "geometry": {"type": "LineString", "coordinates": [[10.0152945, 53.5914174], [10.0148054, 53.5913939], [10.0147906, 53.5913879], [10.0147269, 53.5913437], [10.0145757, 53.591295], [10.0144292, 53.5912478], [10.0143581, 53.5912478]]}, "properties": {"id": 1503685639, "highway": "footway", "name": "", "surface": "paving_stones", "foot": ""}}, {"type": "Feature", "geometry": {"type": "LineString", "coordinates": [[10.0143581, 53.5912478], [10.0143065, 53.5914026], [10.0142307, 53.591532], [10.0141302, 53.5916187], [10.0139867, 53.591686], [10.0135267, 53.5917194], [10.0132933, 53.591731]]}, "properties": {"id": 1503685640, "highway": "path", "name": "", "surface": "", "foot": ""}}, {"type": "Feature", "geometry": {"type": "LineString", "coordinates": [[10.0110406, 53.588972], [10.0109151, 53.5888862], [10.0102639, 53.5885101], [10.0096677, 53.5881567]]}, "properties": {"id": 1511287938, "highway": "footway", "name": "", "surface": "paving_stones", "foot": ""}}, {"type": "Feature", "geometry": {"type": "LineString", "coordinates": [[10.0111288, 53.5890259], [10.0110762, 53.5889963], [10.0110406, 53.588972]]}, "properties": {"id": 1511287939, "highway": "footway", "name": "", "surface": "asphalt", "foot": ""}}, {"type": "Feature", "geometry": {"type": "LineString", "coordinates": [[10.0110819, 53.5887845], [10.011034, 53.5888136], [10.0110021, 53.5888331], [10.0109682, 53.5888538], [10.0109151, 53.5888862]]}, "properties": {"id": 1511287940, "highway": "footway", "name": "", "surface": "asphalt", "foot": ""}}, {"type": "Feature", "geometry": {"type": "LineString", "coordinates": [[10.0106689, 53.5893822], [10.0107505, 53.5894157]]}, "properties": {"id": 1511287941, "highway": "footway", "name": "", "surface": "asphalt", "foot": ""}}, {"type": "Feature", "geometry": {"type": "LineString", "coordinates": [[10.0091269, 53.5878303], [10.0090218, 53.5878892], [10.009001, 53.5878962], [10.0089775, 53.587898], [10.0088751, 53.5878939]]}, "properties": {"id": 1511287943, "highway": "footway", "name": "", "surface": "paving_stones", "foot": ""}}, {"type": "Feature", "geometry": {"type": "LineString", "coordinates": [[10.0145567, 53.5896403], [10.0145351, 53.5896208]]}, "properties": {"id": 1511298243, "highway": "footway", "name": "", "surface": "asphalt", "foot": ""}}, {"type": "Feature", "geometry": {"type": "LineString", "coordinates": [[10.0323339, 53.5889781], [10.032386, 53.5889598]]}, "properties": {"id": 1517212141, "highway": "footway", "name": "", "surface": "concrete", "foot": ""}}, {"type": "Feature", "geometry": {"type": "LineString", "coordinates": [[10.032756, 53.5887694], [10.0324129, 53.5888006]]}, "properties": {"id": 1517212142, "highway": "footway", "name": "", "surface": "paving_stones", "foot": ""}}, {"type": "Feature", "geometry": {"type": "LineString", "coordinates": [[10.0323903, 53.5888031], [10.0324129, 53.5888006]]}, "properties": {"id": 1517212143, "highway": "footway", "name": "", "surface": "", "foot": ""}}, {"type": "Feature", "geometry": {"type": "LineString", "coordinates": [[10.0322925, 53.5886233], [10.0323035, 53.5886554], [10.0323505, 53.5886814], [10.0323903, 53.5888031], [10.0323799, 53.5888107], [10.031757, 53.5888872]]}, "properties": {"id": 1517212145, "highway": "footway", "name": "", "surface": "", "foot": ""}}, {"type": "Feature", "geometry": {"type": "LineString", "coordinates": [[10.0161304, 53.5888237], [10.0161033, 53.5891032], [10.0160807, 53.5892519], [10.0160734, 53.5893], [10.0160041, 53.5897563], [10.0160479, 53.5898365], [10.0160888, 53.5898861]]}, "properties": {"id": 1518781758, "highway": "footway", "name": "", "surface": "paving_stones", "foot": ""}}, {"type": "Feature", "geometry": {"type": "LineString", "coordinates": [[10.0156258, 53.5898697], [10.015692, 53.5893777], [10.0157359, 53.5893344], [10.0157267, 53.5892558], [10.0157559, 53.5891359], [10.015753, 53.5891098]]}, "properties": {"id": 1518781759, "highway": "footway", "name": "", "surface": "paving_stones", "foot": ""}}, {"type": "Feature", "geometry": {"type": "LineString", "coordinates": [[10.015753, 53.5891098], [10.0157375, 53.5890894], [10.015662, 53.5890323], [10.0156001, 53.5889893]]}, "properties": {"id": 1518781761, "highway": "path", "name": "", "surface": "paving_stones", "foot": "designated"}}, {"type": "Feature", "geometry": {"type": "LineString", "coordinates": [[10.0138764, 53.5895806], [10.0144675, 53.5893439], [10.0147719, 53.5891943], [10.0151777, 53.5889629]]}, "properties": {"id": 1519610691, "highway": "path", "name": "", "surface": "paving_stones", "foot": "designated"}}, {"type": "Feature", "geometry": {"type": "LineString", "coordinates": [[10.0151777, 53.5889629], [10.0152124, 53.588943], [10.0152495, 53.5889217]]}, "properties": {"id": 1519610692, "highway": "path", "name": "", "surface": "asphalt", "foot": "designated"}}, {"type": "Feature", "geometry": {"type": "LineString", "coordinates": [[10.0165839, 53.5877741], [10.0167719, 53.587504]]}, "properties": {"id": 1519610693, "highway": "path", "name": "", "surface": "paved", "foot": "designated"}}, {"type": "Feature", "geometry": {"type": "LineString", "coordinates": [[10.0169884, 53.5876011], [10.0168047, 53.5878727]]}, "properties": {"id": 1519610694, "highway": "path", "name": "", "surface": "paving_stones", "foot": "designated"}}, {"type": "Feature", "geometry": {"type": "LineString", "coordinates": [[10.0168047, 53.5878727], [10.0167542, 53.5879502], [10.0167472, 53.5880284], [10.0167312, 53.5880766], [10.0166399, 53.5882421], [10.0165829, 53.5883207], [10.0164108, 53.5885192], [10.016334, 53.5886076], [10.0161304, 53.5888237], [10.016105, 53.5888368], [10.0159376, 53.5888879]]}, "properties": {"id": 1519610695, "highway": "path", "name": "", "surface": "paving_stones", "foot": "designated"}}, {"type": "Feature", "geometry": {"type": "LineString", "coordinates": [[10.0159376, 53.5888879], [10.0159014, 53.5889044], [10.0158658, 53.5889206], [10.0158252, 53.5889391], [10.0157695, 53.5889645], [10.015711, 53.5889911]]}, "properties": {"id": 1519610696, "highway": "path", "name": "", "surface": "asphalt", "foot": "designated"}}, {"type": "Feature", "geometry": {"type": "LineString", "coordinates": [[10.0167719, 53.587504], [10.0168263, 53.5874185], [10.0168331, 53.5873908], [10.0168344, 53.5873431]]}, "properties": {"id": 1519610697, "highway": "path", "name": "", "surface": "paving_stones", "foot": "designated"}}, {"type": "Feature", "geometry": {"type": "LineString", "coordinates": [[10.0171096, 53.5874801], [10.017083, 53.5874994], [10.0170581, 53.5875116], [10.0170453, 53.5875201], [10.0169884, 53.5876011]]}, "properties": {"id": 1519610698, "highway": "path", "name": "", "surface": "paving_stones", "foot": "designated"}}, {"type": "Feature", "geometry": {"type": "LineString", "coordinates": [[10.0168344, 53.5873431], [10.016848, 53.5873106], [10.016872, 53.5872531]]}, "properties": {"id": 1519610699, "highway": "path", "name": "", "surface": "paving_stones", "foot": "designated"}}, {"type": "Feature", "geometry": {"type": "LineString", "coordinates": [[10.0171739, 53.5874092], [10.0171418, 53.5874446], [10.0171096, 53.5874801]]}, "properties": {"id": 1519610700, "highway": "path", "name": "", "surface": "asphalt", "foot": "designated"}}, {"type": "Feature", "geometry": {"type": "LineString", "coordinates": [[10.016872, 53.5872531], [10.0168866, 53.5872015], [10.0171307, 53.5868412], [10.0172066, 53.5867746]]}, "properties": {"id": 1519610701, "highway": "path", "name": "", "surface": "paving_stones", "foot": "designated"}}, {"type": "Feature", "geometry": {"type": "LineString", "coordinates": [[10.017622, 53.5867339], [10.0175944, 53.5867734], [10.0175556, 53.5868755], [10.0172502, 53.5873269], [10.0172116, 53.587377], [10.0171739, 53.5874092]]}, "properties": {"id": 1519610702, "highway": "path", "name": "", "surface": "paving_stones", "foot": "designated"}}, {"type": "Feature", "geometry": {"type": "LineString", "coordinates": [[10.0172066, 53.5867746], [10.0172129, 53.5867346], [10.0173233, 53.5865549], [10.0173413, 53.5865056]]}, "properties": {"id": 1519610705, "highway": "footway", "name": "", "surface": "paving_stones", "foot": ""}}, {"type": "Feature", "geometry": {"type": "LineString", "coordinates": [[10.0173413, 53.5865056], [10.0173757, 53.586453]]}, "properties": {"id": 1519610706, "highway": "footway", "name": "", "surface": "asphalt", "foot": ""}}, {"type": "Feature", "geometry": {"type": "LineString", "coordinates": [[10.0177564, 53.5866485], [10.0177167, 53.5866946], [10.017622, 53.5867339]]}, "properties": {"id": 1519610707, "highway": "footway", "name": "", "surface": "paving_stones", "foot": ""}}, {"type": "Feature", "geometry": {"type": "LineString", "coordinates": [[10.0177752, 53.5866212], [10.0177564, 53.5866485]]}, "properties": {"id": 1519610708, "highway": "footway", "name": "", "surface": "asphalt", "foot": ""}}, {"type": "Feature", "geometry": {"type": "LineString", "coordinates": [[10.017665, 53.5866728], [10.0175919, 53.5866475], [10.017549, 53.5866325], [10.0175152, 53.5866208], [10.0174717, 53.5866057], [10.0173601, 53.5865669]]}, "properties": {"id": 1519610712, "highway": "footway", "name": "", "surface": "asphalt", "foot": ""}}, {"type": "Feature", "geometry": {"type": "LineString", "coordinates": [[10.017564, 53.5864245], [10.0176467, 53.5864466], [10.0176816, 53.5864559], [10.0177248, 53.5864674]]}, "properties": {"id": 1519610715, "highway": "footway", "name": "", "surface": "asphalt", "foot": ""}}, {"type": "Feature", "geometry": {"type": "LineString", "coordinates": [[10.0173601, 53.5865669], [10.0173233, 53.5865549]]}, "properties": {"id": 1519610716, "highway": "footway", "name": "", "surface": "paving_stones", "foot": ""}}, {"type": "Feature", "geometry": {"type": "LineString", "coordinates": [[10.0177167, 53.5866946], [10.017665, 53.5866728]]}, "properties": {"id": 1519610717, "highway": "footway", "name": "", "surface": "paving_stones", "foot": ""}}, {"type": "Feature", "geometry": {"type": "LineString", "coordinates": [[10.0059377, 53.5905413], [10.0058974, 53.5905483]]}, "properties": {"id": 1529202333, "highway": "footway", "name": "", "surface": "paving_stones", "foot": ""}}, {"type": "Feature", "geometry": {"type": "LineString", "coordinates": [[10.0059972, 53.5905311], [10.0059377, 53.5905413]]}, "properties": {"id": 1529202334, "highway": "footway", "name": "", "surface": "asphalt", "foot": ""}}, {"type": "Feature", "geometry": {"type": "LineString", "coordinates": [[10.00605, 53.5860981], [10.0060096, 53.5861257], [10.0057797, 53.5864078]]}, "properties": {"id": 1529205852, "highway": "path", "name": "", "surface": "paving_stones", "foot": "designated"}}, {"type": "Feature", "geometry": {"type": "LineString", "coordinates": [[10.0032552, 53.5862977], [10.0032928, 53.5862487]]}, "properties": {"id": 1529205854, "highway": "footway", "name": "", "surface": "paving_stones", "foot": ""}}, {"type": "Feature", "geometry": {"type": "LineString", "coordinates": [[10.0027861, 53.5868854], [10.0028627, 53.5868094], [10.0032552, 53.5862977]]}, "properties": {"id": 1529205855, "highway": "footway", "name": "", "surface": "compacted", "foot": ""}}, {"type": "Feature", "geometry": {"type": "LineString", "coordinates": [[10.0140173, 53.5863117], [10.0140269, 53.5863012], [10.0139239, 53.5862543]]}, "properties": {"id": 1535640840, "highway": "footway", "name": "", "surface": "concrete", "foot": ""}}, {"type": "Feature", "geometry": {"type": "LineString", "coordinates": [[10.01397, 53.5862224], [10.0141746, 53.5862529], [10.0142497, 53.586193]]}, "properties": {"id": 1535640844, "highway": "footway", "name": "", "surface": "concrete", "foot": ""}}, {"type": "Feature", "geometry": {"type": "LineString", "coordinates": [[10.028313, 53.5779938], [10.0281124, 53.5781709], [10.028009, 53.5781949], [10.027686, 53.5783789], [10.027068, 53.5793049]]}, "properties": {"id": 1536293307, "highway": "footway", "name": "", "surface": "fine_gravel", "foot": "yes"}}, {"type": "Feature", "geometry": {"type": "LineString", "coordinates": [[10.0284117, 53.576443], [10.0285253, 53.5764899], [10.0286294, 53.5764828], [10.0290879, 53.5765275]]}, "properties": {"id": 1536347018, "highway": "footway", "name": "", "surface": "ground", "foot": ""}}, {"type": "Feature", "geometry": {"type": "LineString", "coordinates": [[10.0247481, 53.578277], [10.0246632, 53.5783775]]}, "properties": {"id": 1536580279, "highway": "footway", "name": "", "surface": "paving_stones", "foot": ""}}, {"type": "Feature", "geometry": {"type": "LineString", "coordinates": [[10.0248157, 53.5783032], [10.0248849, 53.5782365]]}, "properties": {"id": 1536657536, "highway": "footway", "name": "", "surface": "", "foot": ""}}, {"type": "Feature", "geometry": {"type": "LineString", "coordinates": [[10.0303616, 53.5760077], [10.0293677, 53.5757783], [10.0287012, 53.5763413], [10.0285253, 53.5764899], [10.0275472, 53.5773161], [10.0275541, 53.5773625], [10.0277159, 53.5774534], [10.0277339, 53.5776134], [10.0277517, 53.5776175], [10.0285182, 53.5777931], [10.0287635, 53.5775568], [10.0296074, 53.5767388], [10.0303616, 53.5760077]]}, "properties": {"id": 1538984557, "highway": "footway", "name": "", "surface": "paved", "foot": ""}}, {"type": "Feature", "geometry": {"type": "LineString", "coordinates": [[10.0275472, 53.5773161], [10.0275344, 53.5773422], [10.0275467, 53.5774612], [10.0277339, 53.5776134]]}, "properties": {"id": 1538984558, "highway": "footway", "name": "", "surface": "", "foot": ""}}, {"type": "Feature", "geometry": {"type": "LineString", "coordinates": [[10.0286712, 53.5778503], [10.0289054, 53.5779447]]}, "properties": {"id": 1538984559, "highway": "footway", "name": "", "surface": "paving_stones", "foot": ""}}, {"type": "Feature", "geometry": {"type": "LineString", "coordinates": [[10.0285182, 53.5777931], [10.0286031, 53.5778228], [10.0286712, 53.5778503]]}, "properties": {"id": 1538984560, "highway": "footway", "name": "", "surface": "", "foot": ""}}, {"type": "Feature", "geometry": {"type": "LineString", "coordinates": [[10.0286712, 53.5778503], [10.0297528, 53.576793], [10.0305541, 53.5760209], [10.0308213, 53.5760756]]}, "properties": {"id": 1538984561, "highway": "footway", "name": "", "surface": "", "foot": ""}}, {"type": "Feature", "geometry": {"type": "LineString", "coordinates": [[10.0289054, 53.5779447], [10.0292335, 53.5781041]]}, "properties": {"id": 1538984562, "highway": "footway", "name": "", "surface": "paving_stones", "foot": ""}}, {"type": "Feature", "geometry": {"type": "LineString", "coordinates": [[10.0292335, 53.5781041], [10.0293688, 53.5780833], [10.029396, 53.5780566], [10.0304382, 53.5770234], [10.031242, 53.5762265]]}, "properties": {"id": 1538984563, "highway": "footway", "name": "", "surface": "", "foot": ""}}, {"type": "Feature", "geometry": {"type": "LineString", "coordinates": [[10.029396, 53.5780566], [10.0293091, 53.5780229]]}, "properties": {"id": 1538984564, "highway": "footway", "name": "", "surface": "", "foot": ""}}, {"type": "Feature", "geometry": {"type": "LineString", "coordinates": [[10.031242, 53.5762265], [10.0311866, 53.5761609], [10.0308213, 53.5760756]]}, "properties": {"id": 1538984565, "highway": "footway", "name": "", "surface": "", "foot": ""}}, {"type": "Feature", "geometry": {"type": "LineString", "coordinates": [[10.0291021, 53.5782052], [10.0291432, 53.5781749]]}, "properties": {"id": 1538984566, "highway": "footway", "name": "", "surface": "paving_stones", "foot": ""}}, {"type": "Feature", "geometry": {"type": "LineString", "coordinates": [[10.0291432, 53.5781749], [10.0292335, 53.5781041]]}, "properties": {"id": 1538984567, "highway": "footway", "name": "", "surface": "", "foot": ""}}, {"type": "Feature", "geometry": {"type": "LineString", "coordinates": [[10.0292335, 53.5781041], [10.0293891, 53.5781797]]}, "properties": {"id": 1538984568, "highway": "footway", "name": "", "surface": "", "foot": ""}}, {"type": "Feature", "geometry": {"type": "LineString", "coordinates": [[10.0277517, 53.5776175], [10.0277159, 53.577687], [10.0276645, 53.5777744]]}, "properties": {"id": 1539041673, "highway": "footway", "name": "", "surface": "", "foot": ""}}, {"type": "Feature", "geometry": {"type": "LineString", "coordinates": [[10.027204, 53.5774095], [10.0272361, 53.5774258]]}, "properties": {"id": 1539041674, "highway": "footway", "name": "", "surface": "paving_stones", "foot": ""}}, {"type": "Feature", "geometry": {"type": "LineString", "coordinates": [[10.0272361, 53.5774258], [10.0272906, 53.5774417]]}, "properties": {"id": 1539041675, "highway": "footway", "name": "", "surface": "paving_stones", "foot": ""}}, {"type": "Feature", "geometry": {"type": "LineString", "coordinates": [[10.0303616, 53.5760077], [10.0303788, 53.575991], [10.0304366, 53.575935]]}, "properties": {"id": 1539041676, "highway": "footway", "name": "", "surface": "", "foot": ""}}, {"type": "Feature", "geometry": {"type": "LineString", "coordinates": [[10.0305541, 53.5760209], [10.0304751, 53.5760074], [10.0303788, 53.575991]]}, "properties": {"id": 1539041677, "highway": "footway", "name": "", "surface": "", "foot": ""}}, {"type": "Feature", "geometry": {"type": "LineString", "coordinates": [[10.0293677, 53.5757783], [10.0291883, 53.5757371]]}, "properties": {"id": 1539041678, "highway": "footway", "name": "", "surface": "", "foot": ""}}, {"type": "Feature", "geometry": {"type": "LineString", "coordinates": [[10.0293677, 53.5757783], [10.0294349, 53.5757057]]}, "properties": {"id": 1539041679, "highway": "footway", "name": "", "surface": "", "foot": ""}}, {"type": "Feature", "geometry": {"type": "LineString", "coordinates": [[10.0272719, 53.5763609], [10.0273695, 53.5763451], [10.0274746, 53.5763529]]}, "properties": {"id": 1539082851, "highway": "footway", "name": "", "surface": "", "foot": ""}}, {"type": "Feature", "geometry": {"type": "LineString", "coordinates": [[10.0228716, 53.5862236], [10.0234728, 53.5857775], [10.0238618, 53.58535], [10.0238952, 53.5853133], [10.0242506, 53.5847661]]}, "properties": {"id": 1541089733, "highway": "footway", "name": "", "surface": "compacted", "foot": ""}}, {"type": "Feature", "geometry": {"type": "LineString", "coordinates": [[10.0198439, 53.5883413], [10.0198387, 53.5883454]]}, "properties": {"id": 1541089734, "highway": "footway", "name": "", "surface": "concrete", "foot": ""}}, {"type": "Feature", "geometry": {"type": "LineString", "coordinates": [[10.0231288, 53.5874722], [10.0233306, 53.5873374]]}, "properties": {"id": 1541089735, "highway": "footway", "name": "", "surface": "", "foot": ""}}, {"type": "Feature", "geometry": {"type": "LineString", "coordinates": [[10.0237721, 53.5869157], [10.0240191, 53.5870419]]}, "properties": {"id": 1541089736, "highway": "footway", "name": "", "surface": "paving_stones", "foot": ""}}, {"type": "Feature", "geometry": {"type": "LineString", "coordinates": [[10.0241397, 53.5869641], [10.0242456, 53.5868926]]}, "properties": {"id": 1541089737, "highway": "footway", "name": "", "surface": "paving_stones", "foot": ""}}, {"type": "Feature", "geometry": {"type": "LineString", "coordinates": [[10.0240724, 53.5870072], [10.0241397, 53.5869641]]}, "properties": {"id": 1541089738, "highway": "footway", "name": "", "surface": "paving_stones", "foot": ""}}, {"type": "Feature", "geometry": {"type": "LineString", "coordinates": [[10.0232407, 53.5872853], [10.0233306, 53.5873374], [10.0233641, 53.5873485], [10.0234097, 53.5873537], [10.0234707, 53.5873529], [10.0235184, 53.5873458], [10.0235579, 53.5873298], [10.0236585, 53.5872662], [10.023682, 53.5872614], [10.0240191, 53.5870419], [10.0240724, 53.5870072]]}, "properties": {"id": 1541089739, "highway": "footway", "name": "", "surface": "paving_stones", "foot": ""}}, {"type": "Feature", "geometry": {"type": "LineString", "coordinates": [[10.0228081, 53.5878356], [10.0231931, 53.5875854], [10.0231804, 53.5874994], [10.0231288, 53.5874722], [10.0230397, 53.5874251]]}, "properties": {"id": 1541089740, "highway": "footway", "name": "", "surface": "", "foot": ""}}, {"type": "Feature", "geometry": {"type": "LineString", "coordinates": [[10.0228081, 53.5878356], [10.022681, 53.5879331]]}, "properties": {"id": 1541089741, "highway": "footway", "name": "", "surface": "paving_stones", "foot": ""}}, {"type": "Feature", "geometry": {"type": "LineString", "coordinates": [[10.0225992, 53.5877314], [10.0228081, 53.5878356]]}, "properties": {"id": 1541089742, "highway": "footway", "name": "", "surface": "paving_stones", "foot": ""}}, {"type": "Feature", "geometry": {"type": "LineString", "coordinates": [[10.0139414, 53.58621], [10.0139132, 53.5861978]]}, "properties": {"id": 1544854480, "highway": "footway", "name": "", "surface": "", "foot": ""}}, {"type": "Feature", "geometry": {"type": "LineString", "coordinates": [[10.0212077, 53.5753444], [10.0210203, 53.5753024]]}, "properties": {"id": 1545265713, "highway": "path", "name": "", "surface": "asphalt", "foot": "designated"}}, {"type": "Feature", "geometry": {"type": "LineString", "coordinates": [[10.0212791, 53.5750709], [10.0214325, 53.5751316]]}, "properties": {"id": 1545265714, "highway": "path", "name": "", "surface": "asphalt", "foot": "designated"}}, {"type": "Feature", "geometry": {"type": "LineString", "coordinates": [[10.035559, 53.5755041], [10.0355503, 53.5754814], [10.0355849, 53.5754892]]}, "properties": {"id": 1548131868, "highway": "footway", "name": "", "surface": "asphalt", "foot": "yes"}}, {"type": "Feature", "geometry": {"type": "LineString", "coordinates": [[10.0360684, 53.5751072], [10.0360351, 53.5750875], [10.0354692, 53.5754337]]}, "properties": {"id": 1548131869, "highway": "footway", "name": "", "surface": "asphalt", "foot": "yes"}}, {"type": "Feature", "geometry": {"type": "LineString", "coordinates": [[10.0357257, 53.575605], [10.0357589, 53.5756051], [10.035753, 53.5755868]]}, "properties": {"id": 1548131870, "highway": "footway", "name": "", "surface": "paving_stones", "foot": ""}}, {"type": "Feature", "geometry": {"type": "LineString", "coordinates": [[10.0357262, 53.5756305], [10.0354164, 53.5757403]]}, "properties": {"id": 1548131871, "highway": "path", "name": "", "surface": "unpaved", "foot": ""}}, {"type": "Feature", "geometry": {"type": "LineString", "coordinates": [[10.0351033, 53.5756329], [10.035263, 53.5753664]]}, "properties": {"id": 1548131872, "highway": "path", "name": "", "surface": "", "foot": ""}}, {"type": "Feature", "geometry": {"type": "LineString", "coordinates": [[10.0355562, 53.5758765], [10.0355171, 53.5758156], [10.0354632, 53.5757676], [10.0354164, 53.5757403], [10.0352731, 53.5756568], [10.0351889, 53.5756382], [10.0351033, 53.5756329]]}, "properties": {"id": 1548131873, "highway": "footway", "name": "", "surface": "compacted", "foot": "yes"}}, {"type": "Feature", "geometry": {"type": "LineString", "coordinates": [[10.0351033, 53.5756329], [10.0350764, 53.5756527], [10.0349393, 53.5757551], [10.034759, 53.5759512]]}, "properties": {"id": 1548131874, "highway": "footway", "name": "", "surface": "compacted", "foot": "yes"}}, {"type": "Feature", "geometry": {"type": "LineString", "coordinates": [[10.0349509, 53.5767106], [10.0348269, 53.5766905], [10.0346647, 53.576667], [10.0345188, 53.5766662], [10.034383, 53.5766738], [10.0342542, 53.5766851], [10.034143, 53.5767054], [10.034048, 53.5767154], [10.0338296, 53.576658]]}, "properties": {"id": 1548131875, "highway": "footway", "name": "", "surface": "compacted", "foot": "yes"}}, {"type": "Feature", "geometry": {"type": "LineString", "coordinates": [[10.0350996, 53.5767411], [10.0353245, 53.5767971]]}, "properties": {"id": 1548131876, "highway": "footway", "name": "", "surface": "compacted", "foot": "yes"}}, {"type": "Feature", "geometry": {"type": "LineString", "coordinates": [[10.033823, 53.5774793], [10.0337608, 53.5774044], [10.0336799, 53.5772422]]}, "properties": {"id": 1548131877, "highway": "path", "name": "", "surface": "compacted", "foot": "yes"}}, {"type": "Feature", "geometry": {"type": "LineString", "coordinates": [[10.0339968, 53.5780593], [10.0340241, 53.5780632], [10.0341031, 53.5780743], [10.034191, 53.5780866], [10.0346253, 53.5781477]]}, "properties": {"id": 1548131880, "highway": "footway", "name": "", "surface": "", "foot": ""}}, {"type": "Feature", "geometry": {"type": "LineString", "coordinates": [[10.0340241, 53.5780632], [10.0340111, 53.5780976], [10.0340902, 53.5781081], [10.0341784, 53.5781199], [10.034191, 53.5780866]]}, "properties": {"id": 1548131881, "highway": "footway", "name": "", "surface": "", "foot": ""}}, {"type": "Feature", "geometry": {"type": "LineString", "coordinates": [[10.0341031, 53.5780743], [10.0340902, 53.5781081]]}, "properties": {"id": 1548131882, "highway": "footway", "name": "", "surface": "", "foot": ""}}, {"type": "Feature", "geometry": {"type": "LineString", "coordinates": [[10.0331359, 53.5777404], [10.0333186, 53.5777743]]}, "properties": {"id": 1548131883, "highway": "footway", "name": "", "surface": "compacted", "foot": "yes"}}, {"type": "Feature", "geometry": {"type": "LineString", "coordinates": [[10.033333, 53.577755], [10.0333186, 53.5777743], [10.0332879, 53.5778152], [10.0331257, 53.5781144], [10.0331135, 53.5781666], [10.033108, 53.5782306], [10.0331332, 53.5787104]]}, "properties": {"id": 1548131885, "highway": "footway", "name": "", "surface": "compacted", "foot": "yes"}}, {"type": "Feature", "geometry": {"type": "LineString", "coordinates": [[10.0340296, 53.5799593], [10.0339664, 53.5799517], [10.0338782, 53.579941]]}, "properties": {"id": 1548131887, "highway": "path", "name": "", "surface": "asphalt", "foot": "designated"}}, {"type": "Feature", "geometry": {"type": "LineString", "coordinates": [[10.0341856, 53.5798876], [10.0341969, 53.5798396], [10.0340622, 53.5797988]]}, "properties": {"id": 1548131888, "highway": "path", "name": "", "surface": "unpaved", "foot": "designated"}}, {"type": "Feature", "geometry": {"type": "LineString", "coordinates": [[10.0340622, 53.5797988], [10.0339915, 53.5797912], [10.0339038, 53.5797818]]}, "properties": {"id": 1548131889, "highway": "path", "name": "", "surface": "asphalt", "foot": "designated"}}, {"type": "Feature", "geometry": {"type": "LineString", "coordinates": [[10.0341617, 53.5799756], [10.0340296, 53.5799593]]}, "properties": {"id": 1548131890, "highway": "path", "name": "", "surface": "paving_stones", "foot": "designated"}}, {"type": "Feature", "geometry": {"type": "LineString", "coordinates": [[10.0341699, 53.5799479], [10.0341771, 53.5799201], [10.0341856, 53.5798876]]}, "properties": {"id": 1548131891, "highway": "path", "name": "", "surface": "asphalt", "foot": "designated"}}, {"type": "Feature", "geometry": {"type": "LineString", "coordinates": [[10.0341617, 53.5799756], [10.0341699, 53.5799479]]}, "properties": {"id": 1548131892, "highway": "path", "name": "", "surface": "paving_stones", "foot": "designated"}}, {"type": "Feature", "geometry": {"type": "LineString", "coordinates": [[10.0338782, 53.579941], [10.033818, 53.5799256], [10.0334642, 53.5798989], [10.0333112, 53.5798914], [10.0328227, 53.5799059], [10.0325271, 53.5799206], [10.0324431, 53.5799239]]}, "properties": {"id": 1548131893, "highway": "path", "name": "", "surface": "", "foot": "designated"}}, {"type": "Feature", "geometry": {"type": "LineString", "coordinates": [[10.0324468, 53.5798423], [10.0324455, 53.5798604], [10.0324426, 53.5799038]]}, "properties": {"id": 1548131894, "highway": "path", "name": "", "surface": "asphalt", "foot": "designated"}}, {"type": "Feature", "geometry": {"type": "LineString", "coordinates": [[10.032448, 53.5798241], [10.0324468, 53.5798423]]}, "properties": {"id": 1548131895, "highway": "path", "name": "", "surface": "paving_stones", "foot": "designated"}}, {"type": "Feature", "geometry": {"type": "LineString", "coordinates": [[10.0323263, 53.5799978], [10.0322717, 53.5800017], [10.032221, 53.5800054]]}, "properties": {"id": 1548131896, "highway": "path", "name": "", "surface": "asphalt", "foot": "designated"}}, {"type": "Feature", "geometry": {"type": "LineString", "coordinates": [[10.032221, 53.5800054], [10.0321884, 53.5800077]]}, "properties": {"id": 1548131897, "highway": "path", "name": "", "surface": "paving_stones", "foot": "designated"}}, {"type": "Feature", "geometry": {"type": "LineString", "coordinates": [[10.0320824, 53.5794604], [10.0321435, 53.5794723], [10.0321926, 53.579482]]}, "properties": {"id": 1548131898, "highway": "path", "name": "", "surface": "asphalt", "foot": "designated"}}, {"type": "Feature", "geometry": {"type": "LineString", "coordinates": [[10.0321926, 53.579482], [10.0322221, 53.5794877]]}, "properties": {"id": 1548131899, "highway": "path", "name": "", "surface": "paving_stones", "foot": "designated"}}, {"type": "Feature", "geometry": {"type": "LineString", "coordinates": [[10.0318963, 53.5796538], [10.0319157, 53.5795993], [10.0319421, 53.5795252]]}, "properties": {"id": 1548131900, "highway": "path", "name": "", "surface": "asphalt", "foot": "designated"}}, {"type": "Feature", "geometry": {"type": "LineString", "coordinates": [[10.0318817, 53.579956], [10.0318752, 53.5798955], [10.031869, 53.5798377]]}, "properties": {"id": 1548131901, "highway": "path", "name": "", "surface": "asphalt", "foot": "designated"}}, {"type": "Feature", "geometry": {"type": "LineString", "coordinates": [[10.0332409, 53.5797374], [10.0334796, 53.5797533], [10.0339038, 53.5797818]]}, "properties": {"id": 1548131902, "highway": "path", "name": "", "surface": "paving_stones", "foot": "designated"}}, {"type": "Feature", "geometry": {"type": "LineString", "coordinates": [[10.0324657, 53.5796605], [10.0326516, 53.5796913], [10.032873, 53.5797104], [10.0330232, 53.5797162], [10.0331458, 53.5797192], [10.0332409, 53.5797374]]}, "properties": {"id": 1548131903, "highway": "footway", "name": "", "surface": "", "foot": ""}}, {"type": "Feature", "geometry": {"type": "LineString", "coordinates": [[10.0336753, 53.5824048], [10.0337224, 53.5824107], [10.0337614, 53.5824162]]}, "properties": {"id": 1548143269, "highway": "footway", "name": "", "surface": "paving_stones", "foot": "yes"}}, {"type": "Feature", "geometry": {"type": "LineString", "coordinates": [[10.0334485, 53.58257], [10.0334672, 53.5826048], [10.0334808, 53.5826301]]}, "properties": {"id": 1548143270, "highway": "path", "name": "", "surface": "asphalt", "foot": "designated"}}, {"type": "Feature", "geometry": {"type": "LineString", "coordinates": [[10.0330286, 53.5827503], [10.0330054, 53.582696], [10.0329785, 53.5826331]]}, "properties": {"id": 1548143271, "highway": "path", "name": "", "surface": "asphalt", "foot": "designated"}}, {"type": "Feature", "geometry": {"type": "LineString", "coordinates": [[10.0329785, 53.5826331], [10.0329659, 53.5826037], [10.0329853, 53.5825523], [10.0330228, 53.582544]]}, "properties": {"id": 1548143272, "highway": "path", "name": "", "surface": "paving_stones", "foot": "designated"}}, {"type": "Feature", "geometry": {"type": "LineString", "coordinates": [[10.0330419, 53.5827814], [10.0330286, 53.5827503]]}, "properties": {"id": 1548143273, "highway": "path", "name": "", "surface": "paving_stones", "foot": "designated"}}, {"type": "Feature", "geometry": {"type": "LineString", "coordinates": [[10.0331528, 53.5825153], [10.0332057, 53.5825036], [10.0332692, 53.5824896]]}, "properties": {"id": 1548143274, "highway": "path", "name": "", "surface": "asphalt", "foot": "designated"}}, {"type": "Feature", "geometry": {"type": "LineString", "coordinates": [[10.0331168, 53.5825232], [10.0331528, 53.5825153]]}, "properties": {"id": 1548143275, "highway": "path", "name": "", "surface": "paving_stones", "foot": "designated"}}, {"type": "Feature", "geometry": {"type": "LineString", "coordinates": [[10.0334903, 53.5826478], [10.0335031, 53.5826716], [10.0335216, 53.5827061]]}, "properties": {"id": 1548143285, "highway": "path", "name": "", "surface": "asphalt", "foot": "designated"}}, {"type": "Feature", "geometry": {"type": "LineString", "coordinates": [[10.0334808, 53.5826301], [10.0334903, 53.5826478]]}, "properties": {"id": 1548143286, "highway": "path", "name": "", "surface": "paving_stones", "foot": "designated"}}, {"type": "Feature", "geometry": {"type": "LineString", "coordinates": [[10.0063574, 53.5858327], [10.0064218, 53.5858322], [10.0067954, 53.5857609]]}, "properties": {"id": 1550926911, "highway": "path", "name": "", "surface": "paving_stones", "foot": "designated"}}, {"type": "Feature", "geometry": {"type": "LineString", "coordinates": [[10.0067954, 53.5857609], [10.0070713, 53.5857041], [10.0074396, 53.5856357], [10.0075876, 53.5856098], [10.0078328, 53.5855818], [10.0082248, 53.5855731], [10.0083788, 53.585553], [10.008522, 53.5855025], [10.0088107, 53.5852884], [10.0089636, 53.5851817], [10.0090373, 53.5851266], [10.0091675, 53.5850377], [10.0094984, 53.5847999], [10.0095568, 53.5847578], [10.0096134, 53.5847192]]}, "properties": {"id": 1550926913, "highway": "footway", "name": "", "surface": "paving_stones", "foot": ""}}, {"type": "Feature", "geometry": {"type": "LineString", "coordinates": [[10.0096167, 53.5848491], [10.0095671, 53.5848284], [10.0095263, 53.5848115]]}, "properties": {"id": 1550926914, "highway": "footway", "name": "", "surface": "compacted", "foot": ""}}, {"type": "Feature", "geometry": {"type": "LineString", "coordinates": [[10.0095263, 53.5848115], [10.0094984, 53.5847999]]}, "properties": {"id": 1550926915, "highway": "footway", "name": "", "surface": "paving_stones", "foot": ""}}, {"type": "Feature", "geometry": {"type": "LineString", "coordinates": [[10.009667, 53.58487], [10.0096167, 53.5848491]]}, "properties": {"id": 1550926916, "highway": "footway", "name": "", "surface": "paving_stones", "foot": ""}}, {"type": "Feature", "geometry": {"type": "LineString", "coordinates": [[10.0096134, 53.5847192], [10.0098866, 53.584517]]}, "properties": {"id": 1550926917, "highway": "footway", "name": "", "surface": "paving_stones", "foot": ""}}, {"type": "Feature", "geometry": {"type": "LineString", "coordinates": [[10.0100473, 53.5845808], [10.0097465, 53.5848098]]}, "properties": {"id": 1550926918, "highway": "footway", "name": "", "surface": "paving_stones", "foot": ""}}, {"type": "Feature", "geometry": {"type": "LineString", "coordinates": [[10.0098866, 53.584517], [10.0099039, 53.5844677], [10.0099017, 53.5844013], [10.0098522, 53.5843028], [10.0096433, 53.5839179], [10.0096227, 53.5838794], [10.009571, 53.5837742], [10.009556, 53.5837463], [10.009545, 53.5836889], [10.0095767, 53.5835553], [10.0097227, 53.5833863], [10.0097614, 53.5833431], [10.0100509, 53.5830199]]}, "properties": {"id": 1550926920, "highway": "footway", "name": "", "surface": "paving_stones", "foot": ""}}, {"type": "Feature", "geometry": {"type": "LineString", "coordinates": [[10.0103155, 53.5844985], [10.0102063, 53.5845002], [10.010149, 53.5845148], [10.0100473, 53.5845808]]}, "properties": {"id": 1550926921, "highway": "footway", "name": "", "surface": "paving_stones", "foot": ""}}, {"type": "Feature", "geometry": {"type": "LineString", "coordinates": [[10.0101998, 53.5844046], [10.010202, 53.5844377], [10.0102041, 53.5844679]]}, "properties": {"id": 1550926922, "highway": "footway", "name": "", "surface": "asphalt", "foot": ""}}, {"type": "Feature", "geometry": {"type": "LineString", "coordinates": [[10.0102041, 53.5844679], [10.0102063, 53.5845002]]}, "properties": {"id": 1550926923, "highway": "footway", "name": "", "surface": "paving_stones", "foot": ""}}, {"type": "Feature", "geometry": {"type": "LineString", "coordinates": [[10.0104288, 53.5844875], [10.0103784, 53.5844924], [10.0103155, 53.5844985]]}, "properties": {"id": 1550926924, "highway": "footway", "name": "", "surface": "sett", "foot": ""}}, {"type": "Feature", "geometry": {"type": "LineString", "coordinates": [[10.0043711, 53.5885752], [10.0043505, 53.5886017], [10.0042652, 53.5886156], [10.0042222, 53.5885968]]}, "properties": {"id": 1550936294, "highway": "path", "name": "", "surface": "paving_stones", "foot": "designated"}}, {"type": "Feature", "geometry": {"type": "LineString", "coordinates": [[10.0042222, 53.5885968], [10.004166, 53.5885716], [10.0040975, 53.5885426]]}, "properties": {"id": 1550936295, "highway": "footway", "name": "", "surface": "asphalt", "foot": ""}}, {"type": "Feature", "geometry": {"type": "LineString", "coordinates": [[10.0040975, 53.5885426], [10.0040586, 53.5885251], [10.0040722, 53.5884454], [10.0040675, 53.5883875], [10.0040292, 53.5883266], [10.0040515, 53.5883094]]}, "properties": {"id": 1550936296, "highway": "path", "name": "", "surface": "", "foot": "designated"}}, {"type": "Feature", "geometry": {"type": "LineString", "coordinates": [[10.0048773, 53.5876678], [10.0048587, 53.5876911], [10.0048425, 53.5877116]]}, "properties": {"id": 1550936298, "highway": "footway", "name": "", "surface": "", "foot": ""}}, {"type": "Feature", "geometry": {"type": "LineString", "coordinates": [[10.0048425, 53.5877116], [10.0044667, 53.5882546]]}, "properties": {"id": 1550936299, "highway": "footway", "name": "", "surface": "", "foot": "designated"}}, {"type": "Feature", "geometry": {"type": "LineString", "coordinates": [[10.0044394, 53.5882486], [10.0044667, 53.5882546], [10.0043983, 53.5883497], [10.004395, 53.588399], [10.0044641, 53.5884575], [10.004682, 53.5886421]]}, "properties": {"id": 1550936300, "highway": "path", "name": "", "surface": "paving_stones", "foot": "designated"}}, {"type": "Feature", "geometry": {"type": "LineString", "coordinates": [[10.0097618, 53.583399], [10.0098267, 53.58342], [10.0098897, 53.5834404]]}, "properties": {"id": 1551512831, "highway": "footway", "name": "", "surface": "asphalt", "foot": ""}}, {"type": "Feature", "geometry": {"type": "LineString", "coordinates": [[10.0097227, 53.5833863], [10.0097618, 53.583399]]}, "properties": {"id": 1551512832, "highway": "footway", "name": "", "surface": "paving_stones", "foot": ""}}, {"type": "Feature", "geometry": {"type": "LineString", "coordinates": [[10.0098897, 53.5834404], [10.0099207, 53.5834504]]}, "properties": {"id": 1551512833, "highway": "footway", "name": "", "surface": "paving_stones", "foot": ""}}, {"type": "Feature", "geometry": {"type": "LineString", "coordinates": [[10.0099207, 53.5834504], [10.0099176, 53.5834906], [10.00994, 53.5835448]]}, "properties": {"id": 1551512834, "highway": "footway", "name": "", "surface": "paving_stones", "foot": ""}}, {"type": "Feature", "geometry": {"type": "LineString", "coordinates": [[10.0099264, 53.5835635], [10.009901, 53.5835983], [10.0098773, 53.5836308]]}, "properties": {"id": 1551512835, "highway": "footway", "name": "", "surface": "asphalt", "foot": ""}}, {"type": "Feature", "geometry": {"type": "LineString", "coordinates": [[10.0102263, 53.5843832], [10.0101998, 53.5844046]]}, "properties": {"id": 1551512836, "highway": "footway", "name": "", "surface": "paving_stones", "foot": ""}}, {"type": "Feature", "geometry": {"type": "LineString", "coordinates": [[10.00994, 53.5835448], [10.0099264, 53.5835635]]}, "properties": {"id": 1551512837, "highway": "footway", "name": "", "surface": "paving_stones", "foot": ""}}, {"type": "Feature", "geometry": {"type": "LineString", "coordinates": [[10.0107442, 53.583845], [10.0107867, 53.5838609], [10.0114695, 53.584116], [10.0115827, 53.5841583]]}, "properties": {"id": 1551512839, "highway": "footway", "name": "", "surface": "paving_stones", "foot": ""}}, {"type": "Feature", "geometry": {"type": "LineString", "coordinates": [[10.0114024, 53.5843821], [10.0113625, 53.5843865], [10.0108892, 53.5844389], [10.0104288, 53.5844875]]}, "properties": {"id": 1551512840, "highway": "footway", "name": "", "surface": "paving_stones", "foot": ""}}, {"type": "Feature", "geometry": {"type": "LineString", "coordinates": [[10.0117693, 53.5842741], [10.0117477, 53.5842964], [10.0117189, 53.5843268]]}, "properties": {"id": 1551512841, "highway": "footway", "name": "", "surface": "asphalt", "foot": ""}}, {"type": "Feature", "geometry": {"type": "LineString", "coordinates": [[10.0116767, 53.5841944], [10.0117992, 53.5842432], [10.0117693, 53.5842741]]}, "properties": {"id": 1551512842, "highway": "footway", "name": "", "surface": "paving_stones", "foot": ""}}, {"type": "Feature", "geometry": {"type": "LineString", "coordinates": [[10.0115827, 53.5841583], [10.011638, 53.584179], [10.0116767, 53.5841944]]}, "properties": {"id": 1551512843, "highway": "footway", "name": "", "surface": "sett", "foot": ""}}, {"type": "Feature", "geometry": {"type": "LineString", "coordinates": [[10.0098773, 53.5836308], [10.0098455, 53.5836743]]}, "properties": {"id": 1551512845, "highway": "footway", "name": "", "surface": "paving_stones", "foot": ""}}, {"type": "Feature", "geometry": {"type": "LineString", "coordinates": [[10.0113532, 53.5842337], [10.011396, 53.5841903]]}, "properties": {"id": 1551512846, "highway": "footway", "name": "", "surface": "paving_stones", "foot": ""}}, {"type": "Feature", "geometry": {"type": "LineString", "coordinates": [[10.0112846, 53.5843479], [10.0112305, 53.5843211], [10.0112221, 53.5842955]]}, "properties": {"id": 1551512847, "highway": "footway", "name": "", "surface": "asphalt", "foot": ""}}, {"type": "Feature", "geometry": {"type": "LineString", "coordinates": [[10.0113625, 53.5843865], [10.0112846, 53.5843479]]}, "properties": {"id": 1551512848, "highway": "footway", "name": "", "surface": "paved", "foot": ""}}, {"type": "Feature", "geometry": {"type": "LineString", "coordinates": [[10.0112221, 53.5842955], [10.0112075, 53.5842511]]}, "properties": {"id": 1551512849, "highway": "footway", "name": "", "surface": "paving_stones", "foot": ""}}, {"type": "Feature", "geometry": {"type": "LineString", "coordinates": [[10.0117189, 53.5843268], [10.011681, 53.5843668], [10.0115629, 53.5843872], [10.0115026, 53.5843825]]}, "properties": {"id": 1551512850, "highway": "footway", "name": "", "surface": "paving_stones", "foot": ""}}, {"type": "Feature", "geometry": {"type": "LineString", "coordinates": [[10.0115026, 53.5843825], [10.0114422, 53.5843777], [10.0114024, 53.5843821]]}, "properties": {"id": 1551512851, "highway": "footway", "name": "", "surface": "asphalt", "foot": ""}}, {"type": "Feature", "geometry": {"type": "LineString", "coordinates": [[10.011396, 53.5841903], [10.0114228, 53.5841633], [10.0114489, 53.5841369]]}, "properties": {"id": 1551512852, "highway": "footway", "name": "", "surface": "asphalt", "foot": ""}}, {"type": "Feature", "geometry": {"type": "LineString", "coordinates": [[10.0114489, 53.5841369], [10.0114695, 53.584116]]}, "properties": {"id": 1551512853, "highway": "footway", "name": "", "surface": "paving_stones", "foot": ""}}, {"type": "Feature", "geometry": {"type": "LineString", "coordinates": [[10.00994, 53.5835448], [10.0106704, 53.5838174]]}, "properties": {"id": 1551512854, "highway": "footway", "name": "", "surface": "paving_stones", "foot": ""}}, {"type": "Feature", "geometry": {"type": "LineString", "coordinates": [[10.0106704, 53.5838174], [10.0107017, 53.5838291], [10.0107442, 53.583845]]}, "properties": {"id": 1551512855, "highway": "footway", "name": "", "surface": "asphalt", "foot": ""}}, {"type": "Feature", "geometry": {"type": "LineString", "coordinates": [[10.0040292, 53.5883266], [10.0038084, 53.5881477], [10.0028109, 53.5873395]]}, "properties": {"id": 1551699730, "highway": "path", "name": "", "surface": "", "foot": "designated"}}, {"type": "Feature", "geometry": {"type": "LineString", "coordinates": [[10.0101069, 53.5829574], [10.0102803, 53.5827651], [10.0104414, 53.5825863], [10.0106127, 53.5823963], [10.0108017, 53.5821875], [10.0109739, 53.5819895]]}, "properties": {"id": 1551709310, "highway": "footway", "name": "", "surface": "paving_stones", "foot": ""}}, {"type": "Feature", "geometry": {"type": "LineString", "coordinates": [[10.0100509, 53.5830199], [10.0100743, 53.5829932], [10.0101069, 53.5829574]]}, "properties": {"id": 1551709311, "highway": "footway", "name": "", "surface": "sett", "foot": ""}}, {"type": "Feature", "geometry": {"type": "LineString", "coordinates": [[10.011361, 53.5818114], [10.0114009, 53.5818266], [10.0114054, 53.5818706], [10.0113844, 53.5818932]]}, "properties": {"id": 1551709320, "highway": "footway", "name": "", "surface": "paving_stones", "foot": ""}}, {"type": "Feature", "geometry": {"type": "LineString", "coordinates": [[10.0106917, 53.5825979], [10.0099207, 53.5834504]]}, "properties": {"id": 1551709321, "highway": "footway", "name": "", "surface": "paving_stones", "foot": ""}}, {"type": "Feature", "geometry": {"type": "LineString", "coordinates": [[10.0110119, 53.5820009], [10.0109739, 53.5819895], [10.010981, 53.58196], [10.0109657, 53.5819152], [10.0109335, 53.5818858], [10.0109466, 53.581868]]}, "properties": {"id": 1551709322, "highway": "footway", "name": "", "surface": "paving_stones", "foot": ""}}, {"type": "Feature", "geometry": {"type": "LineString", "coordinates": [[10.0111491, 53.5820419], [10.0110832, 53.5820222], [10.0110119, 53.5820009]]}, "properties": {"id": 1551709323, "highway": "footway", "name": "", "surface": "asphalt", "foot": ""}}, {"type": "Feature", "geometry": {"type": "LineString", "coordinates": [[10.0113199, 53.5819689], [10.0112976, 53.5819952], [10.0112306, 53.5820032], [10.011185, 53.5820526], [10.0111491, 53.5820419]]}, "properties": {"id": 1551709324, "highway": "footway", "name": "", "surface": "paving_stones", "foot": ""}}, {"type": "Feature", "geometry": {"type": "LineString", "coordinates": [[10.0113844, 53.5818932], [10.0113422, 53.5819427], [10.0113199, 53.5819689]]}, "properties": {"id": 1551709325, "highway": "footway", "name": "", "surface": "asphalt", "foot": ""}}, {"type": "Feature", "geometry": {"type": "LineString", "coordinates": [[10.0112091, 53.5817539], [10.0112967, 53.5817871], [10.011361, 53.5818114]]}, "properties": {"id": 1551709326, "highway": "footway", "name": "", "surface": "asphalt", "foot": ""}}, {"type": "Feature", "geometry": {"type": "LineString", "coordinates": [[10.0110126, 53.5817781], [10.0110206, 53.5817673], [10.0111151, 53.5817681], [10.0111931, 53.5817478], [10.0112091, 53.5817539]]}, "properties": {"id": 1551709327, "highway": "footway", "name": "", "surface": "paving_stones", "foot": ""}}, {"type": "Feature", "geometry": {"type": "LineString", "coordinates": [[10.0109466, 53.581868], [10.0109713, 53.5818343], [10.0110126, 53.5817781]]}, "properties": {"id": 1551709328, "highway": "footway", "name": "", "surface": "asphalt", "foot": ""}}, {"type": "Feature", "geometry": {"type": "LineString", "coordinates": [[10.011185, 53.5820526], [10.0107762, 53.5825045]]}, "properties": {"id": 1551713638, "highway": "footway", "name": "", "surface": "paving_stones", "foot": ""}}, {"type": "Feature", "geometry": {"type": "LineString", "coordinates": [[10.0107762, 53.5825045], [10.0107278, 53.582558], [10.0106917, 53.5825979]]}, "properties": {"id": 1551713639, "highway": "footway", "name": "", "surface": "asphalt", "foot": ""}}, {"type": "Feature", "geometry": {"type": "LineString", "coordinates": [[10.0109335, 53.5818858], [10.0103567, 53.5817221]]}, "properties": {"id": 1551713640, "highway": "footway", "name": "", "surface": "paving_stones", "foot": ""}}, {"type": "Feature", "geometry": {"type": "LineString", "coordinates": [[10.0094462, 53.5813214], [10.0094946, 53.5813338], [10.0094876, 53.5813523], [10.0095027, 53.5813707], [10.0095235, 53.5813764], [10.0095083, 53.5813975]]}, "properties": {"id": 1551713641, "highway": "footway", "name": "", "surface": "paving_stones", "foot": ""}}, {"type": "Feature", "geometry": {"type": "LineString", "coordinates": [[10.0103567, 53.5817221], [10.0102098, 53.5816804]]}, "properties": {"id": 1551713642, "highway": "footway", "name": "", "surface": "asphalt", "foot": ""}}, {"type": "Feature", "geometry": {"type": "LineString", "coordinates": [[10.0102098, 53.5816804], [10.0101333, 53.5816793], [10.0097019, 53.5815618], [10.0094415, 53.581491]]}, "properties": {"id": 1551713643, "highway": "footway", "name": "", "surface": "paving_stones", "foot": ""}}, {"type": "Feature", "geometry": {"type": "LineString", "coordinates": [[10.0094556, 53.5814713], [10.0094415, 53.581491], [10.0093918, 53.5814982], [10.0093388, 53.5815045], [10.0093082, 53.5814959]]}, "properties": {"id": 1551713644, "highway": "footway", "name": "", "surface": "paving_stones", "foot": ""}}, {"type": "Feature", "geometry": {"type": "LineString", "coordinates": [[10.0095083, 53.5813975], [10.0094845, 53.5814309], [10.0094556, 53.5814713]]}, "properties": {"id": 1551713645, "highway": "footway", "name": "", "surface": "asphalt", "foot": ""}}, {"type": "Feature", "geometry": {"type": "LineString", "coordinates": [[10.0091722, 53.5814578], [10.0091523, 53.5814523], [10.0091656, 53.5814293], [10.0091542, 53.5814093], [10.0091268, 53.5813954], [10.0091352, 53.5813838]]}, "properties": {"id": 1551713646, "highway": "footway", "name": "", "surface": "paving_stones", "foot": ""}}, {"type": "Feature", "geometry": {"type": "LineString", "coordinates": [[10.0091799, 53.5813222], [10.0092016, 53.581295], [10.0092364, 53.5813002], [10.0092734, 53.5812971], [10.0092973, 53.5812823], [10.0093606, 53.5812992]]}, "properties": {"id": 1551713647, "highway": "footway", "name": "", "surface": "paving_stones", "foot": ""}}, {"type": "Feature", "geometry": {"type": "LineString", "coordinates": [[10.0093606, 53.5812992], [10.0093914, 53.5813074], [10.0094462, 53.5813214]]}, "properties": {"id": 1551713648, "highway": "footway", "name": "", "surface": "asphalt", "foot": ""}}, {"type": "Feature", "geometry": {"type": "LineString", "coordinates": [[10.0093082, 53.5814959], [10.0092399, 53.5814768], [10.0091722, 53.5814578]]}, "properties": {"id": 1551713649, "highway": "footway", "name": "", "surface": "asphalt", "foot": ""}}, {"type": "Feature", "geometry": {"type": "LineString", "coordinates": [[10.0091352, 53.5813838], [10.0091617, 53.5813473], [10.0091799, 53.5813222]]}, "properties": {"id": 1551713650, "highway": "footway", "name": "", "surface": "asphalt", "foot": ""}}, {"type": "Feature", "geometry": {"type": "LineString", "coordinates": [[10.0095235, 53.5813764], [10.010294, 53.5815776]]}, "properties": {"id": 1551713651, "highway": "footway", "name": "", "surface": "paving_stones", "foot": ""}}, {"type": "Feature", "geometry": {"type": "LineString", "coordinates": [[10.0104431, 53.5816165], [10.0110206, 53.5817673]]}, "properties": {"id": 1551713652, "highway": "footway", "name": "", "surface": "paving_stones", "foot": ""}}, {"type": "Feature", "geometry": {"type": "LineString", "coordinates": [[10.010294, 53.5815776], [10.0104431, 53.5816165]]}, "properties": {"id": 1551713653, "highway": "footway", "name": "", "surface": "asphalt", "foot": ""}}, {"type": "Feature", "geometry": {"type": "LineString", "coordinates": [[10.0030574, 53.5807159], [10.0030539, 53.5806985]]}, "properties": {"id": 1551716473, "highway": "footway", "name": "", "surface": "paving_stones", "foot": ""}}, {"type": "Feature", "geometry": {"type": "LineString", "coordinates": [[10.0031459, 53.5806625], [10.0031844, 53.580657]]}, "properties": {"id": 1551716474, "highway": "footway", "name": "", "surface": "paving_stones", "foot": ""}}, {"type": "Feature", "geometry": {"type": "LineString", "coordinates": [[10.0033354, 53.5806358], [10.0033671, 53.5806314]]}, "properties": {"id": 1551716475, "highway": "footway", "name": "", "surface": "paving_stones", "foot": ""}}, {"type": "Feature", "geometry": {"type": "LineString", "coordinates": [[10.0033867, 53.5807705], [10.0033833, 53.580789]]}, "properties": {"id": 1551716476, "highway": "footway", "name": "", "surface": "paving_stones", "foot": ""}}, {"type": "Feature", "geometry": {"type": "LineString", "coordinates": [[10.0042124, 53.5880902], [10.0042187, 53.5881114]]}, "properties": {"id": 1551716477, "highway": "path", "name": "", "surface": "paving_stones", "foot": "designated"}}, {"type": "Feature", "geometry": {"type": "LineString", "coordinates": [[10.0072541, 53.5808172], [10.0072679, 53.5807972], [10.0073366, 53.5808139], [10.0074187, 53.5807976], [10.0074468, 53.5807633], [10.007489, 53.5807741]]}, "properties": {"id": 1551719103, "highway": "footway", "name": "", "surface": "paving_stones", "foot": ""}}, {"type": "Feature", "geometry": {"type": "LineString", "coordinates": [[10.0076933, 53.5809358], [10.0076709, 53.5809644], [10.0076485, 53.5809929]]}, "properties": {"id": 1551719104, "highway": "footway", "name": "", "surface": "asphalt", "foot": ""}}, {"type": "Feature", "geometry": {"type": "LineString", "coordinates": [[10.007489, 53.5807741], [10.0075465, 53.5807887], [10.0076076, 53.5808043]]}, "properties": {"id": 1551719105, "highway": "footway", "name": "", "surface": "asphalt", "foot": ""}}, {"type": "Feature", "geometry": {"type": "LineString", "coordinates": [[10.0076076, 53.5808043], [10.0076688, 53.5808199], [10.0076539, 53.5808528], [10.0076734, 53.5808923], [10.0077123, 53.5809119], [10.0076933, 53.5809358]]}, "properties": {"id": 1551719106, "highway": "footway", "name": "", "surface": "paving_stones", "foot": ""}}, {"type": "Feature", "geometry": {"type": "LineString", "coordinates": [[10.0076485, 53.5809929], [10.0076329, 53.5810139], [10.0075809, 53.5810009], [10.0074937, 53.5810148], [10.0074701, 53.5810443], [10.0074335, 53.5810351]]}, "properties": {"id": 1551719107, "highway": "footway", "name": "", "surface": "paving_stones", "foot": ""}}, {"type": "Feature", "geometry": {"type": "LineString", "coordinates": [[10.0074335, 53.5810351], [10.0073714, 53.5810194], [10.0073188, 53.5810062]]}, "properties": {"id": 1551719108, "highway": "footway", "name": "", "surface": "asphalt", "foot": ""}}, {"type": "Feature", "geometry": {"type": "LineString", "coordinates": [[10.0073188, 53.5810062], [10.0072772, 53.5809957], [10.0072999, 53.580967], [10.0072765, 53.580921], [10.0071975, 53.5808992], [10.0072086, 53.5808833]]}, "properties": {"id": 1551719109, "highway": "footway", "name": "", "surface": "paving_stones", "foot": ""}}, {"type": "Feature", "geometry": {"type": "LineString", "coordinates": [[10.0072086, 53.5808833], [10.0072317, 53.5808496], [10.0072541, 53.5808172]]}, "properties": {"id": 1551719110, "highway": "footway", "name": "", "surface": "asphalt", "foot": ""}}, {"type": "Feature", "geometry": {"type": "LineString", "coordinates": [[10.0077123, 53.5809119], [10.0083518, 53.5810764], [10.0092016, 53.581295]]}, "properties": {"id": 1551719111, "highway": "footway", "name": "", "surface": "paving_stones", "foot": ""}}, {"type": "Feature", "geometry": {"type": "LineString", "coordinates": [[10.0091268, 53.5813954], [10.0076329, 53.5810139]]}, "properties": {"id": 1551719112, "highway": "footway", "name": "", "surface": "paving_stones", "foot": ""}}, {"type": "Feature", "geometry": {"type": "LineString", "coordinates": [[10.0071975, 53.5808992], [10.0054143, 53.5804359], [10.0052295, 53.5804718]]}, "properties": {"id": 1551719113, "highway": "footway", "name": "", "surface": "paving_stones", "foot": ""}}, {"type": "Feature", "geometry": {"type": "LineString", "coordinates": [[10.0074701, 53.5810443], [10.0063591, 53.5825293], [10.0063095, 53.5825956]]}, "properties": {"id": 1551719114, "highway": "footway", "name": "", "surface": "paving_stones", "foot": ""}}, {"type": "Feature", "geometry": {"type": "LineString", "coordinates": [[10.006307, 53.5825155], [10.0063591, 53.5825293]]}, "properties": {"id": 1551719115, "highway": "footway", "name": "", "surface": "paving_stones", "foot": ""}}, {"type": "Feature", "geometry": {"type": "LineString", "coordinates": [[10.0061494, 53.5824741], [10.0072772, 53.5809957]]}, "properties": {"id": 1551719116, "highway": "footway", "name": "", "surface": "paving_stones", "foot": ""}}, {"type": "Feature", "geometry": {"type": "LineString", "coordinates": [[10.0111931, 53.5817478], [10.0112465, 53.5817109], [10.011489, 53.5814269], [10.0117632, 53.5811059], [10.0117973, 53.5810666], [10.0119153, 53.5809308]]}, "properties": {"id": 1551764675, "highway": "footway", "name": "", "surface": "paving_stones", "foot": ""}}, {"type": "Feature", "geometry": {"type": "LineString", "coordinates": [[10.0121009, 53.5809887], [10.0121318, 53.5809983], [10.0121309, 53.5810173], [10.0121394, 53.581036], [10.0121691, 53.5810499], [10.0121507, 53.5810697]]}, "properties": {"id": 1551764676, "highway": "footway", "name": "", "surface": "paving_stones", "foot": ""}}, {"type": "Feature", "geometry": {"type": "LineString", "coordinates": [[10.011952, 53.5811614], [10.0118739, 53.5811385], [10.0118092, 53.5811195]]}, "properties": {"id": 1551764677, "highway": "footway", "name": "", "surface": "asphalt", "foot": ""}}, {"type": "Feature", "geometry": {"type": "LineString", "coordinates": [[10.0120864, 53.5811393], [10.0120588, 53.5811692], [10.0119978, 53.5811749], [10.011952, 53.5811614]]}, "properties": {"id": 1551764678, "highway": "footway", "name": "", "surface": "paving_stones", "foot": ""}}, {"type": "Feature", "geometry": {"type": "LineString", "coordinates": [[10.0121507, 53.5810697], [10.0121157, 53.5811076], [10.0120864, 53.5811393]]}, "properties": {"id": 1551764679, "highway": "footway", "name": "", "surface": "asphalt", "foot": ""}}, {"type": "Feature", "geometry": {"type": "LineString", "coordinates": [[10.0119521, 53.5809423], [10.0120238, 53.5809646], [10.0121009, 53.5809887]]}, "properties": {"id": 1551764680, "highway": "footway", "name": "", "surface": "asphalt", "foot": ""}}, {"type": "Feature", "geometry": {"type": "LineString", "coordinates": [[10.0119978, 53.5811749], [10.0119408, 53.581215], [10.0114009, 53.5818266]]}, "properties": {"id": 1551764681, "highway": "footway", "name": "", "surface": "paving_stones", "foot": ""}}, {"type": "Feature", "geometry": {"type": "LineString", "coordinates": [[10.0114327, 53.5814094], [10.011489, 53.5814269]]}, "properties": {"id": 1551764682, "highway": "footway", "name": "", "surface": "paving_stones", "foot": ""}}, {"type": "Feature", "geometry": {"type": "LineString", "coordinates": [[10.0118092, 53.5811195], [10.0117632, 53.5811059]]}, "properties": {"id": 1551764683, "highway": "footway", "name": "", "surface": "paving_stones", "foot": ""}}, {"type": "Feature", "geometry": {"type": "LineString", "coordinates": [[10.0119153, 53.5809308], [10.0119521, 53.5809423]]}, "properties": {"id": 1551764684, "highway": "footway", "name": "", "surface": "paving_stones", "foot": ""}}, {"type": "Feature", "geometry": {"type": "LineString", "coordinates": [[10.0121691, 53.5810499], [10.0137285, 53.5815411], [10.0141114, 53.5816617], [10.0144279, 53.5817614], [10.0155403, 53.5821117], [10.0156457, 53.5821442], [10.0160297, 53.5822451], [10.0170967, 53.5825256], [10.0179902, 53.5827604], [10.0189782, 53.5830201], [10.0190194, 53.5830158], [10.0190558, 53.5829972]]}, "properties": {"id": 1551777246, "highway": "footway", "name": "", "surface": "paving_stones", "foot": ""}}, {"type": "Feature", "geometry": {"type": "LineString", "coordinates": [[10.0156107, 53.5821836], [10.0155884, 53.5822087], [10.0155496, 53.5822526]]}, "properties": {"id": 1551777247, "highway": "footway", "name": "", "surface": "asphalt", "foot": ""}}, {"type": "Feature", "geometry": {"type": "LineString", "coordinates": [[10.0156457, 53.5821442], [10.0156107, 53.5821836]]}, "properties": {"id": 1551777248, "highway": "footway", "name": "", "surface": "paving_stones", "foot": ""}}, {"type": "Feature", "geometry": {"type": "LineString", "coordinates": [[10.0155496, 53.5822526], [10.0155306, 53.5822725]]}, "properties": {"id": 1551777249, "highway": "footway", "name": "", "surface": "paving_stones", "foot": ""}}, {"type": "Feature", "geometry": {"type": "LineString", "coordinates": [[10.0137649, 53.5817114], [10.0120588, 53.5811692]]}, "properties": {"id": 1551777250, "highway": "footway", "name": "", "surface": "paving_stones", "foot": ""}}, {"type": "Feature", "geometry": {"type": "LineString", "coordinates": [[10.0140737, 53.5817011], [10.0140461, 53.58173], [10.0140201, 53.5817571]]}, "properties": {"id": 1551777251, "highway": "footway", "name": "", "surface": "asphalt", "foot": ""}}, {"type": "Feature", "geometry": {"type": "LineString", "coordinates": [[10.0140201, 53.5817571], [10.0139942, 53.5817842]]}, "properties": {"id": 1551777252, "highway": "footway", "name": "", "surface": "paving_stones", "foot": ""}}, {"type": "Feature", "geometry": {"type": "LineString", "coordinates": [[10.0141114, 53.5816617], [10.0140737, 53.5817011]]}, "properties": {"id": 1551777253, "highway": "footway", "name": "", "surface": "paving_stones", "foot": ""}}, {"type": "Feature", "geometry": {"type": "LineString", "coordinates": [[10.0153737, 53.5822226], [10.0139942, 53.5817842], [10.0138871, 53.5817502]]}, "properties": {"id": 1551777254, "highway": "footway", "name": "", "surface": "paving_stones", "foot": ""}}, {"type": "Feature", "geometry": {"type": "LineString", "coordinates": [[10.0138871, 53.5817502], [10.0138263, 53.5817309], [10.0137649, 53.5817114]]}, "properties": {"id": 1551777255, "highway": "footway", "name": "", "surface": "sett", "foot": ""}}, {"type": "Feature", "geometry": {"type": "LineString", "coordinates": [[10.0154683, 53.5822527], [10.015423, 53.5822383], [10.0153737, 53.5822226]]}, "properties": {"id": 1551777257, "highway": "footway", "name": "", "surface": "sett", "foot": ""}}, {"type": "Feature", "geometry": {"type": "LineString", "coordinates": [[10.0155306, 53.5822725], [10.0154683, 53.5822527]]}, "properties": {"id": 1551777258, "highway": "footway", "name": "", "surface": "paving_stones", "foot": ""}}, {"type": "Feature", "geometry": {"type": "LineString", "coordinates": [[10.0189815, 53.5832253], [10.0189914, 53.5831949]]}, "properties": {"id": 1551777260, "highway": "footway", "name": "", "surface": "paving_stones", "foot": ""}}, {"type": "Feature", "geometry": {"type": "LineString", "coordinates": [[10.0190771, 53.5829286], [10.0191245, 53.5829343]]}, "properties": {"id": 1551777261, "highway": "path", "name": "", "surface": "asphalt", "foot": "designated"}}, {"type": "Feature", "geometry": {"type": "LineString", "coordinates": [[10.0194372, 53.5818817], [10.0195673, 53.5815629]]}, "properties": {"id": 1551777262, "highway": "path", "name": "", "surface": "paving_stones", "foot": "designated"}}, {"type": "Feature", "geometry": {"type": "LineString", "coordinates": [[10.0192985, 53.582221], [10.0194372, 53.5818817]]}, "properties": {"id": 1551777263, "highway": "path", "name": "", "surface": "", "foot": "designated"}}, {"type": "Feature", "geometry": {"type": "LineString", "coordinates": [[10.0169221, 53.5826207], [10.0168823, 53.5826102], [10.0155306, 53.5822725]]}, "properties": {"id": 1551777264, "highway": "footway", "name": "", "surface": "paving_stones", "foot": ""}}, {"type": "Feature", "geometry": {"type": "LineString", "coordinates": [[10.0189815, 53.5832253], [10.0187816, 53.5831184], [10.018628, 53.5830702], [10.0182008, 53.5829576]]}, "properties": {"id": 1551777265, "highway": "footway", "name": "", "surface": "paving_stones", "foot": ""}}, {"type": "Feature", "geometry": {"type": "LineString", "coordinates": [[10.0182008, 53.5829576], [10.0181466, 53.5829433], [10.0180853, 53.5829272]]}, "properties": {"id": 1551777266, "highway": "footway", "name": "", "surface": "sett", "foot": ""}}, {"type": "Feature", "geometry": {"type": "LineString", "coordinates": [[10.0180853, 53.5829272], [10.0170191, 53.5826463]]}, "properties": {"id": 1551777267, "highway": "footway", "name": "", "surface": "paving_stones", "foot": ""}}, {"type": "Feature", "geometry": {"type": "LineString", "coordinates": [[10.0170191, 53.5826463], [10.0169752, 53.5826347], [10.0169221, 53.5826207]]}, "properties": {"id": 1551777268, "highway": "footway", "name": "", "surface": "sett", "foot": ""}}, {"type": "Feature", "geometry": {"type": "LineString", "coordinates": [[10.0327297, 53.5908225], [10.0326477, 53.5906949], [10.0326697, 53.5906469]]}, "properties": {"id": 1552941839, "highway": "path", "name": "", "surface": "", "foot": "designated"}}, {"type": "Feature", "geometry": {"type": "LineString", "coordinates": [[10.0058345, 53.5903951], [10.0054628, 53.5898087], [10.0052371, 53.5894901], [10.004997, 53.5891955], [10.0047446, 53.5889395], [10.0045872, 53.5887952], [10.0043505, 53.5886017]]}, "properties": {"id": 1554126880, "highway": "footway", "name": "", "surface": "paving_stones", "foot": ""}}, {"type": "Feature", "geometry": {"type": "LineString", "coordinates": [[10.0041542, 53.5887873], [10.0041255, 53.5888316], [10.0039262, 53.5891843], [10.0037655, 53.58944], [10.0036347, 53.5896102], [10.0034834, 53.5897666], [10.003072, 53.5901175], [10.0029193, 53.5902477], [10.0027038, 53.5904315], [10.0026325, 53.5904983], [10.0026057, 53.5905252], [10.0024556, 53.5907288], [10.0024501, 53.590826], [10.0023143, 53.5910899], [10.0023005, 53.5911168], [10.0022109, 53.5913872], [10.0021355, 53.5916245], [10.0020995, 53.5917976], [10.0021042, 53.591949], [10.0022219, 53.5922536], [10.0023202, 53.5923518], [10.0023471, 53.5923993]]}, "properties": {"id": 1554126881, "highway": "footway", "name": "", "surface": "paving_stones", "foot": ""}}, {"type": "Feature", "geometry": {"type": "LineString", "coordinates": [[10.0039878, 53.5885658], [10.0039826, 53.5885246], [10.0039722, 53.5884608], [10.0039486, 53.5883912], [10.0039089, 53.5883225], [10.0038084, 53.5881477]]}, "properties": {"id": 1554126882, "highway": "footway", "name": "", "surface": "paving_stones", "foot": ""}}, {"type": "Feature", "geometry": {"type": "LineString", "coordinates": [[10.0042652, 53.5886156], [10.0041542, 53.5887873]]}, "properties": {"id": 1554126884, "highway": "path", "name": "", "surface": "paving_stones", "foot": "designated"}}, {"type": "Feature", "geometry": {"type": "LineString", "coordinates": [[10.0033841, 53.5895956], [10.0034493, 53.5895288], [10.0035935, 53.5893107], [10.0036748, 53.5891878], [10.0038733, 53.5888463], [10.0039543, 53.588707], [10.0039803, 53.5886096], [10.0039878, 53.5885658], [10.0040586, 53.5885251]]}, "properties": {"id": 1554126885, "highway": "footway", "name": "", "surface": "paving_stones", "foot": ""}}, {"type": "Feature", "geometry": {"type": "LineString", "coordinates": [[10.0033217, 53.5896596], [10.0033582, 53.5896222], [10.0033841, 53.5895956]]}, "properties": {"id": 1554126886, "highway": "footway", "name": "", "surface": "paving_stones", "foot": ""}}, {"type": "Feature", "geometry": {"type": "LineString", "coordinates": [[10.0026705, 53.5902273], [10.0032814, 53.5897008], [10.0033217, 53.5896596]]}, "properties": {"id": 1554126887, "highway": "footway", "name": "", "surface": "paving_stones", "foot": ""}}, {"type": "Feature", "geometry": {"type": "LineString", "coordinates": [[10.0026173, 53.5902699], [10.0026419, 53.5902502], [10.0026705, 53.5902273]]}, "properties": {"id": 1554126888, "highway": "footway", "name": "", "surface": "paving_stones", "foot": ""}}, {"type": "Feature", "geometry": {"type": "LineString", "coordinates": [[10.0026586, 53.5904172], [10.0026134, 53.5904029], [10.0025349, 53.590378]]}, "properties": {"id": 1554126889, "highway": "footway", "name": "", "surface": "asphalt", "foot": ""}}, {"type": "Feature", "geometry": {"type": "LineString", "coordinates": [[10.0025349, 53.590378], [10.002497, 53.590366]]}, "properties": {"id": 1554126890, "highway": "footway", "name": "", "surface": "paving_stones", "foot": ""}}, {"type": "Feature", "geometry": {"type": "LineString", "coordinates": [[10.0027038, 53.5904315], [10.0026586, 53.5904172]]}, "properties": {"id": 1554126891, "highway": "footway", "name": "", "surface": "paving_stones", "foot": ""}}, {"type": "Feature", "geometry": {"type": "LineString", "coordinates": [[10.0020507, 53.5909746], [10.0021686, 53.5907682], [10.0023251, 53.5905487], [10.002497, 53.590366], [10.0026173, 53.5902699]]}, "properties": {"id": 1554126892, "highway": "footway", "name": "", "surface": "paving_stones", "foot": ""}}, {"type": "Feature", "geometry": {"type": "LineString", "coordinates": [[10.0020244, 53.5910326], [10.0020401, 53.590998], [10.0020507, 53.5909746]]}, "properties": {"id": 1554126893, "highway": "footway", "name": "", "surface": "paving_stones", "foot": ""}}, {"type": "Feature", "geometry": {"type": "LineString", "coordinates": [[10.0067106, 53.5917193], [10.0066626, 53.5917308]]}, "properties": {"id": 1554126894, "highway": "path", "name": "", "surface": "paving_stones", "foot": "designated"}}, {"type": "Feature", "geometry": {"type": "LineString", "coordinates": [[10.0069298, 53.5916668], [10.0068878, 53.5916769]]}, "properties": {"id": 1554126895, "highway": "path", "name": "", "surface": "paving_stones", "foot": "designated"}}, {"type": "Feature", "geometry": {"type": "LineString", "coordinates": [[10.006961, 53.5915981], [10.0069768, 53.5916217]]}, "properties": {"id": 1554126896, "highway": "path", "name": "", "surface": "paving_stones", "foot": "designated"}}, {"type": "Feature", "geometry": {"type": "LineString", "coordinates": [[10.0069007, 53.5915078], [10.0069323, 53.5915551], [10.006961, 53.5915981]]}, "properties": {"id": 1554126897, "highway": "path", "name": "", "surface": "asphalt", "foot": "designated"}}, {"type": "Feature", "geometry": {"type": "LineString", "coordinates": [[10.0068891, 53.5914904], [10.0069007, 53.5915078]]}, "properties": {"id": 1554126898, "highway": "path", "name": "", "surface": "paving_stones", "foot": "designated"}}, {"type": "Feature", "geometry": {"type": "LineString", "coordinates": [[10.006829, 53.5914005], [10.0068479, 53.5914288]]}, "properties": {"id": 1554126899, "highway": "path", "name": "", "surface": "paving_stones", "foot": "designated"}}, {"type": "Feature", "geometry": {"type": "LineString", "coordinates": [[10.0067187, 53.5914102], [10.0067543, 53.5914014]]}, "properties": {"id": 1554126900, "highway": "path", "name": "", "surface": "paving_stones", "foot": "designated"}}, {"type": "Feature", "geometry": {"type": "LineString", "coordinates": [[10.0065238, 53.5914571], [10.0065486, 53.5914513]]}, "properties": {"id": 1554126901, "highway": "path", "name": "", "surface": "paving_stones", "foot": "designated"}}, {"type": "Feature", "geometry": {"type": "LineString", "coordinates": [[10.0064391, 53.5915233], [10.0064136, 53.5914869]]}, "properties": {"id": 1554126902, "highway": "path", "name": "", "surface": "paving_stones", "foot": "designated"}}, {"type": "Feature", "geometry": {"type": "LineString", "coordinates": [[10.0064968, 53.5916055], [10.0064646, 53.5915597], [10.0064391, 53.5915233]]}, "properties": {"id": 1554126903, "highway": "path", "name": "", "surface": "asphalt", "foot": "designated"}}, {"type": "Feature", "geometry": {"type": "LineString", "coordinates": [[10.0065129, 53.5916284], [10.0064968, 53.5916055]]}, "properties": {"id": 1554126904, "highway": "path", "name": "", "surface": "paving_stones", "foot": "designated"}}, {"type": "Feature", "geometry": {"type": "LineString", "coordinates": [[10.0065759, 53.5917183], [10.0065566, 53.5916908]]}, "properties": {"id": 1554126905, "highway": "path", "name": "", "surface": "paving_stones", "foot": "designated"}}, {"type": "Feature", "geometry": {"type": "LineString", "coordinates": [[10.0021042, 53.591949], [10.002167, 53.5919447]]}, "properties": {"id": 1554126906, "highway": "footway", "name": "", "surface": "paving_stones", "foot": ""}}, {"type": "Feature", "geometry": {"type": "LineString", "coordinates": [[10.0171753, 53.5850372], [10.0173655, 53.5847548]]}, "properties": {"id": 1554694454, "highway": "footway", "name": "", "surface": "paving_stones", "foot": ""}}, {"type": "Feature", "geometry": {"type": "LineString", "coordinates": [[10.0176424, 53.5851542], [10.0178391, 53.5848697]]}, "properties": {"id": 1554694455, "highway": "footway", "name": "", "surface": "paving_stones", "foot": ""}}, {"type": "Feature", "geometry": {"type": "LineString", "coordinates": [[10.018324, 53.585321], [10.018098, 53.5852657]]}, "properties": {"id": 1554694456, "highway": "footway", "name": "", "surface": "paving_stones", "foot": ""}}, {"type": "Feature", "geometry": {"type": "LineString", "coordinates": [[10.0171047, 53.5850191], [10.0169049, 53.5849722]]}, "properties": {"id": 1554845849, "highway": "footway", "name": "", "surface": "paving_stones", "foot": ""}}, {"type": "Feature", "geometry": {"type": "LineString", "coordinates": [[10.0176011, 53.5851441], [10.0174018, 53.5850952]]}, "properties": {"id": 1554845850, "highway": "footway", "name": "", "surface": "paving_stones", "foot": ""}}, {"type": "Feature", "geometry": {"type": "LineString", "coordinates": [[10.0174018, 53.5850952], [10.0171753, 53.5850372], [10.0171047, 53.5850191]]}, "properties": {"id": 1554845851, "highway": "footway", "name": "", "surface": "paving_stones", "foot": ""}}, {"type": "Feature", "geometry": {"type": "LineString", "coordinates": [[10.0169049, 53.5849722], [10.0167294, 53.5849226], [10.0167582, 53.5848866]]}, "properties": {"id": 1554845852, "highway": "footway", "name": "", "surface": "paving_stones", "foot": ""}}, {"type": "Feature", "geometry": {"type": "LineString", "coordinates": [[10.0178904, 53.5852146], [10.0176424, 53.5851542], [10.0176011, 53.5851441]]}, "properties": {"id": 1554845853, "highway": "footway", "name": "", "surface": "paving_stones", "foot": ""}}, {"type": "Feature", "geometry": {"type": "LineString", "coordinates": [[10.018098, 53.5852657], [10.0178904, 53.5852146]]}, "properties": {"id": 1554845854, "highway": "footway", "name": "", "surface": "paving_stones", "foot": ""}}, {"type": "Feature", "geometry": {"type": "LineString", "coordinates": [[10.0293611, 53.593451], [10.029149, 53.59313]]}, "properties": {"id": 1558581054, "highway": "footway", "name": "", "surface": "compacted", "foot": ""}}, {"type": "Feature", "geometry": {"type": "LineString", "coordinates": [[10.0063761, 53.5860164], [10.0063369, 53.586018]]}, "properties": {"id": 1561933325, "highway": "footway", "name": "", "surface": "paving_stones", "foot": "designated"}}, {"type": "Feature", "geometry": {"type": "LineString", "coordinates": [[10.006829, 53.5914005], [10.0085925, 53.5909925], [10.009456, 53.590797]]}, "properties": {"id": 1562001447, "highway": "path", "name": "", "surface": "paving_stones", "foot": "designated"}}, {"type": "Feature", "geometry": {"type": "LineString", "coordinates": [[10.009456, 53.590797], [10.0095572, 53.5907697], [10.0097488, 53.590718]]}, "properties": {"id": 1562001448, "highway": "path", "name": "", "surface": "asphalt", "foot": "designated"}}, {"type": "Feature", "geometry": {"type": "LineString", "coordinates": [[10.0127639, 53.5899684], [10.0127811, 53.5899632]]}, "properties": {"id": 1562001449, "highway": "path", "name": "", "surface": "paving_stones", "foot": "designated"}}, {"type": "Feature", "geometry": {"type": "LineString", "coordinates": [[10.01123, 53.5906116], [10.010622, 53.5907172], [10.0094559, 53.5909894], [10.0082597, 53.5912686], [10.0080761, 53.5913442], [10.007938, 53.5913862], [10.0074963, 53.5914881], [10.0073523, 53.5915137], [10.007147, 53.5915593], [10.0069768, 53.5916217]]}, "properties": {"id": 1562001450, "highway": "path", "name": "", "surface": "paving_stones", "foot": "designated"}}, {"type": "Feature", "geometry": {"type": "LineString", "coordinates": [[10.0133894, 53.5901035], [10.0133774, 53.5901232]]}, "properties": {"id": 1562001451, "highway": "path", "name": "", "surface": "paving_stones", "foot": "designated"}}, {"type": "Feature", "geometry": {"type": "LineString", "coordinates": [[10.0140383, 53.5897461], [10.0140227, 53.5897318]]}, "properties": {"id": 1562001452, "highway": "path", "name": "", "surface": "paving_stones", "foot": "designated"}}, {"type": "Feature", "geometry": {"type": "LineString", "coordinates": [[10.0408666, 53.5914779], [10.0397127, 53.5914666], [10.0394148, 53.5914596]]}, "properties": {"id": 1562961323, "highway": "footway", "name": "", "surface": "paving_stones", "foot": ""}}, {"type": "Feature", "geometry": {"type": "LineString", "coordinates": [[10.0392848, 53.5914566], [10.0387815, 53.5914575], [10.0387402, 53.5914671], [10.0386796, 53.5914813]]}, "properties": {"id": 1562961324, "highway": "footway", "name": "", "surface": "paving_stones", "foot": ""}}, {"type": "Feature", "geometry": {"type": "LineString", "coordinates": [[10.0394148, 53.5914596], [10.0393498, 53.5914581], [10.0392848, 53.5914566]]}, "properties": {"id": 1562961325, "highway": "footway", "name": "", "surface": "sett", "foot": ""}}, {"type": "Feature", "geometry": {"type": "LineString", "coordinates": [[10.0386796, 53.5914813], [10.038596, 53.5914721]]}, "properties": {"id": 1562961328, "highway": "footway", "name": "", "surface": "", "foot": ""}}, {"type": "Feature", "geometry": {"type": "LineString", "coordinates": [[10.0387537, 53.5912982], [10.0387982, 53.5913057], [10.0388706, 53.5913196], [10.040775, 53.5913385], [10.0409854, 53.5913401], [10.041514, 53.5913455]]}, "properties": {"id": 1562961329, "highway": "footway", "name": "", "surface": "paving_stones", "foot": ""}}, {"type": "Feature", "geometry": {"type": "LineString", "coordinates": [[10.0387929, 53.5913382], [10.0387806, 53.591387], [10.0387712, 53.591424]]}, "properties": {"id": 1562961335, "highway": "footway", "name": "", "surface": "", "foot": ""}}, {"type": "Feature", "geometry": {"type": "LineString", "coordinates": [[10.0387712, 53.591424], [10.0387402, 53.5914671]]}, "properties": {"id": 1562961336, "highway": "footway", "name": "", "surface": "", "foot": ""}}, {"type": "Feature", "geometry": {"type": "LineString", "coordinates": [[10.0387982, 53.5913057], [10.0387929, 53.5913382]]}, "properties": {"id": 1562961337, "highway": "footway", "name": "", "surface": "", "foot": ""}}, {"type": "Feature", "geometry": {"type": "LineString", "coordinates": [[10.0386512, 53.5912981], [10.0387537, 53.5912982]]}, "properties": {"id": 1562961338, "highway": "footway", "name": "", "surface": "", "foot": ""}}, {"type": "Feature", "geometry": {"type": "LineString", "coordinates": [[10.0112912, 53.5755211], [10.0113474, 53.5755352], [10.0114149, 53.5755519]]}, "properties": {"id": 1563103277, "highway": "footway", "name": "", "surface": "asphalt", "foot": ""}}, {"type": "Feature", "geometry": {"type": "LineString", "coordinates": [[10.0100866, 53.5772491], [10.010285, 53.5769584], [10.0103561, 53.5768351], [10.0103738, 53.57673], [10.0110514, 53.5757599], [10.0110926, 53.5757033]]}, "properties": {"id": 1563103278, "highway": "path", "name": "", "surface": "paving_stones", "foot": "designated"}}, {"type": "Feature", "geometry": {"type": "LineString", "coordinates": [[10.0110926, 53.5757033], [10.0109534, 53.5756709], [10.0101714, 53.5756021], [10.0085179, 53.5754586], [10.0083526, 53.575434], [10.0081852, 53.5753917], [10.0080674, 53.5753457], [10.0079423, 53.5752947], [10.0077987, 53.575226], [10.007686, 53.5751573], [10.0075856, 53.5750759], [10.0075, 53.5749928], [10.0074176, 53.5748778]]}, "properties": {"id": 1563103279, "highway": "footway", "name": "", "surface": "paving_stones", "foot": ""}}, {"type": "Feature", "geometry": {"type": "LineString", "coordinates": [[10.0111204, 53.575668], [10.0111597, 53.5756182], [10.0111858, 53.5755846]]}, "properties": {"id": 1563103280, "highway": "footway", "name": "", "surface": "asphalt", "foot": ""}}, {"type": "Feature", "geometry": {"type": "LineString", "coordinates": [[10.0095661, 53.5779956], [10.0098429, 53.5775926]]}, "properties": {"id": 1563103283, "highway": "path", "name": "", "surface": "paving_stones", "foot": "designated"}}, {"type": "Feature", "geometry": {"type": "LineString", "coordinates": [[10.0098429, 53.5775926], [10.0100866, 53.5772491]]}, "properties": {"id": 1563103284, "highway": "path", "name": "", "surface": "paving_stones", "foot": "designated"}}, {"type": "Feature", "geometry": {"type": "LineString", "coordinates": [[10.0031459, 53.5806625], [10.0031523, 53.5805786], [10.0032449, 53.5801616], [10.0033098, 53.579896], [10.0033324, 53.5798039], [10.0033613, 53.5796765]]}, "properties": {"id": 1563103286, "highway": "footway", "name": "", "surface": "compacted", "foot": ""}}, {"type": "Feature", "geometry": {"type": "LineString", "coordinates": [[10.0092594, 53.5782926], [10.0091425, 53.5782435], [10.0082788, 53.5779469], [10.0068021, 53.5774401], [10.0063613, 53.5772912], [10.0061503, 53.5772159], [10.0059544, 53.57716], [10.0057662, 53.5771252], [10.0055231, 53.5771018], [10.0053408, 53.5771039], [10.0052749, 53.5771064], [10.0050367, 53.577129], [10.0048027, 53.5771868], [10.0045708, 53.5772734], [10.004348, 53.5773994], [10.0042043, 53.5775128], [10.0040739, 53.5776496], [10.0039998, 53.5777915], [10.003989, 53.5778414], [10.0039624, 53.5779665], [10.0039188, 53.578143], [10.0039049, 53.578229], [10.0038851, 53.5783069]]}, "properties": {"id": 1563103287, "highway": "footway", "name": "", "surface": "paving_stones", "foot": ""}}, {"type": "Feature", "geometry": {"type": "LineString", "coordinates": [[10.003598, 53.5782072], [10.0036934, 53.578214], [10.0037599, 53.5782187]]}, "properties": {"id": 1563103288, "highway": "footway", "name": "", "surface": "compacted", "foot": ""}}, {"type": "Feature", "geometry": {"type": "LineString", "coordinates": [[10.0037599, 53.5782187], [10.0038044, 53.5782219], [10.0038547, 53.5782254]]}, "properties": {"id": 1563103289, "highway": "footway", "name": "", "surface": "asphalt", "foot": ""}}, {"type": "Feature", "geometry": {"type": "LineString", "coordinates": [[10.0093345, 53.5781575], [10.0094152, 53.5781337], [10.0094765, 53.5780937], [10.0095661, 53.5779956]]}, "properties": {"id": 1563103290, "highway": "path", "name": "", "surface": "paving_stones", "foot": "designated"}}, {"type": "Feature", "geometry": {"type": "LineString", "coordinates": [[10.0095772, 53.5783734], [10.0095531, 53.5783933], [10.0094883, 53.5784167], [10.0094424, 53.5784035]]}, "properties": {"id": 1563103291, "highway": "footway", "name": "", "surface": "paving_stones", "foot": ""}}, {"type": "Feature", "geometry": {"type": "LineString", "coordinates": [[10.0095937, 53.5781877], [10.009635, 53.5782002], [10.0096089, 53.5782342], [10.0096223, 53.5782797], [10.0096609, 53.5783044], [10.0096345, 53.5783264]]}, "properties": {"id": 1563103292, "highway": "footway", "name": "", "surface": "paving_stones", "foot": ""}}, {"type": "Feature", "geometry": {"type": "LineString", "coordinates": [[10.0096345, 53.5783264], [10.0096081, 53.5783485], [10.0095772, 53.5783734]]}, "properties": {"id": 1563103293, "highway": "footway", "name": "", "surface": "asphalt", "foot": ""}}, {"type": "Feature", "geometry": {"type": "LineString", "coordinates": [[10.009294, 53.5783604], [10.0092688, 53.5783531], [10.0092594, 53.5782926], [10.009272, 53.5782568]]}, "properties": {"id": 1563103294, "highway": "footway", "name": "", "surface": "paving_stones", "foot": ""}}, {"type": "Feature", "geometry": {"type": "LineString", "coordinates": [[10.0093226, 53.578172], [10.0092976, 53.578217]]}, "properties": {"id": 1563103295, "highway": "path", "name": "", "surface": "", "foot": "designated"}}, {"type": "Feature", "geometry": {"type": "LineString", "coordinates": [[10.009272, 53.5782568], [10.0092976, 53.578217]]}, "properties": {"id": 1563103296, "highway": "footway", "name": "", "surface": "asphalt", "foot": ""}}, {"type": "Feature", "geometry": {"type": "LineString", "coordinates": [[10.0094152, 53.5781337], [10.0094477, 53.5781432]]}, "properties": {"id": 1563103297, "highway": "footway", "name": "", "surface": "paving_stones", "foot": ""}}, {"type": "Feature", "geometry": {"type": "LineString", "coordinates": [[10.0094477, 53.5781432], [10.0095283, 53.5781679], [10.0095937, 53.5781877]]}, "properties": {"id": 1563103298, "highway": "footway", "name": "", "surface": "asphalt", "foot": ""}}, {"type": "Feature", "geometry": {"type": "LineString", "coordinates": [[10.0094424, 53.5784035], [10.0093698, 53.5783825], [10.009294, 53.5783604]]}, "properties": {"id": 1563103299, "highway": "footway", "name": "", "surface": "asphalt", "foot": ""}}, {"type": "Feature", "geometry": {"type": "LineString", "coordinates": [[10.0093345, 53.5781575], [10.0093226, 53.578172]]}, "properties": {"id": 1563103300, "highway": "path", "name": "", "surface": "paving_stones", "foot": "designated"}}, {"type": "Feature", "geometry": {"type": "LineString", "coordinates": [[10.0105837, 53.5768392], [10.0102562, 53.5772927]]}, "properties": {"id": 1563103301, "highway": "footway", "name": "", "surface": "paving_stones", "foot": ""}}, {"type": "Feature", "geometry": {"type": "LineString", "coordinates": [[10.0113125, 53.5757558], [10.010657, 53.5767308]]}, "properties": {"id": 1563103302, "highway": "footway", "name": "", "surface": "paving_stones", "foot": ""}}, {"type": "Feature", "geometry": {"type": "LineString", "coordinates": [[10.010657, 53.5767308], [10.010616, 53.5767908], [10.0105837, 53.5768392]]}, "properties": {"id": 1563103303, "highway": "footway", "name": "", "surface": "asphalt", "foot": ""}}, {"type": "Feature", "geometry": {"type": "LineString", "coordinates": [[10.0100224, 53.5776374], [10.009635, 53.5782002]]}, "properties": {"id": 1563103304, "highway": "footway", "name": "", "surface": "paving_stones", "foot": ""}}, {"type": "Feature", "geometry": {"type": "LineString", "coordinates": [[10.0102562, 53.5772927], [10.0100224, 53.5776374]]}, "properties": {"id": 1563103305, "highway": "footway", "name": "", "surface": "paving_stones", "foot": ""}}, {"type": "Feature", "geometry": {"type": "LineString", "coordinates": [[10.0111533, 53.5757181], [10.0110926, 53.5757033]]}, "properties": {"id": 1563103306, "highway": "footway", "name": "", "surface": "paving_stones", "foot": ""}}, {"type": "Feature", "geometry": {"type": "LineString", "coordinates": [[10.0112589, 53.5757433], [10.011214, 53.5757328], [10.0111533, 53.5757181]]}, "properties": {"id": 1563103307, "highway": "footway", "name": "", "surface": "asphalt", "foot": ""}}, {"type": "Feature", "geometry": {"type": "LineString", "coordinates": [[10.0113617, 53.5756805], [10.0113125, 53.5757558], [10.0112589, 53.5757433]]}, "properties": {"id": 1563103308, "highway": "footway", "name": "", "surface": "paving_stones", "foot": ""}}, {"type": "Feature", "geometry": {"type": "LineString", "coordinates": [[10.011414, 53.5755993], [10.0113879, 53.5756405], [10.0113617, 53.5756805]]}, "properties": {"id": 1563103309, "highway": "footway", "name": "", "surface": "asphalt", "foot": ""}}, {"type": "Feature", "geometry": {"type": "LineString", "coordinates": [[10.0114149, 53.5755519], [10.0114401, 53.5755581], [10.011414, 53.5755993]]}, "properties": {"id": 1563103310, "highway": "footway", "name": "", "surface": "paving_stones", "foot": ""}}, {"type": "Feature", "geometry": {"type": "LineString", "coordinates": [[10.0112444, 53.5755093], [10.0112912, 53.5755211]]}, "properties": {"id": 1563103311, "highway": "footway", "name": "", "surface": "paving_stones", "foot": ""}}, {"type": "Feature", "geometry": {"type": "LineString", "coordinates": [[10.0110926, 53.5757033], [10.0111204, 53.575668]]}, "properties": {"id": 1563103312, "highway": "footway", "name": "", "surface": "paving_stones", "foot": ""}}, {"type": "Feature", "geometry": {"type": "LineString", "coordinates": [[10.0111858, 53.5755846], [10.0112444, 53.5755093]]}, "properties": {"id": 1563103313, "highway": "footway", "name": "", "surface": "paving_stones", "foot": ""}}, {"type": "Feature", "geometry": {"type": "LineString", "coordinates": [[10.0038547, 53.5782254], [10.0039049, 53.578229]]}, "properties": {"id": 1563103314, "highway": "footway", "name": "", "surface": "paving_stones", "foot": ""}}]}