{
"type": "FeatureCollection",
"name": "berlin_pois_dienstag_vormittag",
"crs": { "type": "name", "properties": { "name": "urn:ogc:def:crs:OGC:1.3:CRS84" } },
"features": [
{ "type": "Feature", "properties": { "element": "node", "id": 76596388, "name": "Mühlenberg-Apotheke", "shop": null, "amenity": "pharmacy", "office": null, "tourism": null, "leisure": null, "building": null, "opening_hours": "Mo-Fr 09:00-19:00; Sa 09:00-14:00", "poi_typ": "amenity", "dienstag_vormittag": true }, "geometry": { "type": "Point", "coordinates": [ 13.4423197, 52.5431994 ] } },
{ "type": "Feature", "properties": { "element": "node", "id": 97877441, "name": "Postbank Finanzcenter", "shop": null, "amenity": "post_office", "office": null, "tourism": null, "leisure": null, "building": null, "opening_hours": "PH,Mo-Su 00:00-24:00", "poi_typ": "amenity", "dienstag_vormittag": true }, "geometry": { "type": "Point", "coordinates": [ 13.4938163, 52.6357854 ] } },
{ "type": "Feature", "properties": { "element": "node", "id": 250068256, "name": "Solid Earth", "shop": "copyshop", "amenity": null, "office": null, "tourism": null, "leisure": null, "building": null, "opening_hours": "Mo-Fr 09:00-22:00; Sa 10:00-17:00; Su 15:00-20:00", "poi_typ": "shop", "dienstag_vormittag": true }, "geometry": { "type": "Point", "coordinates": [ 13.4200962, 52.5362925 ] } },
{ "type": "Feature", "properties": { "element": "node", "id": 253891060, "name": "Kreuzburger", "shop": null, "amenity": "fast_food", "office": null, "tourism": null, "leisure": null, "building": null, "opening_hours": "Mo-Su 11:00-22:00", "poi_typ": "amenity", "dienstag_vormittag": true }, "geometry": { "type": "Point", "coordinates": [ 13.4156212, 52.5438563 ] } },
{ "type": "Feature", "properties": { "element": "node", "id": 259081139, "name": "Nordring Apotheke", "shop": null, "amenity": "pharmacy", "office": null, "tourism": null, "leisure": null, "building": null, "opening_hours": "Mo-Fr 08:00-20:00; Sa 09:00-15:00; PH off", "poi_typ": "amenity", "dienstag_vormittag": true }, "geometry": { "type": "Point", "coordinates": [ 13.4133047, 52.549263 ] } },
{ "type": "Feature", "properties": { "element": "node", "id": 259081143, "name": "Vita Apotheke", "shop": null, "amenity": "pharmacy", "office": null, "tourism": null, "leisure": null, "building": null, "opening_hours": "Mo-Fr 08:00-19:00; Sa 08:00-14:00", "poi_typ": "amenity", "dienstag_vormittag": true }, "geometry": { "type": "Point", "coordinates": [ 13.4079077, 52.5509103 ] } },
{ "type": "Feature", "properties": { "element": "node", "id": 267366952, "name": "Wins-Apotheke", "shop": null, "amenity": "pharmacy", "office": null, "tourism": null, "leisure": null, "building": null, "opening_hours": "Mo-Fr 08:00-19:00; Sa 09:00-14:00; Su off", "poi_typ": "amenity", "dienstag_vormittag": true }, "geometry": { "type": "Point", "coordinates": [ 13.4270624, 52.5360082 ] } },
{ "type": "Feature", "properties": { "element": "node", "id": 268915361, "name": "EKT - Erdnuckel e.V.", "shop": null, "amenity": "kindergarten", "office": null, "tourism": null, "leisure": null, "building": null, "opening_hours": "Mo-Fr 08:00-17:00", "poi_typ": "amenity", "dienstag_vormittag": true }, "geometry": { "type": "Point", "coordinates": [ 13.4099167, 52.5357939 ] } },
{ "type": "Feature", "properties": { "element": "node", "id": 268916280, "name": "Kita Herz Jesu", "shop": null, "amenity": "kindergarten", "office": null, "tourism": null, "leisure": null, "building": null, "opening_hours": "Mo-Fr 07:00-17:00", "poi_typ": "amenity", "dienstag_vormittag": true }, "geometry": { "type": "Point", "coordinates": [ 13.4100667, 52.5304628 ] } },
{ "type": "Feature", "properties": { "element": "node", "id": 268916311, "name": "Evangelische Kita Wilhelmsruh", "shop": null, "amenity": "kindergarten", "office": null, "tourism": null, "leisure": null, "building": null, "opening_hours": "Mo-Fr 06:00-17:00", "poi_typ": "amenity", "dienstag_vormittag": true }, "geometry": { "type": "Point", "coordinates": [ 13.3677113, 52.5878139 ] } },
{ "type": "Feature", "properties": { "element": "node", "id": 277908603, "name": "Seeger Sanitätshaus Buch", "shop": "medical_supply", "amenity": null, "office": null, "tourism": null, "leisure": null, "building": null, "opening_hours": "Mo-Fr 09:00-18:00; Sa 10:00-13:00; PH off", "poi_typ": "shop", "dienstag_vormittag": true }, "geometry": { "type": "Point", "coordinates": [ 13.4952775, 52.6351137 ] } },
{ "type": "Feature", "properties": { "element": "node", "id": 277958277, "name": "Kieser Training", "shop": null, "amenity": null, "office": null, "tourism": null, "leisure": "fitness_centre", "building": null, "opening_hours": "Mo-Fr 07:00-21:00; Sa,Su,PH 09:00-18:00", "poi_typ": "leisure", "dienstag_vormittag": true }, "geometry": { "type": "Point", "coordinates": [ 13.4425034, 52.5467638 ] } },
{ "type": "Feature", "properties": { "element": "node", "id": 281775191, "name": "Shell", "shop": null, "amenity": "fuel", "office": null, "tourism": null, "leisure": null, "building": null, "opening_hours": "Mo-Su 06:00-22:00", "poi_typ": "amenity", "dienstag_vormittag": true }, "geometry": { "type": "Point", "coordinates": [ 13.4296019, 52.5716016 ] } },
{ "type": "Feature", "properties": { "element": "node", "id": 281887442, "name": "Kino Toni & Tonino", "shop": null, "amenity": "cinema", "office": null, "tourism": null, "leisure": null, "building": null, "opening_hours": "Mo-Su 09:00-22:00", "poi_typ": "amenity", "dienstag_vormittag": true }, "geometry": { "type": "Point", "coordinates": [ 13.4509296, 52.5488199 ] } },
{ "type": "Feature", "properties": { "element": "node", "id": 291433312, "name": "Mont-K", "shop": "outdoor", "amenity": null, "office": null, "tourism": null, "leisure": null, "building": null, "opening_hours": "Mo-Fr 11:00-19:00; Sa 10:00-20:00", "poi_typ": "shop", "dienstag_vormittag": true }, "geometry": { "type": "Point", "coordinates": [ 13.4086667, 52.5373432 ] } },
{ "type": "Feature", "properties": { "element": "node", "id": 293225672, "name": "Rosa Canina", "shop": null, "amenity": "ice_cream", "office": null, "tourism": null, "leisure": null, "building": null, "opening_hours": "Mar-Oct: Mo-Fr 13:00+; Sa-Su 12:00+", "poi_typ": "amenity", "dienstag_vormittag": true }, "geometry": { "type": "Point", "coordinates": [ 13.4357348, 52.5323311 ] } },
{ "type": "Feature", "properties": { "element": "node", "id": 299795048, "name": "Dr. med. vet. Elke Hartwig", "shop": null, "amenity": "veterinary", "office": null, "tourism": null, "leisure": null, "building": null, "opening_hours": "Mo,Tu,Th,Fr 10:00-12:00, Mo-Fr 15:00-18:00", "poi_typ": "amenity", "dienstag_vormittag": true }, "geometry": { "type": "Point", "coordinates": [ 13.4795548, 52.6062863 ] } },
{ "type": "Feature", "properties": { "element": "node", "id": 308626327, "name": "Mühlenbäck", "shop": "bakery", "amenity": null, "office": null, "tourism": null, "leisure": null, "building": null, "opening_hours": "Mo-Su 05:00-18:00", "poi_typ": "shop", "dienstag_vormittag": true }, "geometry": { "type": "Point", "coordinates": [ 13.4169793, 52.5497834 ] } },
{ "type": "Feature", "properties": { "element": "node", "id": 308627797, "name": "Für Bettina und Achim von Arnim", "shop": null, "amenity": null, "office": null, "tourism": "artwork", "leisure": null, "building": null, "opening_hours": "24/7", "poi_typ": "tourism", "dienstag_vormittag": true }, "geometry": { "type": "Point", "coordinates": [ 13.4094844, 52.5519224 ] } },
{ "type": "Feature", "properties": { "element": "node", "id": 308808801, "name": "Callafleur", "shop": "florist", "amenity": null, "office": null, "tourism": null, "leisure": null, "building": null, "opening_hours": "Su 10:00-18:00; Mo-Fr 09:30-20:00; Sa 08:00-20:00", "poi_typ": "shop", "dienstag_vormittag": true }, "geometry": { "type": "Point", "coordinates": [ 13.42207, 52.5399101 ] } },
{ "type": "Feature", "properties": { "element": "node", "id": 308811402, "name": "Shell", "shop": null, "amenity": "fuel", "office": null, "tourism": null, "leisure": null, "building": null, "opening_hours": "PH,Mo-Su 06:00-22:00", "poi_typ": "amenity", "dienstag_vormittag": true }, "geometry": { "type": "Point", "coordinates": [ 13.4150223, 52.5563681 ] } },
{ "type": "Feature", "properties": { "element": "node", "id": 313011082, "name": null, "shop": "kiosk", "amenity": null, "office": null, "tourism": null, "leisure": null, "building": null, "opening_hours": "Mo-Fr 09:30-13:00,14:00-18:30; Sa 10:00-13:00", "poi_typ": "shop", "dienstag_vormittag": true }, "geometry": { "type": "Point", "coordinates": [ 13.4214042, 52.5646647 ] } },
{ "type": "Feature", "properties": { "element": "node", "id": 313173921, "name": "Pankow-Apotheke", "shop": null, "amenity": "pharmacy", "office": null, "tourism": null, "leisure": null, "building": null, "opening_hours": "Mo-Fr 08:00-19:00; Sa 08:00-13:00", "poi_typ": "amenity", "dienstag_vormittag": true }, "geometry": { "type": "Point", "coordinates": [ 13.4155075, 52.5667802 ] } },
{ "type": "Feature", "properties": { "element": "node", "id": 313285294, "name": "Cradle to Cradle Lab", "shop": null, "amenity": null, "office": "ngo", "tourism": null, "leisure": null, "building": null, "opening_hours": "Mo-Fr 09:30-16:30", "poi_typ": "office", "dienstag_vormittag": true }, "geometry": { "type": "Point", "coordinates": [ 13.4514279, 52.5277671 ] } },
{ "type": "Feature", "properties": { "element": "node", "id": 313285295, "name": "Ristorante Italiano", "shop": null, "amenity": "restaurant", "office": null, "tourism": null, "leisure": null, "building": null, "opening_hours": "Mo-Su 11:30-24:00", "poi_typ": "amenity", "dienstag_vormittag": true }, "geometry": { "type": "Point", "coordinates": [ 13.4517323, 52.5278248 ] } },
{ "type": "Feature", "properties": { "element": "node", "id": 315780068, "name": "Bäckerei Schnell", "shop": "bakery", "amenity": null, "office": null, "tourism": null, "leisure": null, "building": null, "opening_hours": "Mo-Fr 06:30-18:00; Sa 07:00-12:00", "poi_typ": "shop", "dienstag_vormittag": true }, "geometry": { "type": "Point", "coordinates": [ 13.4607404, 52.5635495 ] } },
{ "type": "Feature", "properties": { "element": "node", "id": 318802659, "name": null, "shop": null, "amenity": "atm", "office": null, "tourism": null, "leisure": null, "building": null, "opening_hours": "24/7", "poi_typ": "amenity", "dienstag_vormittag": true }, "geometry": { "type": "Point", "coordinates": [ 13.4130036, 52.5408053 ] } },
{ "type": "Feature", "properties": { "element": "node", "id": 319181468, "name": "Espresso House", "shop": null, "amenity": "cafe", "office": null, "tourism": null, "leisure": null, "building": null, "opening_hours": "Mo-Fr 06:30-21:00; Sa-Su 07:30-21:00", "poi_typ": "amenity", "dienstag_vormittag": true }, "geometry": { "type": "Point", "coordinates": [ 13.4132889, 52.5498572 ] } },
{ "type": "Feature", "properties": { "element": "node", "id": 321347086, "name": "Forum Landsberger Allee", "shop": null, "amenity": "parking", "office": null, "tourism": null, "leisure": null, "building": null, "opening_hours": "24/7", "poi_typ": "amenity", "dienstag_vormittag": true }, "geometry": { "type": "Point", "coordinates": [ 13.4562935, 52.5292585 ] } },
{ "type": "Feature", "properties": { "element": "node", "id": 321347093, "name": "Cantina", "shop": null, "amenity": "restaurant", "office": null, "tourism": null, "leisure": null, "building": null, "opening_hours": "Mo-Fr 07:30-14:00", "poi_typ": "amenity", "dienstag_vormittag": true }, "geometry": { "type": "Point", "coordinates": [ 13.4528749, 52.5326585 ] } },
{ "type": "Feature", "properties": { "element": "node", "id": 321597100, "name": "Victor's Residenz-Hotel Berlin Mitte", "shop": null, "amenity": null, "office": null, "tourism": "hotel", "leisure": null, "building": null, "opening_hours": "24/7", "poi_typ": "tourism", "dienstag_vormittag": true }, "geometry": { "type": "Point", "coordinates": [ 13.428805, 52.5288621 ] } },
{ "type": "Feature", "properties": { "element": "node", "id": 322822419, "name": "Fahrrad Görke", "shop": "bicycle", "amenity": null, "office": null, "tourism": null, "leisure": null, "building": null, "opening_hours": "Mo-Fr 10:00-18:00; Sa 09:00-13:00; Su,PH off", "poi_typ": "shop", "dienstag_vormittag": true }, "geometry": { "type": "Point", "coordinates": [ 13.4489021, 52.5285578 ] } },
{ "type": "Feature", "properties": { "element": "node", "id": 333944057, "name": "Berliner Toilette", "shop": null, "amenity": "toilets", "office": null, "tourism": null, "leisure": null, "building": null, "opening_hours": "24/7", "poi_typ": "amenity", "dienstag_vormittag": true }, "geometry": { "type": "Point", "coordinates": [ 13.4136041, 52.5598709 ] } },
{ "type": "Feature", "properties": { "element": "node", "id": 344642067, "name": "Kulturbrauerei", "shop": null, "amenity": "parking_entrance", "office": null, "tourism": null, "leisure": null, "building": null, "opening_hours": "24/7", "poi_typ": "amenity", "dienstag_vormittag": true }, "geometry": { "type": "Point", "coordinates": [ 13.4135345, 52.5384335 ] } },
{ "type": "Feature", "properties": { "element": "node", "id": 356807869, "name": "Arcaden Apotheke", "shop": null, "amenity": "pharmacy", "office": null, "tourism": null, "leisure": null, "building": null, "opening_hours": "Mo-Fr 08:30-20:00; Sa 09:00-20:00", "poi_typ": "amenity", "dienstag_vormittag": true }, "geometry": { "type": "Point", "coordinates": [ 13.4153133, 52.5495274 ] } },
{ "type": "Feature", "properties": { "element": "node", "id": 358513878, "name": null, "shop": null, "amenity": "atm", "office": null, "tourism": null, "leisure": null, "building": null, "opening_hours": "24/7", "poi_typ": "amenity", "dienstag_vormittag": true }, "geometry": { "type": "Point", "coordinates": [ 13.4196917, 52.5421709 ] } },
{ "type": "Feature", "properties": { "element": "node", "id": 370300841, "name": "GLS Cafeteria", "shop": null, "amenity": "restaurant", "office": null, "tourism": null, "leisure": null, "building": null, "opening_hours": "Mo-Fr 08:00-16:00", "poi_typ": "amenity", "dienstag_vormittag": true }, "geometry": { "type": "Point", "coordinates": [ 13.4084601, 52.5369413 ] } },
{ "type": "Feature", "properties": { "element": "node", "id": 371157962, "name": "Gethsemane-Apotheke", "shop": null, "amenity": "pharmacy", "office": null, "tourism": null, "leisure": null, "building": null, "opening_hours": "Mo-Fr 08:30-19:00; Sa 09:00-14:00", "poi_typ": "amenity", "dienstag_vormittag": true }, "geometry": { "type": "Point", "coordinates": [ 13.4146196, 52.547683 ] } },
{ "type": "Feature", "properties": { "element": "node", "id": 371157964, "name": "Pappelbäck", "shop": "bakery", "amenity": null, "office": null, "tourism": null, "leisure": null, "building": null, "opening_hours": "Mo-Fr 05:30-19:30; Sa 06:00-17:00; Su 07:00-18:00", "poi_typ": "shop", "dienstag_vormittag": true }, "geometry": { "type": "Point", "coordinates": [ 13.4178308, 52.5463665 ] } },
{ "type": "Feature", "properties": { "element": "node", "id": 371157965, "name": "Frau Rose Floristik", "shop": "florist", "amenity": null, "office": null, "tourism": null, "leisure": null, "building": null, "opening_hours": "Mo-Fr 11:00-18:00; Sa 11:00-16:00", "poi_typ": "shop", "dienstag_vormittag": true }, "geometry": { "type": "Point", "coordinates": [ 13.4183009, 52.546321 ] } },
{ "type": "Feature", "properties": { "element": "node", "id": 373305577, "name": "Anakoluth", "shop": "books", "amenity": null, "office": null, "tourism": null, "leisure": null, "building": null, "opening_hours": "Mo-Fr 10:00-19:00; Sa 10:00-18:00", "poi_typ": "shop", "dienstag_vormittag": true }, "geometry": { "type": "Point", "coordinates": [ 13.4129434, 52.547356 ] } },
{ "type": "Feature", "properties": { "element": "node", "id": 388418547, "name": "Aral", "shop": null, "amenity": "fuel", "office": null, "tourism": null, "leisure": null, "building": null, "opening_hours": "24/7", "poi_typ": "amenity", "dienstag_vormittag": true }, "geometry": { "type": "Point", "coordinates": [ 13.4076934, 52.563621 ] } },
{ "type": "Feature", "properties": { "element": "node", "id": 391337094, "name": "Premium Bikeshop", "shop": "bicycle", "amenity": null, "office": null, "tourism": null, "leisure": null, "building": null, "opening_hours": "Mo-Fr 10:00-19:00", "poi_typ": "shop", "dienstag_vormittag": true }, "geometry": { "type": "Point", "coordinates": [ 13.3970686, 52.5798575 ] } },
{ "type": "Feature", "properties": { "element": "node", "id": 400912055, "name": "Apotheke am Hugenottenplatz", "shop": null, "amenity": "pharmacy", "office": null, "tourism": null, "leisure": null, "building": null, "opening_hours": "Mo-Fr 08:00-19:00; Sa 08:00-14:00", "poi_typ": "amenity", "dienstag_vormittag": true }, "geometry": { "type": "Point", "coordinates": [ 13.4199092, 52.6066817 ] } },
{ "type": "Feature", "properties": { "element": "node", "id": 415307012, "name": "X-Bar", "shop": null, "amenity": "bar", "office": null, "tourism": null, "leisure": null, "building": null, "opening_hours": "Mo-Su 18:00+", "poi_typ": "amenity", "dienstag_vormittag": true }, "geometry": { "type": "Point", "coordinates": [ 13.4219013, 52.5415754 ] } },
{ "type": "Feature", "properties": { "element": "node", "id": 415307587, "name": "L'Osteria Del Parlamento", "shop": null, "amenity": "restaurant", "office": null, "tourism": null, "leisure": null, "building": null, "opening_hours": "Mo-Su 11:30-23:30", "poi_typ": "amenity", "dienstag_vormittag": true }, "geometry": { "type": "Point", "coordinates": [ 13.4204637, 52.541897 ] } },
{ "type": "Feature", "properties": { "element": "node", "id": 415312876, "name": "Meena Kumari", "shop": null, "amenity": "restaurant", "office": null, "tourism": null, "leisure": null, "building": null, "opening_hours": "Mo-Su 17:00+", "poi_typ": "amenity", "dienstag_vormittag": true }, "geometry": { "type": "Point", "coordinates": [ 13.4148581, 52.5415085 ] } },
{ "type": "Feature", "properties": { "element": "node", "id": 415318053, "name": "Apotheke am Helmholtzplatz", "shop": null, "amenity": "pharmacy", "office": null, "tourism": null, "leisure": null, "building": null, "opening_hours": "Mo-Fr 08:00-19:00, Sa 08:30-13:30", "poi_typ": "amenity", "dienstag_vormittag": true }, "geometry": { "type": "Point", "coordinates": [ 13.4200711, 52.5420046 ] } },
{ "type": "Feature", "properties": { "element": "node", "id": 422510102, "name": "Sparkasse SB-Service", "shop": null, "amenity": "bank", "office": null, "tourism": null, "leisure": null, "building": null, "opening_hours": "Mo-Fr 06:00-23:00; Sa,Su 08:00-23:00", "poi_typ": "amenity", "dienstag_vormittag": true }, "geometry": { "type": "Point", "coordinates": [ 13.4261762, 52.5432142 ] } },
{ "type": "Feature", "properties": { "element": "node", "id": 431258771, "name": "Siebert’s Back & Café", "shop": null, "amenity": "cafe", "office": null, "tourism": null, "leisure": null, "building": null, "opening_hours": "Mo-Su 07:00-18:00", "poi_typ": "amenity", "dienstag_vormittag": true }, "geometry": { "type": "Point", "coordinates": [ 13.4897579, 52.6174691 ] } },
{ "type": "Feature", "properties": { "element": "node", "id": 432779736, "name": "Shell", "shop": null, "amenity": "fuel", "office": null, "tourism": null, "leisure": null, "building": null, "opening_hours": "Mo-Fr 05:00-22:00; Sa,Su 06:00-22:00", "poi_typ": "amenity", "dienstag_vormittag": true }, "geometry": { "type": "Point", "coordinates": [ 13.4663679, 52.5967386 ] } },
{ "type": "Feature", "properties": { "element": "node", "id": 434481239, "name": "Kaffeehaus Blankenburg", "shop": null, "amenity": "cafe", "office": null, "tourism": null, "leisure": null, "building": null, "opening_hours": "Mo-Su 10:00-19:00", "poi_typ": "amenity", "dienstag_vormittag": true }, "geometry": { "type": "Point", "coordinates": [ 13.4570289, 52.5930118 ] } },
{ "type": "Feature", "properties": { "element": "node", "id": 443254201, "name": "Restaurant Platon", "shop": null, "amenity": "restaurant", "office": null, "tourism": null, "leisure": null, "building": null, "opening_hours": "Mo-Su,PH 11:30-23:00", "poi_typ": "amenity", "dienstag_vormittag": true }, "geometry": { "type": "Point", "coordinates": [ 13.4485127, 52.553178 ] } },
{ "type": "Feature", "properties": { "element": "node", "id": 448913486, "name": "Cecilien-Apotheke", "shop": null, "amenity": "pharmacy", "office": null, "tourism": null, "leisure": null, "building": null, "opening_hours": "Mo-Fr 09:00-18:00; Sa 10:00-14:00; PH off", "poi_typ": "amenity", "dienstag_vormittag": true }, "geometry": { "type": "Point", "coordinates": [ 13.4126429, 52.546825 ] } },
{ "type": "Feature", "properties": { "element": "node", "id": 448915578, "name": "Schleudertraum", "shop": "laundry", "amenity": null, "office": null, "tourism": null, "leisure": null, "building": null, "opening_hours": "Mo-Su 06:00-23:00", "poi_typ": "shop", "dienstag_vormittag": true }, "geometry": { "type": "Point", "coordinates": [ 13.4115895, 52.5380638 ] } },
{ "type": "Feature", "properties": { "element": "node", "id": 448915579, "name": "Arminius-Apotheke", "shop": null, "amenity": "pharmacy", "office": null, "tourism": null, "leisure": null, "building": null, "opening_hours": "Mo-Fr 08:00-19:00; Sa 08:00-13:00", "poi_typ": "amenity", "dienstag_vormittag": true }, "geometry": { "type": "Point", "coordinates": [ 13.4122894, 52.5329218 ] } },
{ "type": "Feature", "properties": { "element": "node", "id": 454167246, "name": "Berliner Grillhaus", "shop": null, "amenity": "fast_food", "office": null, "tourism": null, "leisure": null, "building": null, "opening_hours": "Mo-Su 09:00-24:00", "poi_typ": "amenity", "dienstag_vormittag": true }, "geometry": { "type": "Point", "coordinates": [ 13.4124659, 52.5630481 ] } },
{ "type": "Feature", "properties": { "element": "node", "id": 454167250, "name": "Bartels Apotheke", "shop": null, "amenity": "pharmacy", "office": null, "tourism": null, "leisure": null, "building": null, "opening_hours": "Mo-Fr 08:00-19:00; Sa 08:00-13:00", "poi_typ": "amenity", "dienstag_vormittag": true }, "geometry": { "type": "Point", "coordinates": [ 13.413785, 52.558703 ] } },
{ "type": "Feature", "properties": { "element": "node", "id": 454216844, "name": "Koala Apotheke", "shop": null, "amenity": "pharmacy", "office": null, "tourism": null, "leisure": null, "building": null, "opening_hours": "Mo-Fr 08:00-20:00; Sa 09:00-20:00", "poi_typ": "amenity", "dienstag_vormittag": true }, "geometry": { "type": "Point", "coordinates": [ 13.4033014, 52.569669 ] } },
{ "type": "Feature", "properties": { "element": "node", "id": 454226401, "name": "Schäfer's", "shop": "bakery", "amenity": null, "office": null, "tourism": null, "leisure": null, "building": null, "opening_hours": "Mo-Fr 06:30-18:00; Sa 07:00-17:00; Su 08:00-17:00", "poi_typ": "shop", "dienstag_vormittag": true }, "geometry": { "type": "Point", "coordinates": [ 13.4086081, 52.571092 ] } },
{ "type": "Feature", "properties": { "element": "node", "id": 458915641, "name": "Adler Apotheke", "shop": null, "amenity": "pharmacy", "office": null, "tourism": null, "leisure": null, "building": null, "opening_hours": "Mo-Fr 08:30-19:00", "poi_typ": "amenity", "dienstag_vormittag": true }, "geometry": { "type": "Point", "coordinates": [ 13.4103966, 52.5707966 ] } },
{ "type": "Feature", "properties": { "element": "node", "id": 459668814, "name": "Seeger hilft", "shop": "medical_supply", "amenity": null, "office": null, "tourism": null, "leisure": null, "building": null, "opening_hours": "Mo-Fr 09:00-18:00", "poi_typ": "shop", "dienstag_vormittag": true }, "geometry": { "type": "Point", "coordinates": [ 13.4097912, 52.571267 ] } },
{ "type": "Feature", "properties": { "element": "node", "id": 459668815, "name": "Café Rosenrot", "shop": null, "amenity": "cafe", "office": null, "tourism": null, "leisure": null, "building": null, "opening_hours": "Mo-Su 10:00-18:00", "poi_typ": "amenity", "dienstag_vormittag": true }, "geometry": { "type": "Point", "coordinates": [ 13.4090296, 52.5713907 ] } },
{ "type": "Feature", "properties": { "element": "node", "id": 459668817, "name": "Radel Max", "shop": "bicycle", "amenity": null, "office": null, "tourism": null, "leisure": null, "building": null, "opening_hours": "Mo-Fr 10:00-19:00; Sa 10:00-16:00", "poi_typ": "shop", "dienstag_vormittag": true }, "geometry": { "type": "Point", "coordinates": [ 13.4084341, 52.571374 ] } },
{ "type": "Feature", "properties": { "element": "node", "id": 459668818, "name": "Beauty Diana", "shop": "hairdresser", "amenity": null, "office": null, "tourism": null, "leisure": null, "building": null, "opening_hours": "Mo-Fr 09:00-19:00; Sa 09:00-16:00", "poi_typ": "shop", "dienstag_vormittag": true }, "geometry": { "type": "Point", "coordinates": [ 13.4083543, 52.5716998 ] } },
{ "type": "Feature", "properties": { "element": "node", "id": 459673264, "name": "Intensivpflege am Schlosspark GmbH", "shop": null, "amenity": "social_facility", "office": null, "tourism": null, "leisure": null, "building": null, "opening_hours": "Mo-Fr 10:00-15:00", "poi_typ": "amenity", "dienstag_vormittag": true }, "geometry": { "type": "Point", "coordinates": [ 13.4039193, 52.5825053 ] } },
{ "type": "Feature", "properties": { "element": "node", "id": 459673806, "name": "Johns", "shop": "bakery", "amenity": "cafe", "office": null, "tourism": null, "leisure": null, "building": null, "opening_hours": "Mo-Fr 06:00-18:00; Sa 07:00-12:00; Su 08:00-11:00", "poi_typ": "shop", "dienstag_vormittag": true }, "geometry": { "type": "Point", "coordinates": [ 13.4034581, 52.5834832 ] } },
{ "type": "Feature", "properties": { "element": "node", "id": 469188998, "name": "Roderich", "shop": null, "amenity": "bar", "office": null, "tourism": null, "leisure": null, "building": null, "opening_hours": "Mo-Su 17:00+", "poi_typ": "amenity", "dienstag_vormittag": true }, "geometry": { "type": "Point", "coordinates": [ 13.409664, 52.5706008 ] } },
{ "type": "Feature", "properties": { "element": "node", "id": 469243944, "name": null, "shop": null, "amenity": null, "office": null, "tourism": null, "leisure": "playground", "building": null, "opening_hours": "24/7", "poi_typ": "leisure", "dienstag_vormittag": true }, "geometry": { "type": "Point", "coordinates": [ 13.4051367, 52.5719814 ] } },
{ "type": "Feature", "properties": { "element": "node", "id": 469293560, "name": "Commerzbank", "shop": null, "amenity": "bank", "office": null, "tourism": null, "leisure": null, "building": null, "opening_hours": "Mo-Fr 09:00-13:00, Tu 14:00-16:00, Th 14:00-18:00", "poi_typ": "amenity", "dienstag_vormittag": true }, "geometry": { "type": "Point", "coordinates": [ 13.4114826, 52.5715907 ] } },
{ "type": "Feature", "properties": { "element": "node", "id": 480167001, "name": "5 SENSES Restaurant", "shop": null, "amenity": "restaurant", "office": null, "tourism": null, "leisure": null, "building": null, "opening_hours": "Mo-Su 11:00-22:00", "poi_typ": "amenity", "dienstag_vormittag": true }, "geometry": { "type": "Point", "coordinates": [ 13.4370207, 52.5698316 ] } },
{ "type": "Feature", "properties": { "element": "node", "id": 487563969, "name": "solid earth", "shop": "copyshop", "amenity": null, "office": null, "tourism": null, "leisure": null, "building": null, "opening_hours": "Mo-Fr 09:00-22:00; Sa 10:00-17:00; Su 15:00-20:00", "poi_typ": "shop", "dienstag_vormittag": true }, "geometry": { "type": "Point", "coordinates": [ 13.4097375, 52.5383455 ] } },
{ "type": "Feature", "properties": { "element": "node", "id": 487563994, "name": "Aftab", "shop": null, "amenity": "restaurant", "office": null, "tourism": null, "leisure": null, "building": null, "opening_hours": "PH,Mo-Su 11:00-22:00", "poi_typ": "amenity", "dienstag_vormittag": true }, "geometry": { "type": "Point", "coordinates": [ 13.409471, 52.5381002 ] } },
{ "type": "Feature", "properties": { "element": "node", "id": 493655326, "name": "Schwarz Sauer", "shop": null, "amenity": "pub", "office": null, "tourism": null, "leisure": null, "building": null, "opening_hours": "Mo-Su 17:00+", "poi_typ": "amenity", "dienstag_vormittag": true }, "geometry": { "type": "Point", "coordinates": [ 13.409927, 52.5390376 ] } },
{ "type": "Feature", "properties": { "element": "node", "id": 516574175, "name": "Kiezkantine", "shop": null, "amenity": "restaurant", "office": null, "tourism": null, "leisure": null, "building": null, "opening_hours": "Mo-Fr 10:00 - 15:45", "poi_typ": "amenity", "dienstag_vormittag": true }, "geometry": { "type": "Point", "coordinates": [ 13.4085542, 52.5387906 ] } },
{ "type": "Feature", "properties": { "element": "node", "id": 516574189, "name": "Eastmoon", "shop": null, "amenity": "restaurant", "office": null, "tourism": null, "leisure": null, "building": null, "opening_hours": "Mo-Su 11:30-23:00", "poi_typ": "amenity", "dienstag_vormittag": true }, "geometry": { "type": "Point", "coordinates": [ 13.4050687, 52.5405635 ] } },
{ "type": "Feature", "properties": { "element": "node", "id": 518840723, "name": "Fahrradschmiede", "shop": "bicycle", "amenity": null, "office": null, "tourism": null, "leisure": null, "building": null, "opening_hours": "Mo-Fr 10:00-20:00; Sa 10:00-15:00", "poi_typ": "shop", "dienstag_vormittag": true }, "geometry": { "type": "Point", "coordinates": [ 13.4273908, 52.5481053 ] } },
{ "type": "Feature", "properties": { "element": "node", "id": 519814744, "name": "Kinder unterm Regenschirm", "shop": null, "amenity": "fountain", "office": null, "tourism": null, "leisure": null, "building": null, "opening_hours": "24/7", "poi_typ": "amenity", "dienstag_vormittag": true }, "geometry": { "type": "Point", "coordinates": [ 13.4248699, 52.5393816 ] } },
{ "type": "Feature", "properties": { "element": "node", "id": 519999713, "name": "Pazianas", "shop": "deli", "amenity": null, "office": null, "tourism": null, "leisure": null, "building": null, "opening_hours": "Mo-Fr 12:00-19:00; Sa 11:00-16:00", "poi_typ": "shop", "dienstag_vormittag": true }, "geometry": { "type": "Point", "coordinates": [ 13.4224261, 52.5404167 ] } },
{ "type": "Feature", "properties": { "element": "node", "id": 520048684, "name": "Café Liebling", "shop": null, "amenity": "cafe", "office": null, "tourism": null, "leisure": null, "building": null, "opening_hours": "Mo-Fr 09:00+; Sa,Su 10:00+", "poi_typ": "amenity", "dienstag_vormittag": true }, "geometry": { "type": "Point", "coordinates": [ 13.4206554, 52.5421007 ] } },
{ "type": "Feature", "properties": { "element": "node", "id": 541075876, "name": "Mad Monkey Room", "shop": null, "amenity": "bar", "office": null, "tourism": null, "leisure": null, "building": null, "opening_hours": "Mo-Su 18:00+", "poi_typ": "amenity", "dienstag_vormittag": true }, "geometry": { "type": "Point", "coordinates": [ 13.4130081, 52.5410639 ] } },
{ "type": "Feature", "properties": { "element": "node", "id": 541076047, "name": "Papa Nô", "shop": null, "amenity": "fast_food", "office": null, "tourism": null, "leisure": null, "building": null, "opening_hours": "Mo-Su,PH 11:50-22:50 \"call us\";Dec 31 12:00-20:50 \"call us\"", "poi_typ": "amenity", "dienstag_vormittag": true }, "geometry": { "type": "Point", "coordinates": [ 13.4149494, 52.5408636 ] } },
{ "type": "Feature", "properties": { "element": "node", "id": 541077707, "name": "Nymami", "shop": null, "amenity": "fast_food", "office": null, "tourism": null, "leisure": null, "building": null, "opening_hours": "Mo-Su 11:00-23:00", "poi_typ": "amenity", "dienstag_vormittag": true }, "geometry": { "type": "Point", "coordinates": [ 13.4195631, 52.5401414 ] } },
{ "type": "Feature", "properties": { "element": "node", "id": 541077710, "name": "Lorch & Söhne", "shop": null, "amenity": "cafe", "office": null, "tourism": null, "leisure": null, "building": null, "opening_hours": "Mo-Fr 08:00-18:00; Sa,Su 09:00-18:00", "poi_typ": "amenity", "dienstag_vormittag": true }, "geometry": { "type": "Point", "coordinates": [ 13.4172239, 52.5405112 ] } },
{ "type": "Feature", "properties": { "element": "node", "id": 560145213, "name": "Pasta & Vino", "shop": null, "amenity": "restaurant", "office": null, "tourism": null, "leisure": null, "building": null, "opening_hours": "Mo-Su 11:00-22:00", "poi_typ": "amenity", "dienstag_vormittag": true }, "geometry": { "type": "Point", "coordinates": [ 13.417798, 52.5468186 ] } },
{ "type": "Feature", "properties": { "element": "node", "id": 560525454, "name": "Kontinentalwaren", "shop": "gift", "amenity": null, "office": null, "tourism": null, "leisure": null, "building": null, "opening_hours": "Mo-Fr 11:00-19:00; Sa 11:00-18:00", "poi_typ": "shop", "dienstag_vormittag": true }, "geometry": { "type": "Point", "coordinates": [ 13.4193983, 52.5458465 ] } },
{ "type": "Feature", "properties": { "element": "node", "id": 573775618, "name": "track by track GmbH", "shop": null, "amenity": null, "office": "advertising_agency", "tourism": null, "leisure": null, "building": null, "opening_hours": "Mo-Fr 09:00-17:30", "poi_typ": "office", "dienstag_vormittag": true }, "geometry": { "type": "Point", "coordinates": [ 13.4212995, 52.5446005 ] } },
{ "type": "Feature", "properties": { "element": "node", "id": 582747741, "name": "Rossmann", "shop": "chemist", "amenity": null, "office": null, "tourism": null, "leisure": null, "building": null, "opening_hours": "Mo-Fr 08:00-20:00; Sa 09:00-20:00; PH off", "poi_typ": "shop", "dienstag_vormittag": true }, "geometry": { "type": "Point", "coordinates": [ 13.4101496, 52.528845 ] } },
{ "type": "Feature", "properties": { "element": "node", "id": 588552725, "name": "Katharinen Apotheke", "shop": null, "amenity": "pharmacy", "office": null, "tourism": null, "leisure": null, "building": null, "opening_hours": "Mo-Fr 08:30-19:00; Sa 09:00-13:00", "poi_typ": "amenity", "dienstag_vormittag": true }, "geometry": { "type": "Point", "coordinates": [ 13.4553976, 52.5494413 ] } },
{ "type": "Feature", "properties": { "element": "node", "id": 588552733, "name": "Medicus Apotheke", "shop": null, "amenity": "pharmacy", "office": null, "tourism": null, "leisure": null, "building": null, "opening_hours": "Mo-Fr 08:00-19:30; Sa 08:30-14:00", "poi_typ": "amenity", "dienstag_vormittag": true }, "geometry": { "type": "Point", "coordinates": [ 13.4562626, 52.5492679 ] } },
{ "type": "Feature", "properties": { "element": "node", "id": 588557532, "name": "Moon", "shop": null, "amenity": "restaurant", "office": null, "tourism": null, "leisure": null, "building": null, "opening_hours": "Mo-Fr 11:30-22:00; Sa 12:00-22:00; Su 15:00-22:00", "poi_typ": "amenity", "dienstag_vormittag": true }, "geometry": { "type": "Point", "coordinates": [ 13.4502058, 52.5486217 ] } },
{ "type": "Feature", "properties": { "element": "node", "id": 588557536, "name": "Sky Apotheke am Antonplatz", "shop": null, "amenity": "pharmacy", "office": null, "tourism": null, "leisure": null, "building": null, "opening_hours": "Mo-Fr 08:00-20:00; Sa 09:00-14:00", "poi_typ": "amenity", "dienstag_vormittag": true }, "geometry": { "type": "Point", "coordinates": [ 13.4506766, 52.5487495 ] } },
{ "type": "Feature", "properties": { "element": "node", "id": 588557537, "name": "Targobank", "shop": null, "amenity": "bank", "office": null, "tourism": null, "leisure": null, "building": null, "opening_hours": "Mo-Fr 10:00-13:00, Tu 14:00-18:00", "poi_typ": "amenity", "dienstag_vormittag": true }, "geometry": { "type": "Point", "coordinates": [ 13.4514665, 52.5482051 ] } },
{ "type": "Feature", "properties": { "element": "node", "id": 588557948, "name": "Oppen’s Diner & Fleischerei", "shop": null, "amenity": "fast_food", "office": null, "tourism": null, "leisure": null, "building": null, "opening_hours": "Mo-Fr 09:30-16:00", "poi_typ": "amenity", "dienstag_vormittag": true }, "geometry": { "type": "Point", "coordinates": [ 13.4530819, 52.5484221 ] } },
{ "type": "Feature", "properties": { "element": "node", "id": 608524481, "name": "Prenz’l-Apotheke", "shop": null, "amenity": "pharmacy", "office": null, "tourism": null, "leisure": null, "building": null, "opening_hours": "Mo-Fr 08:00-20:00; Sa 08:30-20:00; PH off", "poi_typ": "amenity", "dienstag_vormittag": true }, "geometry": { "type": "Point", "coordinates": [ 13.4142615, 52.550241 ] } },
{ "type": "Feature", "properties": { "element": "node", "id": 611144224, "name": null, "shop": null, "amenity": "recycling", "office": null, "tourism": null, "leisure": null, "building": null, "opening_hours": "24/7", "poi_typ": "amenity", "dienstag_vormittag": true }, "geometry": { "type": "Point", "coordinates": [ 13.4206493, 52.542545 ] } },
{ "type": "Feature", "properties": { "element": "node", "id": 618048289, "name": "Friseur Beatrix", "shop": "hairdresser", "amenity": null, "office": null, "tourism": null, "leisure": null, "building": null, "opening_hours": "Mo-Fr 08:00-18:00", "poi_typ": "shop", "dienstag_vormittag": true }, "geometry": { "type": "Point", "coordinates": [ 13.4940172, 52.6355824 ] } },
{ "type": "Feature", "properties": { "element": "node", "id": 626304105, "name": "Cuccis", "shop": "bakery", "amenity": null, "office": null, "tourism": null, "leisure": null, "building": null, "opening_hours": "24/7", "poi_typ": "shop", "dienstag_vormittag": true }, "geometry": { "type": "Point", "coordinates": [ 13.4550928, 52.5291818 ] } },
{ "type": "Feature", "properties": { "element": "node", "id": 638214074, "name": "Coffee Star", "shop": null, "amenity": "cafe", "office": null, "tourism": null, "leisure": null, "building": null, "opening_hours": "Mo-Fr 08:00-19:00; Sa 09:00-19:00; Su 10:00-19:00", "poi_typ": "amenity", "dienstag_vormittag": true }, "geometry": { "type": "Point", "coordinates": [ 13.4214006, 52.5356286 ] } },
{ "type": "Feature", "properties": { "element": "node", "id": 645326106, "name": "Flair", "shop": null, "amenity": "brothel", "office": null, "tourism": null, "leisure": null, "building": null, "opening_hours": "Mo-Fr 10:00-21:00; Sa 11:00-18:00", "poi_typ": "amenity", "dienstag_vormittag": true }, "geometry": { "type": "Point", "coordinates": [ 13.4449376, 52.5537574 ] } },
{ "type": "Feature", "properties": { "element": "node", "id": 645567402, "name": null, "shop": null, "amenity": "charging_station", "office": null, "tourism": null, "leisure": null, "building": null, "opening_hours": "24/7", "poi_typ": "amenity", "dienstag_vormittag": true }, "geometry": { "type": "Point", "coordinates": [ 13.4465366, 52.5468267 ] } },
{ "type": "Feature", "properties": { "element": "node", "id": 652440986, "name": "Easy Peasy", "shop": null, "amenity": "cafe", "office": null, "tourism": null, "leisure": null, "building": null, "opening_hours": "Mo-Su 09:30-16:30", "poi_typ": "amenity", "dienstag_vormittag": true }, "geometry": { "type": "Point", "coordinates": [ 13.4244633, 52.5469035 ] } },
{ "type": "Feature", "properties": { "element": "node", "id": 653289588, "name": "easyApotheke", "shop": null, "amenity": "pharmacy", "office": null, "tourism": null, "leisure": null, "building": null, "opening_hours": "Mo-Fr 08:30-19:00; Sa 09:00-16:00", "poi_typ": "amenity", "dienstag_vormittag": true }, "geometry": { "type": "Point", "coordinates": [ 13.4403303, 52.5410448 ] } },
{ "type": "Feature", "properties": { "element": "node", "id": 664265053, "name": "Kaufland", "shop": "supermarket", "amenity": null, "office": null, "tourism": null, "leisure": null, "building": null, "opening_hours": "Mo-Fr 07:00-24:00; Sa 07:00-23:30", "poi_typ": "shop", "dienstag_vormittag": true }, "geometry": { "type": "Point", "coordinates": [ 13.4616186, 52.5236849 ] } },
{ "type": "Feature", "properties": { "element": "node", "id": 667718022, "name": "Opel Hinz", "shop": "car", "amenity": null, "office": null, "tourism": null, "leisure": null, "building": null, "opening_hours": "Mo-Fr 07:00-19:00, Sa 09:00-13:00", "poi_typ": "shop", "dienstag_vormittag": true }, "geometry": { "type": "Point", "coordinates": [ 13.3801217, 52.6017597 ] } },
{ "type": "Feature", "properties": { "element": "node", "id": 667893376, "name": "The Kafé", "shop": null, "amenity": "cafe", "office": null, "tourism": null, "leisure": null, "building": null, "opening_hours": "Mo-Fr 09:00-18:00; Sa,Su 09:30-18:30", "poi_typ": "amenity", "dienstag_vormittag": true }, "geometry": { "type": "Point", "coordinates": [ 13.4084608, 52.5376459 ] } },
{ "type": "Feature", "properties": { "element": "node", "id": 669888809, "name": "Total", "shop": null, "amenity": "fuel", "office": null, "tourism": null, "leisure": null, "building": null, "opening_hours": "24/7", "poi_typ": "amenity", "dienstag_vormittag": true }, "geometry": { "type": "Point", "coordinates": [ 13.4182496, 52.5288716 ] } },
{ "type": "Feature", "properties": { "element": "node", "id": 669891011, "name": "Total Station", "shop": null, "amenity": "fuel", "office": null, "tourism": null, "leisure": null, "building": null, "opening_hours": "24/7", "poi_typ": "amenity", "dienstag_vormittag": true }, "geometry": { "type": "Point", "coordinates": [ 13.4411584, 52.5307766 ] } },
{ "type": "Feature", "properties": { "element": "node", "id": 671480778, "name": "Zeeman", "shop": "clothes", "amenity": null, "office": null, "tourism": null, "leisure": null, "building": null, "opening_hours": "Sa 09:00-18:00; Mo-Fr 09:00-19:00", "poi_typ": "shop", "dienstag_vormittag": true }, "geometry": { "type": "Point", "coordinates": [ 13.4652276, 52.5226737 ] } },
{ "type": "Feature", "properties": { "element": "node", "id": 676381853, "name": "Euronet", "shop": null, "amenity": "atm", "office": null, "tourism": null, "leisure": null, "building": null, "opening_hours": "24/7", "poi_typ": "amenity", "dienstag_vormittag": true }, "geometry": { "type": "Point", "coordinates": [ 13.4217122, 52.5393376 ] } },
{ "type": "Feature", "properties": { "element": "node", "id": 677826168, "name": "Café La Vineta", "shop": null, "amenity": "cafe", "office": null, "tourism": null, "leisure": null, "building": null, "opening_hours": "Mo-Fr 06:00-18:00", "poi_typ": "amenity", "dienstag_vormittag": true }, "geometry": { "type": "Point", "coordinates": [ 13.413655, 52.5590025 ] } },
{ "type": "Feature", "properties": { "element": "node", "id": 679780960, "name": "Shell", "shop": null, "amenity": "car_wash", "office": null, "tourism": null, "leisure": null, "building": null, "opening_hours": "Mo-Su 00:00-03:00,03:30-23:59", "poi_typ": "amenity", "dienstag_vormittag": true }, "geometry": { "type": "Point", "coordinates": [ 13.4152403, 52.5563726 ] } },
{ "type": "Feature", "properties": { "element": "node", "id": 686472727, "name": "Barbershop Gent", "shop": "hairdresser", "amenity": null, "office": null, "tourism": null, "leisure": null, "building": null, "opening_hours": "Mo-Fr 09:00-20:00; Sa 09:00-18:00", "poi_typ": "shop", "dienstag_vormittag": true }, "geometry": { "type": "Point", "coordinates": [ 13.4381183, 52.5413492 ] } },
{ "type": "Feature", "properties": { "element": "node", "id": 692196581, "name": "Ralf Rajemann", "shop": "bakery", "amenity": null, "office": null, "tourism": null, "leisure": null, "building": null, "opening_hours": "Mo-Fr 06:40-18:00; Sa 07:00-12:30", "poi_typ": "shop", "dienstag_vormittag": true }, "geometry": { "type": "Point", "coordinates": [ 13.4133545, 52.5422177 ] } },
{ "type": "Feature", "properties": { "element": "node", "id": 697303672, "name": "Caspar", "shop": null, "amenity": "bar", "office": null, "tourism": null, "leisure": null, "building": null, "opening_hours": "Mo-Su 18:00+", "poi_typ": "amenity", "dienstag_vormittag": true }, "geometry": { "type": "Point", "coordinates": [ 13.4384465, 52.5412172 ] } },
{ "type": "Feature", "properties": { "element": "node", "id": 697714208, "name": "Lemon Grass Scent", "shop": null, "amenity": "restaurant", "office": null, "tourism": null, "leisure": null, "building": null, "opening_hours": "Mo-Fr 11:30-24:00; Sa-Su 12:00-24:00", "poi_typ": "amenity", "dienstag_vormittag": true }, "geometry": { "type": "Point", "coordinates": [ 13.4097166, 52.5338145 ] } },
{ "type": "Feature", "properties": { "element": "node", "id": 697714221, "name": "Soulhouse", "shop": "massage", "amenity": null, "office": null, "tourism": null, "leisure": null, "building": null, "opening_hours": "Mo-Su 09:00-21:00", "poi_typ": "shop", "dienstag_vormittag": true }, "geometry": { "type": "Point", "coordinates": [ 13.411583, 52.5330742 ] } },
{ "type": "Feature", "properties": { "element": "node", "id": 697912066, "name": "Vodafone", "shop": "telecommunication", "amenity": null, "office": null, "tourism": null, "leisure": null, "building": null, "opening_hours": "Mo-Fr 10:00-18:30; Sa 11:00-16:00", "poi_typ": "shop", "dienstag_vormittag": true }, "geometry": { "type": "Point", "coordinates": [ 13.413867, 52.5480416 ] } },
{ "type": "Feature", "properties": { "element": "node", "id": 697921440, "name": "Restaurant Mãmây", "shop": null, "amenity": "restaurant", "office": null, "tourism": null, "leisure": null, "building": null, "opening_hours": "Mo-Su 11:30-22:00", "poi_typ": "amenity", "dienstag_vormittag": true }, "geometry": { "type": "Point", "coordinates": [ 13.4132229, 52.5455885 ] } },
{ "type": "Feature", "properties": { "element": "node", "id": 721617846, "name": "KiK", "shop": "clothes", "amenity": null, "office": null, "tourism": null, "leisure": null, "building": null, "opening_hours": "Mo-Fr 10:00-19:00; Sa 10:00-18:00; Su, PH off", "poi_typ": "shop", "dienstag_vormittag": true }, "geometry": { "type": "Point", "coordinates": [ 13.4291966, 52.5603223 ] } },
{ "type": "Feature", "properties": { "element": "node", "id": 726689038, "name": "Rad der Stadt", "shop": "bicycle", "amenity": null, "office": null, "tourism": null, "leisure": null, "building": null, "opening_hours": "Mo-Fr 10:00-19:00; Sa 10:00-16:00", "poi_typ": "shop", "dienstag_vormittag": true }, "geometry": { "type": "Point", "coordinates": [ 13.42369, 52.5375973 ] } },
{ "type": "Feature", "properties": { "element": "node", "id": 737216269, "name": "Diem Mey Änderungsschneiderei", "shop": "tailor", "amenity": null, "office": null, "tourism": null, "leisure": null, "building": null, "opening_hours": "Mo-Fr 09:00-19:00; Sa 09:00-14:00", "poi_typ": "shop", "dienstag_vormittag": true }, "geometry": { "type": "Point", "coordinates": [ 13.416989, 52.5501606 ] } },
{ "type": "Feature", "properties": { "element": "node", "id": 738086136, "name": "Salon Pankow", "shop": null, "amenity": "brothel", "office": null, "tourism": null, "leisure": null, "building": null, "opening_hours": "24/7", "poi_typ": "amenity", "dienstag_vormittag": true }, "geometry": { "type": "Point", "coordinates": [ 13.408027, 52.564182 ] } },
{ "type": "Feature", "properties": { "element": "node", "id": 746853039, "name": "Baris‘ta Bäckerei", "shop": "bakery", "amenity": null, "office": null, "tourism": null, "leisure": null, "building": null, "opening_hours": "Mo-Fr 05:00-18:00; Su 06:00-18:00; Sa 06:00-15:00", "poi_typ": "shop", "dienstag_vormittag": true }, "geometry": { "type": "Point", "coordinates": [ 13.3971561, 52.5793919 ] } },
{ "type": "Feature", "properties": { "element": "node", "id": 746853048, "name": "Friseursalon am Platz", "shop": "hairdresser", "amenity": null, "office": null, "tourism": null, "leisure": null, "building": null, "opening_hours": "Mo-Fr 08:30-18:00; Sa 09:00-14:00", "poi_typ": "shop", "dienstag_vormittag": true }, "geometry": { "type": "Point", "coordinates": [ 13.3987433, 52.580223 ] } },
{ "type": "Feature", "properties": { "element": "node", "id": 746853068, "name": "Liesi Liest", "shop": "books", "amenity": null, "office": null, "tourism": null, "leisure": null, "building": null, "opening_hours": "Mo-Fr 14:00-19:00; Sa 10:00-14:00", "poi_typ": "shop", "dienstag_vormittag": true }, "geometry": { "type": "Point", "coordinates": [ 13.3979996, 52.579156 ] } },
{ "type": "Feature", "properties": { "element": "node", "id": 746853082, "name": "HaarGenau", "shop": "hairdresser", "amenity": null, "office": null, "tourism": null, "leisure": null, "building": null, "opening_hours": "Mo-Fr 08:00-20:00; Sa 08:00-13:00", "poi_typ": "shop", "dienstag_vormittag": true }, "geometry": { "type": "Point", "coordinates": [ 13.3991344, 52.5799256 ] } },
{ "type": "Feature", "properties": { "element": "node", "id": 746853085, "name": "Mocca Fou", "shop": null, "amenity": "cafe", "office": null, "tourism": null, "leisure": null, "building": null, "opening_hours": "Mo-Su 10:00-19:00", "poi_typ": "amenity", "dienstag_vormittag": true }, "geometry": { "type": "Point", "coordinates": [ 13.3996999, 52.5807501 ] } },
{ "type": "Feature", "properties": { "element": "node", "id": 747395207, "name": "Berliner Toilette", "shop": null, "amenity": "toilets", "office": null, "tourism": null, "leisure": null, "building": null, "opening_hours": "24/7", "poi_typ": "amenity", "dienstag_vormittag": true }, "geometry": { "type": "Point", "coordinates": [ 13.4002477, 52.5806679 ] } },
{ "type": "Feature", "properties": { "element": "node", "id": 747457640, "name": "Dr.med. Stephan Oertel", "shop": null, "amenity": "doctors", "office": null, "tourism": null, "leisure": null, "building": null, "opening_hours": "Mo-Fr 08:00-12:30; Mo,We,Fr 15:00-18:00", "poi_typ": "amenity", "dienstag_vormittag": true }, "geometry": { "type": "Point", "coordinates": [ 13.4040219, 52.5823668 ] } },
{ "type": "Feature", "properties": { "element": "node", "id": 747457651, "name": "Patrizias Hautstudio", "shop": "beauty", "amenity": null, "office": null, "tourism": null, "leisure": null, "building": null, "opening_hours": "Mo-Fr 09:00-15:00", "poi_typ": "shop", "dienstag_vormittag": true }, "geometry": { "type": "Point", "coordinates": [ 13.4047109, 52.5814112 ] } },
{ "type": "Feature", "properties": { "element": "node", "id": 747457662, "name": "Thy Studio", "shop": "cosmetics", "amenity": null, "office": null, "tourism": null, "leisure": null, "building": null, "opening_hours": "Mo-Fr 10:00-19:00; Sa 10:00-18:00", "poi_typ": "shop", "dienstag_vormittag": true }, "geometry": { "type": "Point", "coordinates": [ 13.4039385, 52.582468 ] } },
{ "type": "Feature", "properties": { "element": "node", "id": 747457663, "name": "m.müller", "shop": "windows;blinds", "amenity": null, "office": null, "tourism": null, "leisure": null, "building": null, "opening_hours": "Mo-Fr 09:00-18:00", "poi_typ": "shop", "dienstag_vormittag": true }, "geometry": { "type": "Point", "coordinates": [ 13.4057227, 52.5815239 ] } },
{ "type": "Feature", "properties": { "element": "node", "id": 747457680, "name": "McPaper", "shop": "stationery", "amenity": null, "office": null, "tourism": null, "leisure": null, "building": null, "opening_hours": "Mo-Fr 10:00-18:30; Sa 09:30-14:30", "poi_typ": "shop", "dienstag_vormittag": true }, "geometry": { "type": "Point", "coordinates": [ 13.4044629, 52.5813627 ] } },
{ "type": "Feature", "properties": { "element": "node", "id": 747504789, "name": "Mandaya", "shop": "massage", "amenity": null, "office": null, "tourism": null, "leisure": null, "building": null, "opening_hours": "Mo-Fr 10:00-19:00; Sa 10:00-16:00", "poi_typ": "shop", "dienstag_vormittag": true }, "geometry": { "type": "Point", "coordinates": [ 13.4027601, 52.5860049 ] } },
{ "type": "Feature", "properties": { "element": "node", "id": 747512476, "name": "Palast", "shop": null, "amenity": "fast_food", "office": null, "tourism": null, "leisure": null, "building": null, "opening_hours": "24/7", "poi_typ": "amenity", "dienstag_vormittag": true }, "geometry": { "type": "Point", "coordinates": [ 13.4015214, 52.5880316 ] } },
{ "type": "Feature", "properties": { "element": "node", "id": 747517159, "name": "Nordend-Apotheke", "shop": null, "amenity": "pharmacy", "office": null, "tourism": null, "leisure": null, "building": null, "opening_hours": "Mo-Fr 09:00-18:00; Sa 09:00-12:00", "poi_typ": "amenity", "dienstag_vormittag": true }, "geometry": { "type": "Point", "coordinates": [ 13.4014334, 52.5894147 ] } },
{ "type": "Feature", "properties": { "element": "node", "id": 747523555, "name": "Ristorante Francavilla Pizzeria", "shop": null, "amenity": "restaurant", "office": null, "tourism": null, "leisure": null, "building": null, "opening_hours": "Mo-Su,PH 11:30-23:00", "poi_typ": "amenity", "dienstag_vormittag": true }, "geometry": { "type": "Point", "coordinates": [ 13.4021068, 52.5875245 ] } },
{ "type": "Feature", "properties": { "element": "node", "id": 747528357, "name": "Café maximal", "shop": null, "amenity": "cafe", "office": null, "tourism": null, "leisure": null, "building": null, "opening_hours": "Mo-Fr 06:00-19:00; Sa-Su 07:00-17:00", "poi_typ": "amenity", "dienstag_vormittag": true }, "geometry": { "type": "Point", "coordinates": [ 13.40202, 52.5870727 ] } },
{ "type": "Feature", "properties": { "element": "node", "id": 747528358, "name": "Buchhandlung Chaiselongue", "shop": "books", "amenity": null, "office": null, "tourism": null, "leisure": null, "building": null, "opening_hours": "Mo-Fr 10:00-19:00; Sa 10:00-14:00", "poi_typ": "shop", "dienstag_vormittag": true }, "geometry": { "type": "Point", "coordinates": [ 13.401978, 52.587232 ] } },
{ "type": "Feature", "properties": { "element": "node", "id": 753328970, "name": "Berliner Currywurst", "shop": null, "amenity": "fast_food", "office": null, "tourism": null, "leisure": null, "building": null, "opening_hours": "Mo-Fr 09:00-19:00; Sa 10:00-16:00", "poi_typ": "amenity", "dienstag_vormittag": true }, "geometry": { "type": "Point", "coordinates": [ 13.4114857, 52.568608 ] } },
{ "type": "Feature", "properties": { "element": "node", "id": 753328973, "name": "Fahrschulen Exakt", "shop": null, "amenity": "driving_school", "office": null, "tourism": null, "leisure": null, "building": null, "opening_hours": "Mo-Fr 10:00-18:00; Sa 10:00-16:00", "poi_typ": "amenity", "dienstag_vormittag": true }, "geometry": { "type": "Point", "coordinates": [ 13.4118136, 52.5679631 ] } },
{ "type": "Feature", "properties": { "element": "node", "id": 753328977, "name": "Dem Back", "shop": "bakery", "amenity": null, "office": null, "tourism": null, "leisure": null, "building": null, "opening_hours": "Mo-Fr 04:00-18:00; Sa 06:00-15:00", "poi_typ": "shop", "dienstag_vormittag": true }, "geometry": { "type": "Point", "coordinates": [ 13.4118745, 52.5677788 ] } },
{ "type": "Feature", "properties": { "element": "node", "id": 753361458, "name": "Flick Flack", "shop": "convenience", "amenity": null, "office": null, "tourism": null, "leisure": null, "building": null, "opening_hours": "24/7", "poi_typ": "shop", "dienstag_vormittag": true }, "geometry": { "type": "Point", "coordinates": [ 13.410203, 52.5704399 ] } },
{ "type": "Feature", "properties": { "element": "node", "id": 753361463, "name": "Marjinal", "shop": "hairdresser", "amenity": null, "office": null, "tourism": null, "leisure": null, "building": null, "opening_hours": "Mo-Fr 10:00-19:00; Sa 10:00-18:00", "poi_typ": "shop", "dienstag_vormittag": true }, "geometry": { "type": "Point", "coordinates": [ 13.4108156, 52.5697285 ] } },
{ "type": "Feature", "properties": { "element": "node", "id": 753361477, "name": "conAmore", "shop": null, "amenity": "ice_cream", "office": null, "tourism": null, "leisure": null, "building": null, "opening_hours": "Mo-Fr 09:00-18:00; Sa 10:00-15:00", "poi_typ": "amenity", "dienstag_vormittag": true }, "geometry": { "type": "Point", "coordinates": [ 13.4107064, 52.5698712 ] } },
{ "type": "Feature", "properties": { "element": "node", "id": 753467604, "name": "Mendel Apotheke", "shop": null, "amenity": "pharmacy", "office": null, "tourism": null, "leisure": null, "building": null, "opening_hours": "Mo-Fr 08:00-19:00; Sa 09:00-13:00", "poi_typ": "amenity", "dienstag_vormittag": true }, "geometry": { "type": "Point", "coordinates": [ 13.4108555, 52.5714517 ] } },
{ "type": "Feature", "properties": { "element": "node", "id": 753528287, "name": "Verbundkita Pankow - Die Wölfe", "shop": null, "amenity": "kindergarten", "office": null, "tourism": null, "leisure": null, "building": null, "opening_hours": "Mo-Fr 07:30-17:30", "poi_typ": "amenity", "dienstag_vormittag": true }, "geometry": { "type": "Point", "coordinates": [ 13.4097183, 52.5722415 ] } },
{ "type": "Feature", "properties": { "element": "node", "id": 753732407, "name": "Platinium-Girls", "shop": null, "amenity": "brothel", "office": null, "tourism": null, "leisure": null, "building": null, "opening_hours": "Mo-Fr 10:00-22:00", "poi_typ": "amenity", "dienstag_vormittag": true }, "geometry": { "type": "Point", "coordinates": [ 13.4217318, 52.5736733 ] } },
{ "type": "Feature", "properties": { "element": "node", "id": 759524115, "name": "Fahrrad-Linke", "shop": "bicycle", "amenity": null, "office": null, "tourism": null, "leisure": null, "building": null, "opening_hours": "Mo-Fr 11:00-18:00; Sa 11:00-14:00", "poi_typ": "shop", "dienstag_vormittag": true }, "geometry": { "type": "Point", "coordinates": [ 13.4103869, 52.5394527 ] } },
{ "type": "Feature", "properties": { "element": "node", "id": 759592761, "name": "Kopierladen Prenzlauer Berg", "shop": "copyshop", "amenity": null, "office": null, "tourism": null, "leisure": null, "building": null, "opening_hours": "Mo-Fr 08:00-21:00; Sa 11:00-19:00", "poi_typ": "shop", "dienstag_vormittag": true }, "geometry": { "type": "Point", "coordinates": [ 13.4283891, 52.5374527 ] } },
{ "type": "Feature", "properties": { "element": "node", "id": 760178776, "name": "Fauna-Reisen", "shop": "travel_agency", "amenity": null, "office": null, "tourism": null, "leisure": null, "building": null, "opening_hours": "Mo-Fr 09:00-18:00", "poi_typ": "shop", "dienstag_vormittag": true }, "geometry": { "type": "Point", "coordinates": [ 13.4227208, 52.5815557 ] } },
{ "type": "Feature", "properties": { "element": "node", "id": 765341424, "name": "Eulen Apotheke", "shop": null, "amenity": "pharmacy", "office": null, "tourism": null, "leisure": null, "building": null, "opening_hours": "Mo-Fr 08:30-19:00, Sa 09:00-14:00", "poi_typ": "amenity", "dienstag_vormittag": true }, "geometry": { "type": "Point", "coordinates": [ 13.397257, 52.5657093 ] } },
{ "type": "Feature", "properties": { "element": "node", "id": 770651959, "name": "Sonnen Apotheke", "shop": null, "amenity": "pharmacy", "office": null, "tourism": null, "leisure": null, "building": null, "opening_hours": "Mo-Fr 09:00-18:00; Sa 09:00-13:00", "poi_typ": "amenity", "dienstag_vormittag": true }, "geometry": { "type": "Point", "coordinates": [ 13.4317943, 52.5544002 ] } },
{ "type": "Feature", "properties": { "element": "node", "id": 775578347, "name": "Prenzlauer Apotheke", "shop": null, "amenity": "pharmacy", "office": null, "tourism": null, "leisure": null, "building": null, "opening_hours": "Mo-Fr 09:00-19:30; Sa 09:00-18:00", "poi_typ": "amenity", "dienstag_vormittag": true }, "geometry": { "type": "Point", "coordinates": [ 13.4218153, 52.5359441 ] } },
{ "type": "Feature", "properties": { "element": "node", "id": 778710953, "name": "Zaza", "shop": null, "amenity": "pub", "office": null, "tourism": null, "leisure": null, "building": null, "opening_hours": "Mo-Su 16:00+", "poi_typ": "amenity", "dienstag_vormittag": true }, "geometry": { "type": "Point", "coordinates": [ 13.4100306, 52.5391125 ] } },
{ "type": "Feature", "properties": { "element": "node", "id": 778710966, "name": "Plazebo", "shop": "bakery", "amenity": null, "office": null, "tourism": null, "leisure": null, "building": null, "opening_hours": "Mo-Su 08:00-18:00", "poi_typ": "shop", "dienstag_vormittag": true }, "geometry": { "type": "Point", "coordinates": [ 13.4083106, 52.5374842 ] } },
{ "type": "Feature", "properties": { "element": "node", "id": 778710969, "name": "Babel", "shop": null, "amenity": "restaurant", "office": null, "tourism": null, "leisure": null, "building": null, "opening_hours": "Mo-Su 11:00-24:00", "poi_typ": "amenity", "dienstag_vormittag": true }, "geometry": { "type": "Point", "coordinates": [ 13.407453, 52.5367019 ] } },
{ "type": "Feature", "properties": { "element": "node", "id": 778710973, "name": "Habba Habba", "shop": null, "amenity": "fast_food", "office": null, "tourism": null, "leisure": null, "building": null, "opening_hours": "PH,Mo-Su 11:00-23:00", "poi_typ": "amenity", "dienstag_vormittag": true }, "geometry": { "type": "Point", "coordinates": [ 13.4097955, 52.5389081 ] } },
{ "type": "Feature", "properties": { "element": "node", "id": 783442824, "name": "Reisebüro Schindler", "shop": "travel_agency", "amenity": null, "office": null, "tourism": null, "leisure": null, "building": null, "opening_hours": "Mo-Fr 11:00-18:00", "poi_typ": "shop", "dienstag_vormittag": true }, "geometry": { "type": "Point", "coordinates": [ 13.4180323, 52.5403858 ] } },
{ "type": "Feature", "properties": { "element": "node", "id": 783442847, "name": "Benjowski Teehandelshaus", "shop": "tea", "amenity": null, "office": null, "tourism": null, "leisure": null, "building": null, "opening_hours": "Mo-Fr 11:30-19:00; Sa 10:00-14:00", "poi_typ": "shop", "dienstag_vormittag": true }, "geometry": { "type": "Point", "coordinates": [ 13.4133885, 52.541004 ] } },
{ "type": "Feature", "properties": { "element": "node", "id": 783442854, "name": "Lychener Back", "shop": "bakery", "amenity": null, "office": null, "tourism": null, "leisure": null, "building": null, "opening_hours": "PH,Mo-Su 06:00-18:00", "poi_typ": "shop", "dienstag_vormittag": true }, "geometry": { "type": "Point", "coordinates": [ 13.414858, 52.5409373 ] } },
{ "type": "Feature", "properties": { "element": "node", "id": 792247198, "name": "Bisquitte", "shop": "bakery", "amenity": null, "office": null, "tourism": null, "leisure": null, "building": null, "opening_hours": "Mo-Su 06:00-20:00", "poi_typ": "shop", "dienstag_vormittag": true }, "geometry": { "type": "Point", "coordinates": [ 13.4146092, 52.5521926 ] } },
{ "type": "Feature", "properties": { "element": "node", "id": 792248534, "name": "NKD", "shop": "clothes", "amenity": null, "office": null, "tourism": null, "leisure": null, "building": null, "opening_hours": "Mo-Fr 09:30-20:00; Sa 09:30-18:00", "poi_typ": "shop", "dienstag_vormittag": true }, "geometry": { "type": "Point", "coordinates": [ 13.4140297, 52.5534039 ] } },
{ "type": "Feature", "properties": { "element": "node", "id": 793735854, "name": "Prinzen Falafel", "shop": null, "amenity": "fast_food", "office": null, "tourism": null, "leisure": null, "building": null, "opening_hours": "Mo-Su 10:00-10:00", "poi_typ": "amenity", "dienstag_vormittag": true }, "geometry": { "type": "Point", "coordinates": [ 13.402659, 52.5403327 ] } },
{ "type": "Feature", "properties": { "element": "node", "id": 800904252, "name": "Ameliya", "shop": "massage", "amenity": null, "office": null, "tourism": null, "leisure": null, "building": null, "opening_hours": "Mo-Fr 10:00-22:00; Sa,Su 12:00-22:00", "poi_typ": "shop", "dienstag_vormittag": true }, "geometry": { "type": "Point", "coordinates": [ 13.450638, 52.549374 ] } },
{ "type": "Feature", "properties": { "element": "node", "id": 802550080, "name": "Bonanza Coffee Heroes", "shop": null, "amenity": "cafe", "office": null, "tourism": null, "leisure": null, "building": null, "opening_hours": "Mo-Fr 08:30-18:30; Sa-Su 10:00-19:00", "poi_typ": "amenity", "dienstag_vormittag": true }, "geometry": { "type": "Point", "coordinates": [ 13.4053802, 52.5399974 ] } },
{ "type": "Feature", "properties": { "element": "node", "id": 810550919, "name": "STARCAR", "shop": null, "amenity": "car_rental", "office": null, "tourism": null, "leisure": null, "building": null, "opening_hours": "Mo-Fr 07:30-18:30; Sa-Su 09:00-10:00", "poi_typ": "amenity", "dienstag_vormittag": true }, "geometry": { "type": "Point", "coordinates": [ 13.4448628, 52.5653243 ] } },
{ "type": "Feature", "properties": { "element": "node", "id": 811250424, "name": "Majesty Grill", "shop": null, "amenity": "fast_food", "office": null, "tourism": null, "leisure": null, "building": null, "opening_hours": "Mo-Fr 09:00-24:00; Sa,Su 10:00-24:00", "poi_typ": "amenity", "dienstag_vormittag": true }, "geometry": { "type": "Point", "coordinates": [ 13.3668569, 52.5851856 ] } },
{ "type": "Feature", "properties": { "element": "node", "id": 823779622, "name": "Pakolat", "shop": "coffee", "amenity": "cafe", "office": null, "tourism": null, "leisure": null, "building": null, "opening_hours": "Mo-Su 11:00-18:00", "poi_typ": "shop", "dienstag_vormittag": true }, "geometry": { "type": "Point", "coordinates": [ 13.4162712, 52.5438537 ] } },
{ "type": "Feature", "properties": { "element": "node", "id": 824842125, "name": "Nail Beauty", "shop": "beauty", "amenity": null, "office": null, "tourism": null, "leisure": null, "building": null, "opening_hours": "Mo-Fr 10:00-18:00; Sa 10:00-13:00", "poi_typ": "shop", "dienstag_vormittag": true }, "geometry": { "type": "Point", "coordinates": [ 13.4016441, 52.5693712 ] } },
{ "type": "Feature", "properties": { "element": "node", "id": 828060390, "name": "Zweite Liebe", "shop": "stationery", "amenity": null, "office": null, "tourism": null, "leisure": null, "building": null, "opening_hours": "Mo-Fr 10:00-19:00; Sa 10:00-16:00", "poi_typ": "shop", "dienstag_vormittag": true }, "geometry": { "type": "Point", "coordinates": [ 13.4093741, 52.5666077 ] } },
{ "type": "Feature", "properties": { "element": "node", "id": 831811524, "name": "Targobank", "shop": null, "amenity": "bank", "office": null, "tourism": null, "leisure": null, "building": null, "opening_hours": "Mo-Fr 10:00-13:00, Mo,Tu,Th 14:00-18:00", "poi_typ": "amenity", "dienstag_vormittag": true }, "geometry": { "type": "Point", "coordinates": [ 13.401952, 52.569363 ] } },
{ "type": "Feature", "properties": { "element": "node", "id": 833025083, "name": "Teeater", "shop": "tea", "amenity": null, "office": null, "tourism": null, "leisure": null, "building": null, "opening_hours": "Mo-Fr 10:00-19:00; Sa 10:00-16:00", "poi_typ": "shop", "dienstag_vormittag": true }, "geometry": { "type": "Point", "coordinates": [ 13.4213211, 52.5433879 ] } },
{ "type": "Feature", "properties": { "element": "node", "id": 833025100, "name": "Eislabor", "shop": null, "amenity": "ice_cream", "office": null, "tourism": null, "leisure": null, "building": null, "opening_hours": "Mo-Su 14:00+", "poi_typ": "amenity", "dienstag_vormittag": true }, "geometry": { "type": "Point", "coordinates": [ 13.4221348, 52.5417617 ] } },
{ "type": "Feature", "properties": { "element": "node", "id": 847026515, "name": "Getränke Hoffmann", "shop": "beverages", "amenity": null, "office": null, "tourism": null, "leisure": null, "building": null, "opening_hours": "Mo-Fr 09:00-20:00; Sa 09:00-18:00", "poi_typ": "shop", "dienstag_vormittag": true }, "geometry": { "type": "Point", "coordinates": [ 13.4365174, 52.5691932 ] } },
{ "type": "Feature", "properties": { "element": "node", "id": 847731588, "name": "Blumen Werth", "shop": "florist", "amenity": null, "office": null, "tourism": null, "leisure": null, "building": null, "opening_hours": "Mo-Fr 10:00-17:00; Sa 10:00-13:00; Su 10:00-12:00", "poi_typ": "shop", "dienstag_vormittag": true }, "geometry": { "type": "Point", "coordinates": [ 13.4422039, 52.5687061 ] } },
{ "type": "Feature", "properties": { "element": "node", "id": 858993575, "name": "LPG Bio-Bistro", "shop": null, "amenity": "cafe", "office": null, "tourism": null, "leisure": null, "building": null, "opening_hours": "Mo-Fr 11:00-15:30", "poi_typ": "amenity", "dienstag_vormittag": true }, "geometry": { "type": "Point", "coordinates": [ 13.4133277, 52.5328113 ] } },
{ "type": "Feature", "properties": { "element": "node", "id": 868336319, "name": "REWE", "shop": "supermarket", "amenity": null, "office": null, "tourism": null, "leisure": null, "building": null, "opening_hours": "Mo-Fr 07:00-24:00; Sa 07:00-23:30", "poi_typ": "shop", "dienstag_vormittag": true }, "geometry": { "type": "Point", "coordinates": [ 13.43009, 52.5452959 ] } },
{ "type": "Feature", "properties": { "element": "node", "id": 868772525, "name": "Little John Bikes", "shop": "bicycle", "amenity": null, "office": null, "tourism": null, "leisure": null, "building": null, "opening_hours": "Mo-Fr 10:00-19:00; Sa 10:00-18:00", "poi_typ": "shop", "dienstag_vormittag": true }, "geometry": { "type": "Point", "coordinates": [ 13.427137, 52.545146 ] } },
{ "type": "Feature", "properties": { "element": "node", "id": 894418877, "name": "fahrradkoppel", "shop": "bicycle", "amenity": null, "office": null, "tourism": null, "leisure": null, "building": null, "opening_hours": "Mo-Fr 10:00-13:30,14:30-19:00; Sa 12:00-16:00", "poi_typ": "shop", "dienstag_vormittag": true }, "geometry": { "type": "Point", "coordinates": [ 13.4306236, 52.5326476 ] } },
{ "type": "Feature", "properties": { "element": "node", "id": 920059067, "name": "Oxfam", "shop": "charity", "amenity": null, "office": null, "tourism": null, "leisure": null, "building": null, "opening_hours": "Mo-Fr 10:00-19:00; Sa 11:00-15:00", "poi_typ": "shop", "dienstag_vormittag": true }, "geometry": { "type": "Point", "coordinates": [ 13.4132211, 52.5488299 ] } },
{ "type": "Feature", "properties": { "element": "node", "id": 947301033, "name": "Lebensmittel und Getränke", "shop": "convenience", "amenity": null, "office": null, "tourism": null, "leisure": null, "building": null, "opening_hours": "Mo-Fr 09:30-22:00; Sa 10:30-22:00", "poi_typ": "shop", "dienstag_vormittag": true }, "geometry": { "type": "Point", "coordinates": [ 13.4083302, 52.5533409 ] } },
{ "type": "Feature", "properties": { "element": "node", "id": 968208346, "name": "Fantasy Massagen", "shop": "massage", "amenity": null, "office": null, "tourism": null, "leisure": null, "building": null, "opening_hours": "Sa,Su 12:00-19:00; Mo-Fr 11:00-22:00", "poi_typ": "shop", "dienstag_vormittag": true }, "geometry": { "type": "Point", "coordinates": [ 13.4339002, 52.5540809 ] } },
{ "type": "Feature", "properties": { "element": "node", "id": 974389011, "name": "Camino", "shop": null, "amenity": "cafe", "office": null, "tourism": null, "leisure": null, "building": null, "opening_hours": "Mo-Su 09:00-17:00", "poi_typ": "amenity", "dienstag_vormittag": true }, "geometry": { "type": "Point", "coordinates": [ 13.43159, 52.5318765 ] } },
{ "type": "Feature", "properties": { "element": "node", "id": 985908227, "name": "Friseursalon Sabine Anders", "shop": "hairdresser", "amenity": null, "office": null, "tourism": null, "leisure": null, "building": null, "opening_hours": "Mo-Fr 08:00-19:00; Sa 08:00-13:00", "poi_typ": "shop", "dienstag_vormittag": true }, "geometry": { "type": "Point", "coordinates": [ 13.4911137, 52.6288341 ] } },
{ "type": "Feature", "properties": { "element": "node", "id": 987950846, "name": "Subway", "shop": null, "amenity": "fast_food", "office": null, "tourism": null, "leisure": null, "building": null, "opening_hours": "Mo-Su,PH 10:00-21:00", "poi_typ": "amenity", "dienstag_vormittag": true }, "geometry": { "type": "Point", "coordinates": [ 13.4146805, 52.5494566 ] } },
{ "type": "Feature", "properties": { "element": "node", "id": 988652466, "name": "Johns Bäckerei", "shop": "bakery", "amenity": null, "office": null, "tourism": null, "leisure": null, "building": null, "opening_hours": "Mo-Fr 06:00-18:00; Sa 07:00-12:00; Su 08:00-11:00", "poi_typ": "shop", "dienstag_vormittag": true }, "geometry": { "type": "Point", "coordinates": [ 13.4192026, 52.56712 ] } },
{ "type": "Feature", "properties": { "element": "node", "id": 990239062, "name": null, "shop": null, "amenity": "recycling", "office": null, "tourism": null, "leisure": null, "building": null, "opening_hours": "24/7", "poi_typ": "amenity", "dienstag_vormittag": true }, "geometry": { "type": "Point", "coordinates": [ 13.4252037, 52.5563093 ] } },
{ "type": "Feature", "properties": { "element": "node", "id": 993801825, "name": "Barista", "shop": null, "amenity": "cafe", "office": null, "tourism": null, "leisure": null, "building": null, "opening_hours": "Mo-Fr 08:00-17:00; Sa,Su,PH 09:00-17:00", "poi_typ": "amenity", "dienstag_vormittag": true }, "geometry": { "type": "Point", "coordinates": [ 13.4098669, 52.5383099 ] } },
{ "type": "Feature", "properties": { "element": "node", "id": 993811860, "name": "Kapitalist", "shop": null, "amenity": "bar", "office": null, "tourism": null, "leisure": null, "building": null, "opening_hours": "PH,Mo-Su 11:00-18:00+", "poi_typ": "amenity", "dienstag_vormittag": true }, "geometry": { "type": "Point", "coordinates": [ 13.4114113, 52.5381294 ] } },
{ "type": "Feature", "properties": { "element": "node", "id": 993834517, "name": "otto", "shop": null, "amenity": "restaurant", "office": null, "tourism": null, "leisure": null, "building": null, "opening_hours": "Mo-Fr 08:00-16:00; Sa 09:00-17:00", "poi_typ": "amenity", "dienstag_vormittag": true }, "geometry": { "type": "Point", "coordinates": [ 13.41023, 52.5381702 ] } },
{ "type": "Feature", "properties": { "element": "node", "id": 1005311923, "name": "Vandéll", "shop": "hairdresser", "amenity": null, "office": null, "tourism": null, "leisure": null, "building": null, "opening_hours": "Mo-Fr 07:00-19:00; Sa 08:00-15:00", "poi_typ": "shop", "dienstag_vormittag": true }, "geometry": { "type": "Point", "coordinates": [ 13.4700766, 52.6142071 ] } },
{ "type": "Feature", "properties": { "element": "node", "id": 1037287841, "name": "SAUNARIVM - Ihr Wellnesstempel", "shop": null, "amenity": null, "office": null, "tourism": null, "leisure": "sauna", "building": null, "opening_hours": "Mo-Su 11:00-23:00", "poi_typ": "leisure", "dienstag_vormittag": true }, "geometry": { "type": "Point", "coordinates": [ 13.4021301, 52.5701452 ] } },
{ "type": "Feature", "properties": { "element": "node", "id": 1105788867, "name": "Jünemann's Pantoffeleck", "shop": "shoes", "amenity": null, "office": null, "tourism": null, "leisure": null, "building": null, "opening_hours": "Mo-Fr 09:00-17:00", "poi_typ": "shop", "dienstag_vormittag": true }, "geometry": { "type": "Point", "coordinates": [ 13.4114736, 52.5285957 ] } },
{ "type": "Feature", "properties": { "element": "node", "id": 1112075595, "name": "Ilayda", "shop": null, "amenity": "fast_food", "office": null, "tourism": null, "leisure": null, "building": null, "opening_hours": "24/7", "poi_typ": "amenity", "dienstag_vormittag": true }, "geometry": { "type": "Point", "coordinates": [ 13.4136359, 52.5514145 ] } },
{ "type": "Feature", "properties": { "element": "node", "id": 1116667793, "name": "Euronet", "shop": null, "amenity": "atm", "office": null, "tourism": null, "leisure": null, "building": null, "opening_hours": "24/7", "poi_typ": "amenity", "dienstag_vormittag": true }, "geometry": { "type": "Point", "coordinates": [ 13.4192703, 52.5401822 ] } },
{ "type": "Feature", "properties": { "element": "node", "id": 1116757966, "name": "McPaper", "shop": "stationery", "amenity": null, "office": null, "tourism": null, "leisure": null, "building": null, "opening_hours": "Mo-Fr 09:00-20:00; Sa 09:30-19:00", "poi_typ": "shop", "dienstag_vormittag": true }, "geometry": { "type": "Point", "coordinates": [ 13.4325483, 52.5353553 ] } },
{ "type": "Feature", "properties": { "element": "node", "id": 1120057570, "name": "Mercedes-Benz", "shop": "car_repair", "amenity": null, "office": null, "tourism": null, "leisure": null, "building": null, "opening_hours": "Mo-Fr 07:00-20:00; Sa 07:00-13:00", "poi_typ": "shop", "dienstag_vormittag": true }, "geometry": { "type": "Point", "coordinates": [ 13.4203144, 52.5856204 ] } },
{ "type": "Feature", "properties": { "element": "node", "id": 1120057599, "name": "Autohaus Thomas Kapinsky", "shop": "car", "amenity": null, "office": null, "tourism": null, "leisure": null, "building": null, "opening_hours": "Mo-Fr 07:00-18:00", "poi_typ": "shop", "dienstag_vormittag": true }, "geometry": { "type": "Point", "coordinates": [ 13.4438898, 52.5734872 ] } },
{ "type": "Feature", "properties": { "element": "node", "id": 1120057606, "name": "Aral", "shop": null, "amenity": "fuel", "office": null, "tourism": null, "leisure": null, "building": null, "opening_hours": "Mo-Su,PH 00:00-24:00", "poi_typ": "amenity", "dienstag_vormittag": true }, "geometry": { "type": "Point", "coordinates": [ 13.4302149, 52.5861244 ] } },
{ "type": "Feature", "properties": { "element": "node", "id": 1120057627, "name": "Car Docs E. K.", "shop": "car_repair", "amenity": null, "office": null, "tourism": null, "leisure": null, "building": null, "opening_hours": "Mo-Fr 08:00-19:00; Sa 10:00-14:00", "poi_typ": "shop", "dienstag_vormittag": true }, "geometry": { "type": "Point", "coordinates": [ 13.4295949, 52.5857638 ] } },
{ "type": "Feature", "properties": { "element": "node", "id": 1120057632, "name": "Q1", "shop": null, "amenity": "fuel", "office": null, "tourism": null, "leisure": null, "building": null, "opening_hours": "24/7", "poi_typ": "amenity", "dienstag_vormittag": true }, "geometry": { "type": "Point", "coordinates": [ 13.4098646, 52.5818981 ] } },
{ "type": "Feature", "properties": { "element": "node", "id": 1120057647, "name": "Brot & Feinbäckerei T. Lokocz / Fritz", "shop": "bakery", "amenity": null, "office": null, "tourism": null, "leisure": null, "building": null, "opening_hours": "Mo-Fr 07:00-18:00; Sa 07:00-11:00", "poi_typ": "shop", "dienstag_vormittag": true }, "geometry": { "type": "Point", "coordinates": [ 13.4106782, 52.5820124 ] } },
{ "type": "Feature", "properties": { "element": "node", "id": 1127766779, "name": "Café Paula", "shop": null, "amenity": "cafe", "office": null, "tourism": null, "leisure": null, "building": null, "opening_hours": "Mo-Su 10:00-18:00", "poi_typ": "amenity", "dienstag_vormittag": true }, "geometry": { "type": "Point", "coordinates": [ 13.4001871, 52.5655524 ] } },
{ "type": "Feature", "properties": { "element": "node", "id": 1142031151, "name": "Zuccherino", "shop": "bakery", "amenity": null, "office": null, "tourism": null, "leisure": null, "building": null, "opening_hours": "Mo-Su 06:00-20:00", "poi_typ": "shop", "dienstag_vormittag": true }, "geometry": { "type": "Point", "coordinates": [ 13.4098839, 52.5472555 ] } },
{ "type": "Feature", "properties": { "element": "node", "id": 1143798306, "name": "pro-samed Apotheke", "shop": null, "amenity": "pharmacy", "office": null, "tourism": null, "leisure": null, "building": null, "opening_hours": "Mo-Fr 09:00-18:00; Sa 09:00-13:00; Su off", "poi_typ": "amenity", "dienstag_vormittag": true }, "geometry": { "type": "Point", "coordinates": [ 13.4416805, 52.5440277 ] } },
{ "type": "Feature", "properties": { "element": "node", "id": 1151896660, "name": "Concert Idee", "shop": "musical_instrument", "amenity": null, "office": null, "tourism": null, "leisure": null, "building": null, "opening_hours": "Mo-Fr 11:00-18:00", "poi_typ": "shop", "dienstag_vormittag": true }, "geometry": { "type": "Point", "coordinates": [ 13.4201202, 52.5337993 ] } },
{ "type": "Feature", "properties": { "element": "node", "id": 1159055478, "name": "Melis Coffee 2", "shop": "bakery", "amenity": "cafe", "office": null, "tourism": null, "leisure": null, "building": null, "opening_hours": "Mo-Su 06:00-24:00", "poi_typ": "shop", "dienstag_vormittag": true }, "geometry": { "type": "Point", "coordinates": [ 13.4246042, 52.5282716 ] } },
{ "type": "Feature", "properties": { "element": "node", "id": 1161915839, "name": "Baiz", "shop": null, "amenity": "pub", "office": null, "tourism": null, "leisure": null, "building": null, "opening_hours": "Mo-Su 16:00+", "poi_typ": "amenity", "dienstag_vormittag": true }, "geometry": { "type": "Point", "coordinates": [ 13.4127487, 52.5359479 ] } },
{ "type": "Feature", "properties": { "element": "node", "id": 1166389947, "name": "Wulf-Fahrräder A & V", "shop": "bicycle", "amenity": null, "office": null, "tourism": null, "leisure": null, "building": null, "opening_hours": "Mo-Fr 10:00-18:30; Sa 10:00-16:00", "poi_typ": "shop", "dienstag_vormittag": true }, "geometry": { "type": "Point", "coordinates": [ 13.4111095, 52.5486978 ] } },
{ "type": "Feature", "properties": { "element": "node", "id": 1172030506, "name": "Furat Grillhaus", "shop": null, "amenity": "fast_food", "office": null, "tourism": null, "leisure": null, "building": null, "opening_hours": "Mo-Su 10:00-24:00", "poi_typ": "amenity", "dienstag_vormittag": true }, "geometry": { "type": "Point", "coordinates": [ 13.4210366, 52.6072084 ] } },
{ "type": "Feature", "properties": { "element": "node", "id": 1172032529, "name": "Blumen & Pflanzen", "shop": "florist", "amenity": null, "office": null, "tourism": null, "leisure": null, "building": null, "opening_hours": "Mo-Fr 08:30-18:00; Sa 08:30-17:00; Su 09:00-16:00", "poi_typ": "shop", "dienstag_vormittag": true }, "geometry": { "type": "Point", "coordinates": [ 13.4209488, 52.6072523 ] } },
{ "type": "Feature", "properties": { "element": "node", "id": 1203130389, "name": null, "shop": "kiosk", "amenity": null, "office": null, "tourism": null, "leisure": null, "building": null, "opening_hours": "Mo-Fr 08:00-18:30; Sa 08:00-18:00", "poi_typ": "shop", "dienstag_vormittag": true }, "geometry": { "type": "Point", "coordinates": [ 13.4063543, 52.5592878 ] } },
{ "type": "Feature", "properties": { "element": "node", "id": 1216682472, "name": "Met", "shop": null, "amenity": "fast_food", "office": null, "tourism": null, "leisure": null, "building": null, "opening_hours": "Mo-Fr 11:30-22:00, Su 16:00-02:00", "poi_typ": "amenity", "dienstag_vormittag": true }, "geometry": { "type": "Point", "coordinates": [ 13.4145813, 52.542866 ] } },
{ "type": "Feature", "properties": { "element": "node", "id": 1218312075, "name": "Yoga Hub Berlin", "shop": null, "amenity": null, "office": null, "tourism": null, "leisure": "fitness_centre", "building": null, "opening_hours": "Mo-Fr 07:30-09:00,12:30-13:30,17:30-21:00; Sa 08:30-13:00; Su 09:30-12:30,17:30-19:00", "poi_typ": "leisure", "dienstag_vormittag": true }, "geometry": { "type": "Point", "coordinates": [ 13.425576, 52.5293516 ] } },
{ "type": "Feature", "properties": { "element": "node", "id": 1230932866, "name": "DearGoods Berlin", "shop": "clothes", "amenity": null, "office": null, "tourism": null, "leisure": null, "building": null, "opening_hours": "Mo-Fr 11:00-20:00; Sa 11:00-18:00", "poi_typ": "shop", "dienstag_vormittag": true }, "geometry": { "type": "Point", "coordinates": [ 13.408447, 52.5508586 ] } },
{ "type": "Feature", "properties": { "element": "node", "id": 1238948441, "name": "Schleudertraum", "shop": "laundry", "amenity": null, "office": null, "tourism": null, "leisure": null, "building": null, "opening_hours": "Mo-Su 06:00-22:00", "poi_typ": "shop", "dienstag_vormittag": true }, "geometry": { "type": "Point", "coordinates": [ 13.4168528, 52.5498126 ] } },
{ "type": "Feature", "properties": { "element": "node", "id": 1241893971, "name": "BioBackHaus", "shop": "bakery", "amenity": null, "office": null, "tourism": null, "leisure": null, "building": null, "opening_hours": "Mo-Fr 07:00-19:00; Sa 07:00-18:00; Su 08:00-13:00", "poi_typ": "shop", "dienstag_vormittag": true }, "geometry": { "type": "Point", "coordinates": [ 13.4138617, 52.5479857 ] } },
{ "type": "Feature", "properties": { "element": "node", "id": 1244411742, "name": "Duc Anh", "shop": null, "amenity": "restaurant", "office": null, "tourism": null, "leisure": null, "building": null, "opening_hours": "Mo-Fr 11:30-23:00; Sa,Su,PH 12:00-23:00", "poi_typ": "amenity", "dienstag_vormittag": true }, "geometry": { "type": "Point", "coordinates": [ 13.4286764, 52.5334801 ] } },
{ "type": "Feature", "properties": { "element": "node", "id": 1248655138, "name": "Pfennigland", "shop": "variety_store", "amenity": null, "office": null, "tourism": null, "leisure": null, "building": null, "opening_hours": "Mo-Fr 09:00-19:00; Sa 09:00-18:00", "poi_typ": "shop", "dienstag_vormittag": true }, "geometry": { "type": "Point", "coordinates": [ 13.4144497, 52.5512259 ] } },
{ "type": "Feature", "properties": { "element": "node", "id": 1249670890, "name": "Quick Reifendiscount", "shop": "tyres", "amenity": null, "office": null, "tourism": null, "leisure": null, "building": null, "opening_hours": "Mo-Fr 09:00-18:00; Sa 09:00-13:00", "poi_typ": "shop", "dienstag_vormittag": true }, "geometry": { "type": "Point", "coordinates": [ 13.4516995, 52.5338635 ] } },
{ "type": "Feature", "properties": { "element": "node", "id": 1254379943, "name": "Mona Ihr Friseur", "shop": "hairdresser", "amenity": null, "office": null, "tourism": null, "leisure": null, "building": null, "opening_hours": "Mo-Fr 09:00-19:00", "poi_typ": "shop", "dienstag_vormittag": true }, "geometry": { "type": "Point", "coordinates": [ 13.4389468, 52.5423909 ] } },
{ "type": "Feature", "properties": { "element": "node", "id": 1260572076, "name": "Die Pankower Machthaber", "shop": null, "amenity": null, "office": null, "tourism": "museum", "leisure": null, "building": null, "opening_hours": "Mo-Su 10:00-18:00; PH off", "poi_typ": "tourism", "dienstag_vormittag": true }, "geometry": { "type": "Point", "coordinates": [ 13.4063769, 52.5763987 ] } },
{ "type": "Feature", "properties": { "element": "node", "id": 1260762421, "name": null, "shop": null, "amenity": "parcel_locker", "office": null, "tourism": null, "leisure": null, "building": null, "opening_hours": "24/7", "poi_typ": "amenity", "dienstag_vormittag": true }, "geometry": { "type": "Point", "coordinates": [ 13.4543525, 52.530278 ] } },
{ "type": "Feature", "properties": { "element": "node", "id": 1277840774, "name": "Rossmann", "shop": "chemist", "amenity": null, "office": null, "tourism": null, "leisure": null, "building": null, "opening_hours": "Mo-Fr 08:00-21:00; Sa 08:00-21:00; PH off", "poi_typ": "shop", "dienstag_vormittag": true }, "geometry": { "type": "Point", "coordinates": [ 13.462545, 52.5235368 ] } },
{ "type": "Feature", "properties": { "element": "node", "id": 1286549521, "name": "HN-Computer", "shop": "computer", "amenity": null, "office": null, "tourism": null, "leisure": null, "building": null, "opening_hours": "Mo-Fr 09:00-18:00", "poi_typ": "shop", "dienstag_vormittag": true }, "geometry": { "type": "Point", "coordinates": [ 13.416661, 52.5498578 ] } },
{ "type": "Feature", "properties": { "element": "node", "id": 1289198944, "name": "Eisdieler", "shop": "clothes", "amenity": null, "office": null, "tourism": null, "leisure": null, "building": null, "opening_hours": "Mo-Fr 12:00-20:00; Sa 11:00-19:00", "poi_typ": "shop", "dienstag_vormittag": true }, "geometry": { "type": "Point", "coordinates": [ 13.4101065, 52.5391878 ] } },
{ "type": "Feature", "properties": { "element": "node", "id": 1296278848, "name": "Blumen", "shop": "florist", "amenity": null, "office": null, "tourism": null, "leisure": null, "building": null, "opening_hours": "Mo-Fr 08:00-19:00", "poi_typ": "shop", "dienstag_vormittag": true }, "geometry": { "type": "Point", "coordinates": [ 13.4079276, 52.5316662 ] } },
{ "type": "Feature", "properties": { "element": "node", "id": 1306437882, "name": "Der ökologische Kinderladen \"Kinderland der Träume\"", "shop": null, "amenity": "childcare", "office": null, "tourism": null, "leisure": null, "building": null, "opening_hours": "Mo-Fr 08:15-16:30", "poi_typ": "amenity", "dienstag_vormittag": true }, "geometry": { "type": "Point", "coordinates": [ 13.4041391, 52.5552084 ] } },
{ "type": "Feature", "properties": { "element": "node", "id": 1307667993, "name": "Dr. Med. Gabriele Ulsemer", "shop": null, "amenity": "doctors", "office": null, "tourism": null, "leisure": null, "building": null, "opening_hours": "\"mo-mi,fr 8-13. di 13-17. do 13-19\"", "poi_typ": "amenity", "dienstag_vormittag": true }, "geometry": { "type": "Point", "coordinates": [ 13.4069502, 52.5862471 ] } },
{ "type": "Feature", "properties": { "element": "node", "id": 1308877495, "name": "Rossmann", "shop": "chemist", "amenity": null, "office": null, "tourism": null, "leisure": null, "building": null, "opening_hours": "Mo-Fr 08:30-21:00; Sa 08:30-21:00; PH off", "poi_typ": "shop", "dienstag_vormittag": true }, "geometry": { "type": "Point", "coordinates": [ 13.4163139, 52.5495417 ] } },
{ "type": "Feature", "properties": { "element": "node", "id": 1308877498, "name": "Rossmann", "shop": "chemist", "amenity": null, "office": null, "tourism": null, "leisure": null, "building": null, "opening_hours": "Mo-Fr 08:00-20:00; Sa 08:00-20:00; PH off", "poi_typ": "shop", "dienstag_vormittag": true }, "geometry": { "type": "Point", "coordinates": [ 13.4425737, 52.5436912 ] } },
{ "type": "Feature", "properties": { "element": "node", "id": 1308915491, "name": "Rossmann", "shop": "chemist", "amenity": null, "office": null, "tourism": null, "leisure": null, "building": null, "opening_hours": "Mo-Fr 08:00-20:00; Sa 09:00-19:00; PH off", "poi_typ": "shop", "dienstag_vormittag": true }, "geometry": { "type": "Point", "coordinates": [ 13.4557563, 52.5495584 ] } },
{ "type": "Feature", "properties": { "element": "node", "id": 1333694312, "name": "Familien-Rad", "shop": "bicycle", "amenity": null, "office": null, "tourism": null, "leisure": null, "building": null, "opening_hours": "Mo-Fr 10:00-18:45; Sa 10:00-17:45", "poi_typ": "shop", "dienstag_vormittag": true }, "geometry": { "type": "Point", "coordinates": [ 13.4214631, 52.5352315 ] } },
{ "type": "Feature", "properties": { "element": "node", "id": 1334012198, "name": "Cafe Bäckerei Özzy", "shop": "bakery", "amenity": null, "office": null, "tourism": null, "leisure": null, "building": null, "opening_hours": "Mo-Fr 06:00-18:30", "poi_typ": "shop", "dienstag_vormittag": true }, "geometry": { "type": "Point", "coordinates": [ 13.4226577, 52.5448606 ] } },
{ "type": "Feature", "properties": { "element": "node", "id": 1334894394, "name": "DHL", "shop": null, "amenity": "post_office", "office": null, "tourism": null, "leisure": null, "building": null, "opening_hours": "Mo-Fr 09:00-18:00; Sa 09:00-13:00", "poi_typ": "amenity", "dienstag_vormittag": true }, "geometry": { "type": "Point", "coordinates": [ 13.4399318, 52.5681909 ] } },
{ "type": "Feature", "properties": { "element": "node", "id": 1335736622, "name": "Ernsting's family", "shop": "clothes", "amenity": null, "office": null, "tourism": null, "leisure": null, "building": null, "opening_hours": "Mo-Fr 09:00-20:00; Sa 09:00-18:00", "poi_typ": "shop", "dienstag_vormittag": true }, "geometry": { "type": "Point", "coordinates": [ 13.4016991, 52.5810843 ] } },
{ "type": "Feature", "properties": { "element": "node", "id": 1335736629, "name": "Mäc-Geiz", "shop": "variety_store", "amenity": null, "office": null, "tourism": null, "leisure": null, "building": null, "opening_hours": "Mo-Fr 09:00-20:00; Sa 09:00-18:00", "poi_typ": "shop", "dienstag_vormittag": true }, "geometry": { "type": "Point", "coordinates": [ 13.4024046, 52.5812375 ] } },
{ "type": "Feature", "properties": { "element": "node", "id": 1336794753, "name": "Jacques' Wein-Depot", "shop": "wine", "amenity": null, "office": null, "tourism": null, "leisure": null, "building": null, "opening_hours": "Mo-Fr 13:00-20:00; Sa 10:00-16:00", "poi_typ": "shop", "dienstag_vormittag": true }, "geometry": { "type": "Point", "coordinates": [ 13.4164095, 52.5351558 ] } },
{ "type": "Feature", "properties": { "element": "node", "id": 1336796917, "name": "Kollwitz 45 Interior Design", "shop": "furniture", "amenity": null, "office": null, "tourism": null, "leisure": null, "building": null, "opening_hours": "Mo-Fr 10:00-19:00; Sa 11:00-17:00", "poi_typ": "shop", "dienstag_vormittag": true }, "geometry": { "type": "Point", "coordinates": [ 13.415661, 52.5344774 ] } },
{ "type": "Feature", "properties": { "element": "node", "id": 1336954991, "name": "Beauty Nails", "shop": "beauty", "amenity": null, "office": null, "tourism": null, "leisure": null, "building": null, "opening_hours": "Mo-Fr 09:30-19:00, Sa 09:30-17:00", "poi_typ": "shop", "dienstag_vormittag": true }, "geometry": { "type": "Point", "coordinates": [ 13.4340804, 52.5366531 ] } },
{ "type": "Feature", "properties": { "element": "node", "id": 1347626723, "name": "Thu's Eck", "shop": "florist", "amenity": null, "office": null, "tourism": null, "leisure": null, "building": null, "opening_hours": "Mo-Fr 08:00-18:00; Sa 08:00-15:00; Su 08:30-13:00", "poi_typ": "shop", "dienstag_vormittag": true }, "geometry": { "type": "Point", "coordinates": [ 13.47001, 52.614244 ] } },
{ "type": "Feature", "properties": { "element": "node", "id": 1348444603, "name": "trauerspiel bar kneipe", "shop": null, "amenity": "pub", "office": null, "tourism": null, "leisure": null, "building": null, "opening_hours": "Mo-Su 20:00+", "poi_typ": "amenity", "dienstag_vormittag": true }, "geometry": { "type": "Point", "coordinates": [ 13.4119348, 52.5451769 ] } },
{ "type": "Feature", "properties": { "element": "node", "id": 1352704770, "name": "Hauptstadtschnitt", "shop": "hairdresser", "amenity": null, "office": null, "tourism": null, "leisure": null, "building": null, "opening_hours": "Mo-Fr 09:00-20:00; Sa 10:00-16:00; Jun-Aug: Mo-Fr 09:00-14:00; Sa 10:00-14:00", "poi_typ": "shop", "dienstag_vormittag": true }, "geometry": { "type": "Point", "coordinates": [ 13.4146224, 52.5522877 ] } },
{ "type": "Feature", "properties": { "element": "node", "id": 1352704775, "name": "Claudia K Outlet", "shop": "clothes", "amenity": null, "office": null, "tourism": null, "leisure": null, "building": null, "opening_hours": "Mo-Fr 10:30-18:30; Sa 10:30-14:30", "poi_typ": "shop", "dienstag_vormittag": true }, "geometry": { "type": "Point", "coordinates": [ 13.4145182, 52.5516556 ] } },
{ "type": "Feature", "properties": { "element": "node", "id": 1352704777, "name": "Rothholz", "shop": "jewelry", "amenity": null, "office": null, "tourism": null, "leisure": null, "building": null, "opening_hours": "Mo-Fr 10:00-18:00", "poi_typ": "shop", "dienstag_vormittag": true }, "geometry": { "type": "Point", "coordinates": [ 13.4146467, 52.5523925 ] } },
{ "type": "Feature", "properties": { "element": "node", "id": 1352704778, "name": "JalouCity", "shop": "window_blind", "amenity": null, "office": null, "tourism": null, "leisure": null, "building": null, "opening_hours": "Mo-Fr 10:00-18:30; Sa 10:00-16:00", "poi_typ": "shop", "dienstag_vormittag": true }, "geometry": { "type": "Point", "coordinates": [ 13.4145601, 52.5519487 ] } },
{ "type": "Feature", "properties": { "element": "node", "id": 1352718186, "name": "Sonderbar", "shop": null, "amenity": "cafe", "office": null, "tourism": null, "leisure": null, "building": null, "opening_hours": "Mo-Fr 10:00-17:00", "poi_typ": "amenity", "dienstag_vormittag": true }, "geometry": { "type": "Point", "coordinates": [ 13.4200152, 52.5509028 ] } },
{ "type": "Feature", "properties": { "element": "node", "id": 1352734433, "name": "Vita", "shop": "bakery", "amenity": null, "office": null, "tourism": null, "leisure": null, "building": null, "opening_hours": "Mo-Fr 06:00-19:00; Sa,Su 07:00-19:00", "poi_typ": "shop", "dienstag_vormittag": true }, "geometry": { "type": "Point", "coordinates": [ 13.4217202, 52.5500113 ] } },
{ "type": "Feature", "properties": { "element": "node", "id": 1359167799, "name": "Antikhandel & Aufarbeitung", "shop": "antiques", "amenity": null, "office": null, "tourism": null, "leisure": null, "building": null, "opening_hours": "Mo-Fr 09:15-16:00", "poi_typ": "shop", "dienstag_vormittag": true }, "geometry": { "type": "Point", "coordinates": [ 13.4276285, 52.5361192 ] } },
{ "type": "Feature", "properties": { "element": "node", "id": 1359167889, "name": "Sozialer Bücherladen", "shop": "books", "amenity": null, "office": null, "tourism": null, "leisure": null, "building": null, "opening_hours": "Th 10:00-19:00; Mo-Fr 10:00-17:00", "poi_typ": "shop", "dienstag_vormittag": true }, "geometry": { "type": "Point", "coordinates": [ 13.4265682, 52.5318235 ] } },
{ "type": "Feature", "properties": { "element": "node", "id": 1359194220, "name": "Matratzen Concord", "shop": "bed", "amenity": null, "office": null, "tourism": null, "leisure": null, "building": null, "opening_hours": "Sa 10:00-16:00; Mo-Fr 10:00-18:30", "poi_typ": "shop", "dienstag_vormittag": true }, "geometry": { "type": "Point", "coordinates": [ 13.4312342, 52.5350482 ] } },
{ "type": "Feature", "properties": { "element": "node", "id": 1370012615, "name": "Melange der Wellnessfriseur", "shop": "hairdresser", "amenity": null, "office": null, "tourism": null, "leisure": null, "building": null, "opening_hours": "Mo-Fr 09:00-20:00", "poi_typ": "shop", "dienstag_vormittag": true }, "geometry": { "type": "Point", "coordinates": [ 13.4148527, 52.5662063 ] } },
{ "type": "Feature", "properties": { "element": "node", "id": 1370351548, "name": "simply stitch - Wolle & Design", "shop": "fabric", "amenity": null, "office": null, "tourism": null, "leisure": null, "building": null, "opening_hours": "Mo-Fr 10:00-18:30; Sa 10:00-14:00", "poi_typ": "shop", "dienstag_vormittag": true }, "geometry": { "type": "Point", "coordinates": [ 13.4019101, 52.5891929 ] } },
{ "type": "Feature", "properties": { "element": "node", "id": 1374215630, "name": "Immanuel Apotheke", "shop": null, "amenity": "pharmacy", "office": null, "tourism": null, "leisure": null, "building": null, "opening_hours": "Mo-Fr 08:30-19:00; Sa 09:00-14:00", "poi_typ": "amenity", "dienstag_vormittag": true }, "geometry": { "type": "Point", "coordinates": [ 13.4221508, 52.533075 ] } },
{ "type": "Feature", "properties": { "element": "node", "id": 1374215640, "name": "Onkel Le", "shop": null, "amenity": "restaurant", "office": null, "tourism": null, "leisure": null, "building": null, "opening_hours": "Mo-Fr 11:30-23:30; Sa-Su 12:00-23:30", "poi_typ": "amenity", "dienstag_vormittag": true }, "geometry": { "type": "Point", "coordinates": [ 13.4155006, 52.5437517 ] } },
{ "type": "Feature", "properties": { "element": "node", "id": 1383599531, "name": "Haartechno", "shop": "hairdresser", "amenity": null, "office": null, "tourism": null, "leisure": null, "building": null, "opening_hours": "Mo-Fr 10:00-20:00; Sa 10:00-17:00", "poi_typ": "shop", "dienstag_vormittag": true }, "geometry": { "type": "Point", "coordinates": [ 13.4326643, 52.5354758 ] } },
{ "type": "Feature", "properties": { "element": "node", "id": 1383599532, "name": "nahcity Duong", "shop": "supermarket", "amenity": null, "office": null, "tourism": null, "leisure": null, "building": null, "opening_hours": "Mo-Fr 07:00-20:30; Sa 08:00-20:30", "poi_typ": "shop", "dienstag_vormittag": true }, "geometry": { "type": "Point", "coordinates": [ 13.4324034, 52.536064 ] } },
{ "type": "Feature", "properties": { "element": "node", "id": 1388365976, "name": "Karow Döner", "shop": null, "amenity": "fast_food", "office": null, "tourism": null, "leisure": null, "building": null, "opening_hours": "Mo-Fr 09:00-22:00; Sa,Su 10:00-21:00", "poi_typ": "amenity", "dienstag_vormittag": true }, "geometry": { "type": "Point", "coordinates": [ 13.4696539, 52.6144146 ] } },
{ "type": "Feature", "properties": { "element": "node", "id": 1389043776, "name": "Optiker Bösche", "shop": "optician", "amenity": null, "office": null, "tourism": null, "leisure": null, "building": null, "opening_hours": "Mo-Fr 09:00-19:00; Sa 09:00-13:00", "poi_typ": "shop", "dienstag_vormittag": true }, "geometry": { "type": "Point", "coordinates": [ 13.4244807, 52.528379 ] } },
{ "type": "Feature", "properties": { "element": "node", "id": 1389043781, "name": "make tea not war", "shop": "tea", "amenity": null, "office": null, "tourism": null, "leisure": null, "building": null, "opening_hours": "Mo-Fr 13:00-19:00; Sa 11:00-16:00", "poi_typ": "shop", "dienstag_vormittag": true }, "geometry": { "type": "Point", "coordinates": [ 13.4259746, 52.52968 ] } },
{ "type": "Feature", "properties": { "element": "node", "id": 1391516592, "name": "Feinbäckerei", "shop": "bakery", "amenity": null, "office": null, "tourism": null, "leisure": null, "building": null, "opening_hours": "Mo-Fr 05:30-17:00; Sa 05:30-12:00", "poi_typ": "shop", "dienstag_vormittag": true }, "geometry": { "type": "Point", "coordinates": [ 13.4685538, 52.5539547 ] } },
{ "type": "Feature", "properties": { "element": "node", "id": 1395920640, "name": "McPaper", "shop": "stationery", "amenity": null, "office": null, "tourism": null, "leisure": null, "building": null, "opening_hours": "Mo-Fr 08:30-20:00; Sa 09:00-20:00", "poi_typ": "shop", "dienstag_vormittag": true }, "geometry": { "type": "Point", "coordinates": [ 13.4225189, 52.535605 ] } },
{ "type": "Feature", "properties": { "element": "node", "id": 1401087609, "name": "Beumer & Lutum", "shop": "bakery", "amenity": null, "office": null, "tourism": null, "leisure": null, "building": null, "opening_hours": "Mo-Fr 07:00-17:00; Sa 07:00-13:00", "poi_typ": "shop", "dienstag_vormittag": true }, "geometry": { "type": "Point", "coordinates": [ 13.4285347, 52.5371113 ] } },
{ "type": "Feature", "properties": { "element": "node", "id": 1423930314, "name": "Ryans Eis, Waffel & Co.", "shop": null, "amenity": "cafe", "office": null, "tourism": null, "leisure": null, "building": null, "opening_hours": "Mo-Fr 11:00-18:00, Sa,Su,PH 12:00-18:00", "poi_typ": "amenity", "dienstag_vormittag": true }, "geometry": { "type": "Point", "coordinates": [ 13.4590452, 52.5206232 ] } },
{ "type": "Feature", "properties": { "element": "node", "id": 1450379591, "name": "Bambus am See", "shop": null, "amenity": "restaurant", "office": null, "tourism": null, "leisure": null, "building": null, "opening_hours": "Mo-Su 11:00-22:30", "poi_typ": "amenity", "dienstag_vormittag": true }, "geometry": { "type": "Point", "coordinates": [ 13.4618751, 52.5505611 ] } },
{ "type": "Feature", "properties": { "element": "node", "id": 1459951029, "name": "Adak", "shop": null, "amenity": "fast_food", "office": null, "tourism": null, "leisure": null, "building": null, "opening_hours": "Mo-Fr 10:00-23:00; Su 13:00-23:00", "poi_typ": "amenity", "dienstag_vormittag": true }, "geometry": { "type": "Point", "coordinates": [ 13.4056573, 52.5529051 ] } },
{ "type": "Feature", "properties": { "element": "node", "id": 1459951035, "name": "Lebensmittel - Getränke", "shop": "kiosk", "amenity": null, "office": null, "tourism": null, "leisure": null, "building": null, "opening_hours": "Mo-Fr 07:00-20:30; Sa 08:00-18:30", "poi_typ": "shop", "dienstag_vormittag": true }, "geometry": { "type": "Point", "coordinates": [ 13.4041428, 52.5530273 ] } },
{ "type": "Feature", "properties": { "element": "node", "id": 1471975936, "name": "Black Dog Comics", "shop": "books", "amenity": null, "office": null, "tourism": null, "leisure": null, "building": null, "opening_hours": "Mo-Fr 11:00-19:00; Sa 11:00-17:00", "poi_typ": "shop", "dienstag_vormittag": true }, "geometry": { "type": "Point", "coordinates": [ 13.4156821, 52.551205 ] } },
{ "type": "Feature", "properties": { "element": "node", "id": 1476141573, "name": "Kleemann Hüte", "shop": "clothes", "amenity": null, "office": null, "tourism": null, "leisure": null, "building": null, "opening_hours": "Mo-Fr 11:00-18:00; Sa 11:00-15:00", "poi_typ": "shop", "dienstag_vormittag": true }, "geometry": { "type": "Point", "coordinates": [ 13.4123122, 52.5450944 ] } },
{ "type": "Feature", "properties": { "element": "node", "id": 1492336684, "name": "Beumer & Lutum", "shop": "bakery", "amenity": null, "office": null, "tourism": null, "leisure": null, "building": null, "opening_hours": "Mo-Fr 07:00-18:00; Sa 07:00-16:00; Su 07:30-16:00", "poi_typ": "shop", "dienstag_vormittag": true }, "geometry": { "type": "Point", "coordinates": [ 13.4309034, 52.5325268 ] } },
{ "type": "Feature", "properties": { "element": "node", "id": 1492336686, "name": "Esmarch Apotheke", "shop": null, "amenity": "pharmacy", "office": null, "tourism": null, "leisure": null, "building": null, "opening_hours": "Mo-Fr 09:00-18:30; Sa 09:00-13:00", "poi_typ": "amenity", "dienstag_vormittag": true }, "geometry": { "type": "Point", "coordinates": [ 13.431803, 52.532136 ] } },
{ "type": "Feature", "properties": { "element": "node", "id": 1493309770, "name": "Bäckerei Schnell", "shop": "bakery", "amenity": null, "office": null, "tourism": null, "leisure": null, "building": null, "opening_hours": "Mo-Fr 06:00-18:00; Sa 07:00-14:00; PH,Su 08:00-16:00", "poi_typ": "shop", "dienstag_vormittag": true }, "geometry": { "type": "Point", "coordinates": [ 13.4319777, 52.6045061 ] } },
{ "type": "Feature", "properties": { "element": "node", "id": 1493309774, "name": "Raab Karcher", "shop": "trade", "amenity": null, "office": null, "tourism": null, "leisure": null, "building": null, "opening_hours": "Mo-Fr 06:00-17:00; Sa 07:00-13:00; Su off", "poi_typ": "shop", "dienstag_vormittag": true }, "geometry": { "type": "Point", "coordinates": [ 13.432182, 52.5922268 ] } },
{ "type": "Feature", "properties": { "element": "node", "id": 1499760148, "name": "Creperie Lamour", "shop": null, "amenity": "cafe", "office": null, "tourism": null, "leisure": null, "building": null, "opening_hours": "Mo-Su 11:00-19:00", "poi_typ": "amenity", "dienstag_vormittag": true }, "geometry": { "type": "Point", "coordinates": [ 13.4210853, 52.5420062 ] } },
{ "type": "Feature", "properties": { "element": "node", "id": 1503866358, "name": "Writers Corner Berlin", "shop": "graffiti", "amenity": null, "office": null, "tourism": null, "leisure": null, "building": null, "opening_hours": "Mo-Fr 11:00-19:00; Sa 11:00-18:00", "poi_typ": "shop", "dienstag_vormittag": true }, "geometry": { "type": "Point", "coordinates": [ 13.4108317, 52.5473238 ] } },
{ "type": "Feature", "properties": { "element": "node", "id": 1503871489, "name": "FUJI FILM", "shop": "electronics", "amenity": null, "office": null, "tourism": null, "leisure": null, "building": null, "opening_hours": "Mo-Fr 11:00-17:00", "poi_typ": "shop", "dienstag_vormittag": true }, "geometry": { "type": "Point", "coordinates": [ 13.4116288, 52.5486638 ] } },
{ "type": "Feature", "properties": { "element": "node", "id": 1538359026, "name": "Krone Kitchen & Coffee", "shop": null, "amenity": "cafe", "office": null, "tourism": null, "leisure": null, "building": null, "opening_hours": "Mo-Fr 09:00-17:00; Sa,Su 09:00-18:00; PH 10:00-18:00", "poi_typ": "amenity", "dienstag_vormittag": true }, "geometry": { "type": "Point", "coordinates": [ 13.4060443, 52.5397486 ] } },
{ "type": "Feature", "properties": { "element": "node", "id": 1544180814, "name": "Änderungsschneiderei u. Vollreinigung", "shop": "dry_cleaning", "amenity": null, "office": null, "tourism": null, "leisure": null, "building": null, "opening_hours": "Mo-Fr 09:00-19:00; Sa 09:00-17:00", "poi_typ": "shop", "dienstag_vormittag": true }, "geometry": { "type": "Point", "coordinates": [ 13.4124487, 52.5486093 ] } },
{ "type": "Feature", "properties": { "element": "node", "id": 1544188651, "name": "Hello Việt Nam", "shop": null, "amenity": "restaurant", "office": null, "tourism": null, "leisure": null, "building": null, "opening_hours": "Mo-Fr 11:30-23:00; Sa,PH 12:00-23:00", "poi_typ": "amenity", "dienstag_vormittag": true }, "geometry": { "type": "Point", "coordinates": [ 13.4117688, 52.5474234 ] } },
{ "type": "Feature", "properties": { "element": "node", "id": 1544188682, "name": "Hala Hala", "shop": null, "amenity": "restaurant", "office": null, "tourism": null, "leisure": null, "building": null, "opening_hours": "Mo-Su 11:00-23:30", "poi_typ": "amenity", "dienstag_vormittag": true }, "geometry": { "type": "Point", "coordinates": [ 13.4115079, 52.5473709 ] } },
{ "type": "Feature", "properties": { "element": "node", "id": 1544191098, "name": "miniladen", "shop": "supermarket", "amenity": null, "office": null, "tourism": null, "leisure": null, "building": null, "opening_hours": "Mo-Fr 08:00-19:30; Sa 08:30-17:30", "poi_typ": "shop", "dienstag_vormittag": true }, "geometry": { "type": "Point", "coordinates": [ 13.4092108, 52.5488448 ] } },
{ "type": "Feature", "properties": { "element": "node", "id": 1552574035, "name": "Tipico", "shop": "bookmaker", "amenity": null, "office": null, "tourism": null, "leisure": null, "building": null, "opening_hours": "Mo-Su 11:00-22:00", "poi_typ": "shop", "dienstag_vormittag": true }, "geometry": { "type": "Point", "coordinates": [ 13.4111543, 52.5286645 ] } },
{ "type": "Feature", "properties": { "element": "node", "id": 1552581365, "name": "Grober Unfug Comics", "shop": "books", "amenity": null, "office": null, "tourism": null, "leisure": null, "building": null, "opening_hours": "Mo-Fr 11:00-19:00; Sa 11:00-18:00", "poi_typ": "shop", "dienstag_vormittag": true }, "geometry": { "type": "Point", "coordinates": [ 13.4071772, 52.5294213 ] } },
{ "type": "Feature", "properties": { "element": "node", "id": 1556354599, "name": "Star", "shop": null, "amenity": "fuel", "office": null, "tourism": null, "leisure": null, "building": null, "opening_hours": "24/7", "poi_typ": "amenity", "dienstag_vormittag": true }, "geometry": { "type": "Point", "coordinates": [ 13.4667754, 52.560816 ] } },
{ "type": "Feature", "properties": { "element": "node", "id": 1556399243, "name": "KiK", "shop": "clothes", "amenity": null, "office": null, "tourism": null, "leisure": null, "building": null, "opening_hours": "Mo-Fr 09:00-19:00; Sa 09:00-18:00", "poi_typ": "shop", "dienstag_vormittag": true }, "geometry": { "type": "Point", "coordinates": [ 13.4392667, 52.5524052 ] } },
{ "type": "Feature", "properties": { "element": "node", "id": 1557465381, "name": "Liebes Bisschen", "shop": null, "amenity": "cafe", "office": null, "tourism": null, "leisure": null, "building": null, "opening_hours": "Mo-Fr 08:00-18:00; Sa,Su 10:00-18:00", "poi_typ": "amenity", "dienstag_vormittag": true }, "geometry": { "type": "Point", "coordinates": [ 13.4109162, 52.5696348 ] } },
{ "type": "Feature", "properties": { "element": "node", "id": 1578269288, "name": "Buchlokal", "shop": "books", "amenity": null, "office": null, "tourism": null, "leisure": null, "building": null, "opening_hours": "Mo-Fr 10:00-19:00; Sa 10:00-14:00", "poi_typ": "shop", "dienstag_vormittag": true }, "geometry": { "type": "Point", "coordinates": [ 13.4087334, 52.572079 ] } },
{ "type": "Feature", "properties": { "element": "node", "id": 1579330503, "name": "Johns Bäckerei und Konditorei", "shop": "bakery", "amenity": null, "office": null, "tourism": null, "leisure": null, "building": null, "opening_hours": "Mo-Fr 06:00-18:00; Sa 07:00-12:00", "poi_typ": "shop", "dienstag_vormittag": true }, "geometry": { "type": "Point", "coordinates": [ 13.4145382, 52.5720239 ] } },
{ "type": "Feature", "properties": { "element": "node", "id": 1584743772, "name": "Hadi Zalzadeh", "shop": null, "amenity": null, "office": null, "tourism": null, "leisure": "fitness_centre", "building": null, "opening_hours": "Mo-Fr 08:00-20:00; Sa 10:00-18:00; Su \"auf Anfrage\"", "poi_typ": "leisure", "dienstag_vormittag": true }, "geometry": { "type": "Point", "coordinates": [ 13.4215361, 52.5391543 ] } },
{ "type": "Feature", "properties": { "element": "node", "id": 1585975691, "name": null, "shop": null, "amenity": "parcel_locker", "office": null, "tourism": null, "leisure": null, "building": null, "opening_hours": "24/7", "poi_typ": "amenity", "dienstag_vormittag": true }, "geometry": { "type": "Point", "coordinates": [ 13.4011063, 52.5487366 ] } },
{ "type": "Feature", "properties": { "element": "node", "id": 1597396553, "name": "Steinecke", "shop": "bakery", "amenity": null, "office": null, "tourism": null, "leisure": null, "building": null, "opening_hours": "Mo-Fr 06:00-19:00; Sa 06:30-13:00; Su 07:00-13:00", "poi_typ": "shop", "dienstag_vormittag": true }, "geometry": { "type": "Point", "coordinates": [ 13.4502635, 52.5507914 ] } },
{ "type": "Feature", "properties": { "element": "node", "id": 1597559553, "name": "Apotheke am Schlosspark", "shop": null, "amenity": "pharmacy", "office": null, "tourism": null, "leisure": null, "building": null, "opening_hours": "Mo-Fr 08:00-19:00; Sa 08:00-14:00; PH off", "poi_typ": "amenity", "dienstag_vormittag": true }, "geometry": { "type": "Point", "coordinates": [ 13.4024597, 52.581118 ] } },
{ "type": "Feature", "properties": { "element": "node", "id": 1606477973, "name": "Euronet", "shop": null, "amenity": "atm", "office": null, "tourism": null, "leisure": null, "building": null, "opening_hours": "24/7", "poi_typ": "amenity", "dienstag_vormittag": true }, "geometry": { "type": "Point", "coordinates": [ 13.4242438, 52.5385548 ] } },
{ "type": "Feature", "properties": { "element": "node", "id": 1612129081, "name": "Peter Blank", "shop": "bakery", "amenity": null, "office": null, "tourism": null, "leisure": null, "building": null, "opening_hours": "Mo-Fr 07:00-18:00; Sa 06:30-14:00; Jan 12-19 off", "poi_typ": "shop", "dienstag_vormittag": true }, "geometry": { "type": "Point", "coordinates": [ 13.4284309, 52.5493103 ] } },
{ "type": "Feature", "properties": { "element": "node", "id": 1628927163, "name": "Apotheke im Pankeviertel", "shop": null, "amenity": "pharmacy", "office": null, "tourism": null, "leisure": null, "building": null, "opening_hours": "Mo-Fr 08:30-18:30; Sa 09:00-13:00", "poi_typ": "amenity", "dienstag_vormittag": true }, "geometry": { "type": "Point", "coordinates": [ 13.4282736, 52.5881829 ] } },
{ "type": "Feature", "properties": { "element": "node", "id": 1636136231, "name": "Bärenhöhle", "shop": null, "amenity": "pub", "office": null, "tourism": null, "leisure": null, "building": null, "opening_hours": "Mo-Fr 16:00+, Sa 20:00+, Su 18:00+", "poi_typ": "amenity", "dienstag_vormittag": true }, "geometry": { "type": "Point", "coordinates": [ 13.4148492, 52.5532862 ] } },
{ "type": "Feature", "properties": { "element": "node", "id": 1699896836, "name": "P & B Books", "shop": "newsagent", "amenity": null, "office": null, "tourism": null, "leisure": null, "building": null, "opening_hours": "Mo-Fr 04:00-22:30; Sa 05:30-22:30; Su 06:00-22:30", "poi_typ": "shop", "dienstag_vormittag": true }, "geometry": { "type": "Point", "coordinates": [ 13.4389192, 52.5405788 ] } },
{ "type": "Feature", "properties": { "element": "node", "id": 1706967652, "name": "Milchmanns", "shop": null, "amenity": "cafe", "office": null, "tourism": null, "leisure": null, "building": null, "opening_hours": "Mo-Fr 08:00-18:00; Sa-Su 10:00-18:00", "poi_typ": "amenity", "dienstag_vormittag": true }, "geometry": { "type": "Point", "coordinates": [ 13.4124173, 52.568189 ] } },
{ "type": "Feature", "properties": { "element": "node", "id": 1716453113, "name": "Bei Papa Heinz", "shop": null, "amenity": "pub", "office": null, "tourism": null, "leisure": null, "building": null, "opening_hours": "Mo-Fr 14:00+; Sa,Su 16:00+", "poi_typ": "amenity", "dienstag_vormittag": true }, "geometry": { "type": "Point", "coordinates": [ 13.4260496, 52.5485031 ] } },
{ "type": "Feature", "properties": { "element": "node", "id": 1718668759, "name": "Absinth", "shop": null, "amenity": "pub", "office": null, "tourism": null, "leisure": null, "building": null, "opening_hours": "Mo-Su 19:00+", "poi_typ": "amenity", "dienstag_vormittag": true }, "geometry": { "type": "Point", "coordinates": [ 13.4231482, 52.5447917 ] } },
{ "type": "Feature", "properties": { "element": "node", "id": 1718668798, "name": "Kaffeebar", "shop": null, "amenity": "cafe", "office": null, "tourism": null, "leisure": null, "building": null, "opening_hours": "Mo-Su 09:00-18:00", "poi_typ": "amenity", "dienstag_vormittag": true }, "geometry": { "type": "Point", "coordinates": [ 13.422957, 52.5446359 ] } },
{ "type": "Feature", "properties": { "element": "node", "id": 1731129723, "name": "O2", "shop": "mobile_phone", "amenity": null, "office": null, "tourism": null, "leisure": null, "building": null, "opening_hours": "Mo-Fr 10:00-19:00; Sa 10:00-16:00", "poi_typ": "shop", "dienstag_vormittag": true }, "geometry": { "type": "Point", "coordinates": [ 13.4134728, 52.5502603 ] } },
{ "type": "Feature", "properties": { "element": "node", "id": 1733865023, "name": "Miss Phuong", "shop": null, "amenity": "restaurant", "office": null, "tourism": null, "leisure": null, "building": null, "opening_hours": "Mo-Fr 11:30-22:00; Sa 16:00-22:00", "poi_typ": "amenity", "dienstag_vormittag": true }, "geometry": { "type": "Point", "coordinates": [ 13.4204389, 52.5334559 ] } },
{ "type": "Feature", "properties": { "element": "node", "id": 1734450884, "name": "Backwaren-Kaiser", "shop": "bakery", "amenity": null, "office": null, "tourism": null, "leisure": null, "building": null, "opening_hours": "Mo-Fr 09:00-18:00; Sa 07:00-12:00; Su 07:00-11:00", "poi_typ": "shop", "dienstag_vormittag": true }, "geometry": { "type": "Point", "coordinates": [ 13.3977693, 52.5902732 ] } },
{ "type": "Feature", "properties": { "element": "node", "id": 1747879882, "name": "El-Amine", "shop": "stationery", "amenity": null, "office": null, "tourism": null, "leisure": null, "building": null, "opening_hours": "Mo-Fr 10:00-19:00; Sa 10:00-15:00", "poi_typ": "shop", "dienstag_vormittag": true }, "geometry": { "type": "Point", "coordinates": [ 13.4175866, 52.549994 ] } },
{ "type": "Feature", "properties": { "element": "node", "id": 1747879906, "name": "Kettritz", "shop": "locksmith", "amenity": null, "office": null, "tourism": null, "leisure": null, "building": null, "opening_hours": "Mo-Fr 09:00-13:00,13:30-17:30; Sa 10:00-14:00", "poi_typ": "shop", "dienstag_vormittag": true }, "geometry": { "type": "Point", "coordinates": [ 13.41682, 52.5502024 ] } },
{ "type": "Feature", "properties": { "element": "node", "id": 1769040907, "name": "thatchers", "shop": "clothes", "amenity": null, "office": null, "tourism": null, "leisure": null, "building": null, "opening_hours": "Oct-Apr We-Sa 11:00-18:00; May-Sep Mo-Fr 11:00-19:00; May-Sep Sa 11:00-18:00", "poi_typ": "shop", "dienstag_vormittag": true }, "geometry": { "type": "Point", "coordinates": [ 13.4089215, 52.5380723 ] } },
{ "type": "Feature", "properties": { "element": "node", "id": 1769967807, "name": "Tribu Music Store", "shop": "music", "amenity": null, "office": null, "tourism": null, "leisure": null, "building": null, "opening_hours": "Mo-Fr 12:00-19:00; Sa 11:00-19:00", "poi_typ": "shop", "dienstag_vormittag": true }, "geometry": { "type": "Point", "coordinates": [ 13.4122288, 52.5447212 ] } },
{ "type": "Feature", "properties": { "element": "node", "id": 1769968037, "name": "Sehenswert", "shop": "optician", "amenity": null, "office": null, "tourism": null, "leisure": null, "building": null, "opening_hours": "Mo-Fr 10:00-19:00; Sa 10:00-15:00", "poi_typ": "shop", "dienstag_vormittag": true }, "geometry": { "type": "Point", "coordinates": [ 13.4122159, 52.5446786 ] } },
{ "type": "Feature", "properties": { "element": "node", "id": 1769968053, "name": null, "shop": "convenience", "amenity": null, "office": null, "tourism": null, "leisure": null, "building": null, "opening_hours": "Mo-Su 07:00-22:00", "poi_typ": "shop", "dienstag_vormittag": true }, "geometry": { "type": "Point", "coordinates": [ 13.4120203, 52.543873 ] } },
{ "type": "Feature", "properties": { "element": "node", "id": 1773167215, "name": "Domino's", "shop": null, "amenity": "fast_food", "office": null, "tourism": null, "leisure": null, "building": null, "opening_hours": "Mo-Su 11:00-23:00", "poi_typ": "amenity", "dienstag_vormittag": true }, "geometry": { "type": "Point", "coordinates": [ 13.445695, 52.5538921 ] } },
{ "type": "Feature", "properties": { "element": "node", "id": 1773500978, "name": "Weinbörse", "shop": "wine", "amenity": null, "office": null, "tourism": null, "leisure": null, "building": null, "opening_hours": "Mo-Fr 11:00-19:00; Sa 10:00-13:00", "poi_typ": "shop", "dienstag_vormittag": true }, "geometry": { "type": "Point", "coordinates": [ 13.4464978, 52.5543874 ] } },
{ "type": "Feature", "properties": { "element": "node", "id": 1784674880, "name": "Office Club", "shop": null, "amenity": "coworking_space", "office": "company", "tourism": null, "leisure": null, "building": null, "opening_hours": "24/7", "poi_typ": "amenity", "dienstag_vormittag": true }, "geometry": { "type": "Point", "coordinates": [ 13.4142133, 52.5432379 ] } },
{ "type": "Feature", "properties": { "element": "node", "id": 1795560347, "name": "Max Werk", "shop": "doityourself", "amenity": null, "office": null, "tourism": null, "leisure": null, "building": null, "opening_hours": "Mo-Fr 11:00-18:00; Sa 11:00-16:00", "poi_typ": "shop", "dienstag_vormittag": true }, "geometry": { "type": "Point", "coordinates": [ 13.4151176, 52.5473782 ] } },
{ "type": "Feature", "properties": { "element": "node", "id": 1803632679, "name": "La Famiglia", "shop": null, "amenity": "restaurant", "office": null, "tourism": null, "leisure": null, "building": null, "opening_hours": "Mo-Su,PH 11:00-23:00", "poi_typ": "amenity", "dienstag_vormittag": true }, "geometry": { "type": "Point", "coordinates": [ 13.4582409, 52.5504924 ] } },
{ "type": "Feature", "properties": { "element": "node", "id": 1824077930, "name": "Palermo", "shop": null, "amenity": "restaurant", "office": null, "tourism": null, "leisure": null, "building": null, "opening_hours": "Mo-Su 09:00-24:00", "poi_typ": "amenity", "dienstag_vormittag": true }, "geometry": { "type": "Point", "coordinates": [ 13.4778053, 52.5559582 ] } },
{ "type": "Feature", "properties": { "element": "node", "id": 1826597524, "name": "Little Pub", "shop": null, "amenity": "pub", "office": null, "tourism": null, "leisure": null, "building": null, "opening_hours": "Mo-Fr 13:00+, Su 17:00+", "poi_typ": "amenity", "dienstag_vormittag": true }, "geometry": { "type": "Point", "coordinates": [ 13.4058213, 52.5510184 ] } },
{ "type": "Feature", "properties": { "element": "node", "id": 1828707071, "name": "Rennbahn Apotheke", "shop": null, "amenity": "pharmacy", "office": null, "tourism": null, "leisure": null, "building": null, "opening_hours": "Mo-Fr 08:00-18:30; Sa 08:00-13:00", "poi_typ": "amenity", "dienstag_vormittag": true }, "geometry": { "type": "Point", "coordinates": [ 13.4591942, 52.5603111 ] } },
{ "type": "Feature", "properties": { "element": "node", "id": 1831972687, "name": "Vervielfältigungsservice Breitfeld", "shop": "convenience", "amenity": null, "office": null, "tourism": null, "leisure": null, "building": null, "opening_hours": "Mo-Fr 09:30-18:00", "poi_typ": "shop", "dienstag_vormittag": true }, "geometry": { "type": "Point", "coordinates": [ 13.418591, 52.550518 ] } },
{ "type": "Feature", "properties": { "element": "node", "id": 1843136483, "name": "Spektrum Lebensfreude", "shop": "convenience", "amenity": null, "office": null, "tourism": null, "leisure": null, "building": null, "opening_hours": "Mo-Fr 09:00-18:00; Sa 09:00-14:00", "poi_typ": "shop", "dienstag_vormittag": true }, "geometry": { "type": "Point", "coordinates": [ 13.4238982, 52.5495578 ] } },
{ "type": "Feature", "properties": { "element": "node", "id": 1844110877, "name": "Mini Markt", "shop": "grocery", "amenity": null, "office": null, "tourism": null, "leisure": null, "building": null, "opening_hours": "Mo-Su 10:00-19:00", "poi_typ": "shop", "dienstag_vormittag": true }, "geometry": { "type": "Point", "coordinates": [ 13.4063986, 52.5320308 ] } },
{ "type": "Feature", "properties": { "element": "node", "id": 1845158183, "name": "Sparkasse", "shop": null, "amenity": "bank", "office": null, "tourism": null, "leisure": null, "building": null, "opening_hours": "Mo-Fr 09:30-18:00", "poi_typ": "amenity", "dienstag_vormittag": true }, "geometry": { "type": "Point", "coordinates": [ 13.4047316, 52.5701377 ] } },
{ "type": "Feature", "properties": { "element": "node", "id": 1845242180, "name": null, "shop": null, "amenity": "atm", "office": null, "tourism": null, "leisure": null, "building": null, "opening_hours": "Mo-Fr 06:00-23:00; Sa-Su 08:00-23:00", "poi_typ": "amenity", "dienstag_vormittag": true }, "geometry": { "type": "Point", "coordinates": [ 13.4048294, 52.5700507 ] } },
{ "type": "Feature", "properties": { "element": "node", "id": 1845262965, "name": "pir Getränke", "shop": "convenience", "amenity": null, "office": null, "tourism": null, "leisure": null, "building": null, "opening_hours": "Mo-Fr 09:00-18:00; Sa 10:00-13:00", "poi_typ": "shop", "dienstag_vormittag": true }, "geometry": { "type": "Point", "coordinates": [ 13.3942494, 52.5647786 ] } },
{ "type": "Feature", "properties": { "element": "node", "id": 1845283662, "name": "John's Bäckerei & Konditorei", "shop": "bakery", "amenity": null, "office": null, "tourism": null, "leisure": null, "building": null, "opening_hours": "Mo-Fr 06:00-18:30; Su 08:00-11:00; Sa 07:00-12:00", "poi_typ": "shop", "dienstag_vormittag": true }, "geometry": { "type": "Point", "coordinates": [ 13.395729, 52.5656292 ] } },
{ "type": "Feature", "properties": { "element": "node", "id": 1849636763, "name": "Berliner Sparkasse", "shop": null, "amenity": "bank", "office": null, "tourism": null, "leisure": null, "building": null, "opening_hours": "Mo-Fr 06:00-23:00; Sa,Su 08:00-23:00", "poi_typ": "amenity", "dienstag_vormittag": true }, "geometry": { "type": "Point", "coordinates": [ 13.3671526, 52.5856473 ] } },
{ "type": "Feature", "properties": { "element": "node", "id": 1863558440, "name": "lue", "shop": null, "amenity": "cafe", "office": null, "tourism": null, "leisure": null, "building": null, "opening_hours": "Mo-Su 09:00-17:00", "poi_typ": "amenity", "dienstag_vormittag": true }, "geometry": { "type": "Point", "coordinates": [ 13.4319571, 52.5317262 ] } },
{ "type": "Feature", "properties": { "element": "node", "id": 1863560210, "name": "DAG", "shop": "bakery", "amenity": null, "office": null, "tourism": null, "leisure": null, "building": null, "opening_hours": "Mo-Su 06:00-18:00", "poi_typ": "shop", "dienstag_vormittag": true }, "geometry": { "type": "Point", "coordinates": [ 13.4341949, 52.5319219 ] } },
{ "type": "Feature", "properties": { "element": "node", "id": 1863567226, "name": "Schwanen Apotheke", "shop": null, "amenity": "pharmacy", "office": null, "tourism": null, "leisure": null, "building": null, "opening_hours": "Mo-Fr 08:30-18:30; Sa 09:00-14:00", "poi_typ": "amenity", "dienstag_vormittag": true }, "geometry": { "type": "Point", "coordinates": [ 13.43824, 52.532715 ] } },
{ "type": "Feature", "properties": { "element": "node", "id": 1863567860, "name": "Jacques' Wein-Depot", "shop": "wine", "amenity": null, "office": null, "tourism": null, "leisure": null, "building": null, "opening_hours": "Mo-Fr 12:00-19:00; Sa 10:00-16:00", "poi_typ": "shop", "dienstag_vormittag": true }, "geometry": { "type": "Point", "coordinates": [ 13.4335711, 52.5310252 ] } },
{ "type": "Feature", "properties": { "element": "node", "id": 1866461768, "name": "Ostsee-Apotheke", "shop": null, "amenity": "pharmacy", "office": null, "tourism": null, "leisure": null, "building": null, "opening_hours": "Mo-Fr 08:00-19:00", "poi_typ": "amenity", "dienstag_vormittag": true }, "geometry": { "type": "Point", "coordinates": [ 13.4455087, 52.5461931 ] } },
{ "type": "Feature", "properties": { "element": "node", "id": 1894786511, "name": "Bootshaus Café", "shop": null, "amenity": "cafe", "office": null, "tourism": null, "leisure": null, "building": null, "opening_hours": "Mo-Su 10:00-18:00", "poi_typ": "amenity", "dienstag_vormittag": true }, "geometry": { "type": "Point", "coordinates": [ 13.4228532, 52.535475 ] } },
{ "type": "Feature", "properties": { "element": "node", "id": 1904309729, "name": "Fielmann", "shop": "optician", "amenity": null, "office": null, "tourism": null, "leisure": null, "building": null, "opening_hours": "Mo-Fr 09:00-19:00; Sa 10:00-18:00", "poi_typ": "shop", "dienstag_vormittag": true }, "geometry": { "type": "Point", "coordinates": [ 13.413776, 52.547383 ] } },
{ "type": "Feature", "properties": { "element": "node", "id": 1905686740, "name": "pitstop", "shop": "car_repair", "amenity": null, "office": null, "tourism": null, "leisure": null, "building": null, "opening_hours": "Mo-Fr 08:00-18:00", "poi_typ": "shop", "dienstag_vormittag": true }, "geometry": { "type": "Point", "coordinates": [ 13.4307916, 52.5514134 ] } },
{ "type": "Feature", "properties": { "element": "node", "id": 1918504620, "name": "Blume 2000", "shop": "florist", "amenity": null, "office": null, "tourism": null, "leisure": null, "building": null, "opening_hours": "Mo-Fr 09:00-18:00; Sa 09:00-16:00", "poi_typ": "shop", "dienstag_vormittag": true }, "geometry": { "type": "Point", "coordinates": [ 13.454515, 52.5492764 ] } },
{ "type": "Feature", "properties": { "element": "node", "id": 1918505325, "name": "ReSales Secondhand", "shop": "clothes", "amenity": null, "office": null, "tourism": null, "leisure": null, "building": null, "opening_hours": "Mo-Fr 10:00-19:00; Sa 10:00-16:00", "poi_typ": "shop", "dienstag_vormittag": true }, "geometry": { "type": "Point", "coordinates": [ 13.4590575, 52.5502721 ] } },
{ "type": "Feature", "properties": { "element": "node", "id": 1920573783, "name": "Hofpfisterei", "shop": "bakery", "amenity": null, "office": null, "tourism": null, "leisure": null, "building": null, "opening_hours": "Mo-Fr 08:30-18:30; Sa 08:30-15:00", "poi_typ": "shop", "dienstag_vormittag": true }, "geometry": { "type": "Point", "coordinates": [ 13.4132429, 52.5489207 ] } },
{ "type": "Feature", "properties": { "element": "node", "id": 1928223921, "name": null, "shop": null, "amenity": "atm", "office": null, "tourism": null, "leisure": null, "building": null, "opening_hours": "24/7", "poi_typ": "amenity", "dienstag_vormittag": true }, "geometry": { "type": "Point", "coordinates": [ 13.4101866, 52.5704611 ] } },
{ "type": "Feature", "properties": { "element": "node", "id": 1928857792, "name": "Kaffe", "shop": null, "amenity": "cafe", "office": null, "tourism": null, "leisure": null, "building": null, "opening_hours": "Mo-Fr 07:30-19:00; Sa-Su 09:00-19:00", "poi_typ": "amenity", "dienstag_vormittag": true }, "geometry": { "type": "Point", "coordinates": [ 13.4232129, 52.532701 ] } },
{ "type": "Feature", "properties": { "element": "node", "id": 1933362461, "name": "Schnell", "shop": "bakery", "amenity": null, "office": null, "tourism": null, "leisure": null, "building": null, "opening_hours": "Mo-Fr 06:00-18:00; Sa 07:00-17:00; Su 07:00-17:00", "poi_typ": "shop", "dienstag_vormittag": true }, "geometry": { "type": "Point", "coordinates": [ 13.4932779, 52.6361296 ] } },
{ "type": "Feature", "properties": { "element": "node", "id": 1933362462, "name": "Viereck Apotheke", "shop": null, "amenity": "pharmacy", "office": null, "tourism": null, "leisure": null, "building": null, "opening_hours": "Mo-Fr 08:00-19:00, Sa 08:00-13:00", "poi_typ": "amenity", "dienstag_vormittag": true }, "geometry": { "type": "Point", "coordinates": [ 13.4934176, 52.6360319 ] } },
{ "type": "Feature", "properties": { "element": "node", "id": 1935018843, "name": "The Barn", "shop": null, "amenity": "cafe", "office": null, "tourism": null, "leisure": null, "building": null, "opening_hours": "Mo-Fr 08:30-18:00; Sa-Su 10:00-18:00", "poi_typ": "amenity", "dienstag_vormittag": true }, "geometry": { "type": "Point", "coordinates": [ 13.4106932, 52.5299353 ] } },
{ "type": "Feature", "properties": { "element": "node", "id": 1941152935, "name": "Lila Lämmchen", "shop": "clothes", "amenity": null, "office": null, "tourism": null, "leisure": null, "building": null, "opening_hours": "Mo-Fr 10:00-18:30; Sa 10:00-16:00", "poi_typ": "shop", "dienstag_vormittag": true }, "geometry": { "type": "Point", "coordinates": [ 13.4212412, 52.5433038 ] } },
{ "type": "Feature", "properties": { "element": "node", "id": 1941162397, "name": "Presse-Shop", "shop": "newsagent", "amenity": null, "office": null, "tourism": null, "leisure": null, "building": null, "opening_hours": "Mo-Su 07:00-19:00", "poi_typ": "shop", "dienstag_vormittag": true }, "geometry": { "type": "Point", "coordinates": [ 13.458582, 52.5497592 ] } },
{ "type": "Feature", "properties": { "element": "node", "id": 1944751229, "name": "Frau Krüger", "shop": null, "amenity": "cafe", "office": null, "tourism": null, "leisure": null, "building": null, "opening_hours": "Mo-Fr 12:00-18:00; Sa-Su 09:30-19:00", "poi_typ": "amenity", "dienstag_vormittag": true }, "geometry": { "type": "Point", "coordinates": [ 13.400897, 52.5482559 ] } },
{ "type": "Feature", "properties": { "element": "node", "id": 1945792004, "name": "Clean Team Mattusch", "shop": "dry_cleaning", "amenity": null, "office": null, "tourism": null, "leisure": null, "building": null, "opening_hours": "Mo-Fr 08:00-19:00; Sa 09:00-16:00", "poi_typ": "shop", "dienstag_vormittag": true }, "geometry": { "type": "Point", "coordinates": [ 13.4097572, 52.5294693 ] } },
{ "type": "Feature", "properties": { "element": "node", "id": 1945796842, "name": "Schulz Aktiv Reisen", "shop": "travel_agency", "amenity": null, "office": null, "tourism": null, "leisure": null, "building": null, "opening_hours": "Mo-Fr 10:00-13:00,14:00-17:00", "poi_typ": "shop", "dienstag_vormittag": true }, "geometry": { "type": "Point", "coordinates": [ 13.4101617, 52.5300909 ] } },
{ "type": "Feature", "properties": { "element": "node", "id": 1945803964, "name": "Babie lato Naturstoffe", "shop": "fabric", "amenity": null, "office": null, "tourism": null, "leisure": null, "building": null, "opening_hours": "Mo-Fr 11:00-19:00; Sa 11:00-16:00", "poi_typ": "shop", "dienstag_vormittag": true }, "geometry": { "type": "Point", "coordinates": [ 13.4102083, 52.5301478 ] } },
{ "type": "Feature", "properties": { "element": "node", "id": 1964235506, "name": "The bargain book shop", "shop": "books", "amenity": null, "office": null, "tourism": null, "leisure": null, "building": null, "opening_hours": "Mo-Fr 12:00-20:00; Sa 11:00-18:00", "poi_typ": "shop", "dienstag_vormittag": true }, "geometry": { "type": "Point", "coordinates": [ 13.4228071, 52.5331132 ] } },
{ "type": "Feature", "properties": { "element": "node", "id": 1964235517, "name": "Godshot", "shop": null, "amenity": "cafe", "office": null, "tourism": null, "leisure": null, "building": null, "opening_hours": "Mo-Fr 09:00-17:00; Sa 09:30-17:00; Su 09:30-17:00; PH off", "poi_typ": "amenity", "dienstag_vormittag": true }, "geometry": { "type": "Point", "coordinates": [ 13.4228978, 52.5330809 ] } },
{ "type": "Feature", "properties": { "element": "node", "id": 1964235575, "name": "Froindlichst", "shop": null, "amenity": "restaurant", "office": null, "tourism": null, "leisure": null, "building": null, "opening_hours": "Mo-Su 09:30-22:00", "poi_typ": "amenity", "dienstag_vormittag": true }, "geometry": { "type": "Point", "coordinates": [ 13.4231682, 52.5330021 ] } },
{ "type": "Feature", "properties": { "element": "node", "id": 1964250492, "name": "Café Blaumond", "shop": null, "amenity": "cafe", "office": null, "tourism": null, "leisure": null, "building": null, "opening_hours": "Mo-Fr 08:30-18:00; Sa 12:00-18:00", "poi_typ": "amenity", "dienstag_vormittag": true }, "geometry": { "type": "Point", "coordinates": [ 13.4225919, 52.5329206 ] } },
{ "type": "Feature", "properties": { "element": "node", "id": 1976439678, "name": "Kita Bienchen", "shop": null, "amenity": "kindergarten", "office": null, "tourism": null, "leisure": null, "building": null, "opening_hours": "Mo-Fr 08:00-18:00", "poi_typ": "amenity", "dienstag_vormittag": true }, "geometry": { "type": "Point", "coordinates": [ 13.4248529, 52.5310258 ] } },
{ "type": "Feature", "properties": { "element": "node", "id": 1976708784, "name": "Whisky Market Berlin", "shop": "alcohol", "amenity": null, "office": null, "tourism": null, "leisure": null, "building": null, "opening_hours": "Mo-Fr 12:00-20:00; Sa 11:00-18:00", "poi_typ": "shop", "dienstag_vormittag": true }, "geometry": { "type": "Point", "coordinates": [ 13.424525, 52.5327483 ] } },
{ "type": "Feature", "properties": { "element": "node", "id": 1977099891, "name": "Traditionelle Thaimassage bei Noi", "shop": "massage", "amenity": null, "office": null, "tourism": null, "leisure": null, "building": null, "opening_hours": "Mo-Fr 10:00-20:00; Sa 10:00-16:00", "poi_typ": "shop", "dienstag_vormittag": true }, "geometry": { "type": "Point", "coordinates": [ 13.4199463, 52.5312666 ] } },
{ "type": "Feature", "properties": { "element": "node", "id": 1983576259, "name": "Ziervogel's Kult-Curry", "shop": null, "amenity": "fast_food", "office": null, "tourism": null, "leisure": null, "building": null, "opening_hours": "Mo-Fr 11:30-19:30", "poi_typ": "amenity", "dienstag_vormittag": true }, "geometry": { "type": "Point", "coordinates": [ 13.4131597, 52.533197 ] } },
{ "type": "Feature", "properties": { "element": "node", "id": 1984963478, "name": "Regal Rocker", "shop": "interior_decoration", "amenity": null, "office": null, "tourism": null, "leisure": null, "building": null, "opening_hours": "Mo-Fr 11:00-19:00; Sa 11:00-16:00", "poi_typ": "shop", "dienstag_vormittag": true }, "geometry": { "type": "Point", "coordinates": [ 13.4192838, 52.5462329 ] } },
{ "type": "Feature", "properties": { "element": "node", "id": 2058457544, "name": "Kaffee Immanet", "shop": null, "amenity": "community_centre", "office": null, "tourism": null, "leisure": null, "building": null, "opening_hours": "Mo-Fr 08:00-21:00", "poi_typ": "amenity", "dienstag_vormittag": true }, "geometry": { "type": "Point", "coordinates": [ 13.4243514, 52.5323202 ] } },
{ "type": "Feature", "properties": { "element": "node", "id": 2097328349, "name": "Le Food", "shop": null, "amenity": "restaurant", "office": null, "tourism": null, "leisure": null, "building": null, "opening_hours": "Mo-Fr 11:00-22:00; Su 12:00-22:00; PH 12:00-22:00", "poi_typ": "amenity", "dienstag_vormittag": true }, "geometry": { "type": "Point", "coordinates": [ 13.4480508, 52.549529 ] } },
{ "type": "Feature", "properties": { "element": "node", "id": 2106014638, "name": "Rechtsanwalt Lasse Jacobsen", "shop": null, "amenity": null, "office": "lawyer", "tourism": null, "leisure": null, "building": null, "opening_hours": "Mo-Fr 10:00-18:00; Sa-Su, PH off", "poi_typ": "office", "dienstag_vormittag": true }, "geometry": { "type": "Point", "coordinates": [ 13.4161175, 52.5724615 ] } },
{ "type": "Feature", "properties": { "element": "node", "id": 2106988679, "name": "MFG Glas- und Gebäudereinigung GmbH", "shop": null, "amenity": null, "office": "company", "tourism": null, "leisure": null, "building": null, "opening_hours": "Mo-Fr 07:00-18:00; Sa-Su off", "poi_typ": "office", "dienstag_vormittag": true }, "geometry": { "type": "Point", "coordinates": [ 13.4161622, 52.590631 ] } },
{ "type": "Feature", "properties": { "element": "node", "id": 2137158125, "name": "REWE", "shop": "supermarket", "amenity": null, "office": null, "tourism": null, "leisure": null, "building": null, "opening_hours": "Mo-Fr 07:00-00:00; Sa 07:00-23:00; PH off", "poi_typ": "shop", "dienstag_vormittag": true }, "geometry": { "type": "Point", "coordinates": [ 13.4127688, 52.5387764 ] } },
{ "type": "Feature", "properties": { "element": "node", "id": 2140006471, "name": "dm", "shop": "chemist", "amenity": null, "office": null, "tourism": null, "leisure": null, "building": null, "opening_hours": "Mo-Fr 08:00-20:00; Sa 09:00-20:00", "poi_typ": "shop", "dienstag_vormittag": true }, "geometry": { "type": "Point", "coordinates": [ 13.4118826, 52.5675126 ] } },
{ "type": "Feature", "properties": { "element": "node", "id": 2140694441, "name": "Mont K Kletterladen", "shop": "outdoor", "amenity": null, "office": null, "tourism": null, "leisure": null, "building": null, "opening_hours": "Mo-Fr 11:00-20:00; Sa 10:00-20:00", "poi_typ": "shop", "dienstag_vormittag": true }, "geometry": { "type": "Point", "coordinates": [ 13.4087787, 52.5379398 ] } },
{ "type": "Feature", "properties": { "element": "node", "id": 2148260153, "name": "Family Bike", "shop": "bicycle", "amenity": null, "office": null, "tourism": null, "leisure": null, "building": null, "opening_hours": "Mo-Fr 10:00-18:30; Sa 10:00-14:00", "poi_typ": "shop", "dienstag_vormittag": true }, "geometry": { "type": "Point", "coordinates": [ 13.3996018, 52.5688322 ] } },
{ "type": "Feature", "properties": { "element": "node", "id": 2174756456, "name": "Kopfgeldjäger", "shop": "hairdresser", "amenity": null, "office": null, "tourism": null, "leisure": null, "building": null, "opening_hours": "Mo-Fr 10:00-20:00; Sa 10:00-18:00", "poi_typ": "shop", "dienstag_vormittag": true }, "geometry": { "type": "Point", "coordinates": [ 13.4166352, 52.5472384 ] } },
{ "type": "Feature", "properties": { "element": "node", "id": 2177695400, "name": "S&N Textilpflege", "shop": "laundry", "amenity": null, "office": null, "tourism": null, "leisure": null, "building": null, "opening_hours": "Mo-Fr 10:00-18:00; Sa 10:00-16:00", "poi_typ": "shop", "dienstag_vormittag": true }, "geometry": { "type": "Point", "coordinates": [ 13.4204465, 52.5457195 ] } },
{ "type": "Feature", "properties": { "element": "node", "id": 2260323123, "name": "Thai Son", "shop": null, "amenity": "fast_food", "office": null, "tourism": null, "leisure": null, "building": null, "opening_hours": "Mo-Fr 11:00-22:00; Sa,Su,PH 12:00-21:00", "poi_typ": "amenity", "dienstag_vormittag": true }, "geometry": { "type": "Point", "coordinates": [ 13.437879, 52.53424 ] } },
{ "type": "Feature", "properties": { "element": "node", "id": 2262603842, "name": "Kunstschule", "shop": "department_store", "amenity": null, "office": null, "tourism": null, "leisure": null, "building": null, "opening_hours": "Mo-Fr 10:30-19:00; Sa 10:30-18:00", "poi_typ": "shop", "dienstag_vormittag": true }, "geometry": { "type": "Point", "coordinates": [ 13.4314954, 52.5322853 ] } },
{ "type": "Feature", "properties": { "element": "node", "id": 2266181719, "name": "Kita Lotusblüte", "shop": null, "amenity": "kindergarten", "office": null, "tourism": null, "leisure": null, "building": null, "opening_hours": "Mo-Fr 08:00-16:00", "poi_typ": "amenity", "dienstag_vormittag": true }, "geometry": { "type": "Point", "coordinates": [ 13.4010697, 52.5772272 ] } },
{ "type": "Feature", "properties": { "element": "node", "id": 2270456607, "name": "mel&koffie", "shop": "bakery", "amenity": null, "office": null, "tourism": null, "leisure": null, "building": null, "opening_hours": "Mo-Fr 07:00-19:00; Sa 07:00-18:00; PH off", "poi_typ": "shop", "dienstag_vormittag": true }, "geometry": { "type": "Point", "coordinates": [ 13.4143112, 52.5504091 ] } },
{ "type": "Feature", "properties": { "element": "node", "id": 2294656495, "name": "Hüttendomizil", "shop": null, "amenity": "restaurant", "office": null, "tourism": null, "leisure": null, "building": null, "opening_hours": "Mo-Su 11:00-18:00+", "poi_typ": "amenity", "dienstag_vormittag": true }, "geometry": { "type": "Point", "coordinates": [ 13.398717, 52.5694494 ] } },
{ "type": "Feature", "properties": { "element": "node", "id": 2296927807, "name": "Doppelpack Handels GmbH", "shop": "convenience", "amenity": null, "office": null, "tourism": null, "leisure": null, "building": null, "opening_hours": "Mo-Fr 08:00-18:00; Sa 09:00-16:00", "poi_typ": "shop", "dienstag_vormittag": true }, "geometry": { "type": "Point", "coordinates": [ 13.4025395, 52.564078 ] } },
{ "type": "Feature", "properties": { "element": "node", "id": 2323327442, "name": "Pankower Blumen-Galerie", "shop": "florist", "amenity": null, "office": null, "tourism": null, "leisure": null, "building": null, "opening_hours": "Mo-Fr 08:30-18:00; Sa 08:30-13:30", "poi_typ": "shop", "dienstag_vormittag": true }, "geometry": { "type": "Point", "coordinates": [ 13.4124503, 52.559022 ] } },
{ "type": "Feature", "properties": { "element": "node", "id": 2330815224, "name": "Phonezelle", "shop": "mobile_phone", "amenity": null, "office": null, "tourism": null, "leisure": null, "building": null, "opening_hours": "Mo-Fr 10:00-18:30; Sa 10:00-14:00", "poi_typ": "shop", "dienstag_vormittag": true }, "geometry": { "type": "Point", "coordinates": [ 13.495393, 52.635111 ] } },
{ "type": "Feature", "properties": { "element": "node", "id": 2330815234, "name": "Apollo-Optik", "shop": "optician", "amenity": null, "office": null, "tourism": null, "leisure": null, "building": null, "opening_hours": "Mo-Fr 09:00-19:00, Sa 09:00-16:00", "poi_typ": "shop", "dienstag_vormittag": true }, "geometry": { "type": "Point", "coordinates": [ 13.4950669, 52.6352366 ] } },
{ "type": "Feature", "properties": { "element": "node", "id": 2330815244, "name": "Zeeman", "shop": "general", "amenity": null, "office": null, "tourism": null, "leisure": null, "building": null, "opening_hours": "Mo-Fr 09:00-19:00; Sa 10:00-16:00", "poi_typ": "shop", "dienstag_vormittag": true }, "geometry": { "type": "Point", "coordinates": [ 13.4948932, 52.6352852 ] } },
{ "type": "Feature", "properties": { "element": "node", "id": 2331627862, "name": "Fam Ngo", "shop": null, "amenity": "restaurant", "office": null, "tourism": null, "leisure": null, "building": null, "opening_hours": "Mo-Su 11:30-22:00", "poi_typ": "amenity", "dienstag_vormittag": true }, "geometry": { "type": "Point", "coordinates": [ 13.4108346, 52.5609962 ] } },
{ "type": "Feature", "properties": { "element": "node", "id": 2335107991, "name": "FlorisTick am Friedrichshain", "shop": "florist", "amenity": null, "office": null, "tourism": null, "leisure": null, "building": null, "opening_hours": "Mo-Fr 09:00-18:00; Sa 09:00-14:00", "poi_typ": "shop", "dienstag_vormittag": true }, "geometry": { "type": "Point", "coordinates": [ 13.440774, 52.5321047 ] } },
{ "type": "Feature", "properties": { "element": "node", "id": 2341782156, "name": "Buchladen zur schwankenden Weltkugel", "shop": "books", "amenity": null, "office": null, "tourism": null, "leisure": null, "building": null, "opening_hours": "Mo-Fr 11:00-19:00; Sa 11:30-18:00; PH off", "poi_typ": "shop", "dienstag_vormittag": true }, "geometry": { "type": "Point", "coordinates": [ 13.4089053, 52.5375749 ] } },
{ "type": "Feature", "properties": { "element": "node", "id": 2352273139, "name": "Al Letany Insel", "shop": null, "amenity": "fast_food", "office": null, "tourism": null, "leisure": null, "building": null, "opening_hours": "Mo-Fr 11:30-22:00; Su 12:00-22:00", "poi_typ": "amenity", "dienstag_vormittag": true }, "geometry": { "type": "Point", "coordinates": [ 13.4056394, 52.5652815 ] } },
{ "type": "Feature", "properties": { "element": "node", "id": 2352283535, "name": "XL Cut Friseur", "shop": "hairdresser", "amenity": null, "office": null, "tourism": null, "leisure": null, "building": null, "opening_hours": "Mo-Fr 09:00-18:30; Sa 09:00-15:30", "poi_typ": "shop", "dienstag_vormittag": true }, "geometry": { "type": "Point", "coordinates": [ 13.4025693, 52.5694415 ] } },
{ "type": "Feature", "properties": { "element": "node", "id": 2355867845, "name": "Grünton", "shop": "hairdresser", "amenity": null, "office": null, "tourism": null, "leisure": null, "building": null, "opening_hours": "Mo-Fr 11:00-20:00; Sa 11:00-18:00", "poi_typ": "shop", "dienstag_vormittag": true }, "geometry": { "type": "Point", "coordinates": [ 13.4114721, 52.5412362 ] } },
{ "type": "Feature", "properties": { "element": "node", "id": 2411370812, "name": "Wulf Bikes", "shop": "bicycle", "amenity": null, "office": null, "tourism": null, "leisure": null, "building": null, "opening_hours": "Mo-Fr 10:00-18:30; Sa 10:00-16:00", "poi_typ": "shop", "dienstag_vormittag": true }, "geometry": { "type": "Point", "coordinates": [ 13.4017031, 52.5654986 ] } },
{ "type": "Feature", "properties": { "element": "node", "id": 2450700507, "name": "Optiker Grünke", "shop": "optician", "amenity": null, "office": null, "tourism": null, "leisure": null, "building": null, "opening_hours": "Mo-Fr 09:30-18:00", "poi_typ": "shop", "dienstag_vormittag": true }, "geometry": { "type": "Point", "coordinates": [ 13.4384403, 52.5339528 ] } },
{ "type": "Feature", "properties": { "element": "node", "id": 2451524968, "name": "Der Kiezladen", "shop": "gift", "amenity": null, "office": null, "tourism": null, "leisure": null, "building": null, "opening_hours": "Mo-Fr 09:00-15:00", "poi_typ": "shop", "dienstag_vormittag": true }, "geometry": { "type": "Point", "coordinates": [ 13.458373, 52.550112 ] } },
{ "type": "Feature", "properties": { "element": "node", "id": 2455250178, "name": "Kadach und Maurer", "shop": "funeral_directors", "amenity": null, "office": null, "tourism": null, "leisure": null, "building": null, "opening_hours": "Mo-Fr 09:00-16:00", "poi_typ": "shop", "dienstag_vormittag": true }, "geometry": { "type": "Point", "coordinates": [ 13.4579311, 52.5499936 ] } },
{ "type": "Feature", "properties": { "element": "node", "id": 2455256421, "name": "Münzel Bestattungen", "shop": "funeral_directors", "amenity": null, "office": null, "tourism": null, "leisure": null, "building": null, "opening_hours": "Mo-Fr 09:00-16:00", "poi_typ": "shop", "dienstag_vormittag": true }, "geometry": { "type": "Point", "coordinates": [ 13.457247, 52.549844 ] } },
{ "type": "Feature", "properties": { "element": "node", "id": 2455257327, "name": "Albertinen Buchhandlung", "shop": "books", "amenity": null, "office": null, "tourism": null, "leisure": null, "building": null, "opening_hours": "Mo-Fr 09:00-19:00; Sa 09:00-14:00", "poi_typ": "shop", "dienstag_vormittag": true }, "geometry": { "type": "Point", "coordinates": [ 13.4571202, 52.5498222 ] } },
{ "type": "Feature", "properties": { "element": "node", "id": 2458209496, "name": "Fahrrad Völker", "shop": "bicycle", "amenity": null, "office": null, "tourism": null, "leisure": null, "building": null, "opening_hours": "Mo-Fr 10:00-19:00", "poi_typ": "shop", "dienstag_vormittag": true }, "geometry": { "type": "Point", "coordinates": [ 13.4144139, 52.5577217 ] } },
{ "type": "Feature", "properties": { "element": "node", "id": 2458212122, "name": "Friseure Vandéll", "shop": "hairdresser", "amenity": null, "office": null, "tourism": null, "leisure": null, "building": null, "opening_hours": "Mo-Fr 09:00-20:00, Sa 08:00-13:00", "poi_typ": "shop", "dienstag_vormittag": true }, "geometry": { "type": "Point", "coordinates": [ 13.412862, 52.5658774 ] } },
{ "type": "Feature", "properties": { "element": "node", "id": 2463102667, "name": "Kinderladen Bullerbü e.V.", "shop": null, "amenity": "kindergarten", "office": null, "tourism": null, "leisure": null, "building": null, "opening_hours": "Mo-Fr 08:00-17:00", "poi_typ": "amenity", "dienstag_vormittag": true }, "geometry": { "type": "Point", "coordinates": [ 13.4115794, 52.5506377 ] } },
{ "type": "Feature", "properties": { "element": "node", "id": 2467510808, "name": "El Rief", "shop": null, "amenity": "fast_food", "office": null, "tourism": null, "leisure": null, "building": null, "opening_hours": "Mo-Su,PH 11:00-24:00", "poi_typ": "amenity", "dienstag_vormittag": true }, "geometry": { "type": "Point", "coordinates": [ 13.4125848, 52.5418504 ] } },
{ "type": "Feature", "properties": { "element": "node", "id": 2478938995, "name": null, "shop": null, "amenity": "parcel_locker", "office": null, "tourism": null, "leisure": null, "building": null, "opening_hours": "24/7", "poi_typ": "amenity", "dienstag_vormittag": true }, "geometry": { "type": "Point", "coordinates": [ 13.4291857, 52.6076131 ] } },
{ "type": "Feature", "properties": { "element": "node", "id": 2484936123, "name": "Aromas Café", "shop": null, "amenity": "cafe", "office": null, "tourism": null, "leisure": null, "building": null, "opening_hours": "Mo-Fr 08:00-17:00; Sa 09:00-17:00; Su off", "poi_typ": "amenity", "dienstag_vormittag": true }, "geometry": { "type": "Point", "coordinates": [ 13.4286271, 52.5331589 ] } },
{ "type": "Feature", "properties": { "element": "node", "id": 2487590992, "name": "Rossmann", "shop": "chemist", "amenity": null, "office": null, "tourism": null, "leisure": null, "building": null, "opening_hours": "Mo-Fr 08:00-21:00; Sa 08:00-21:00; PH off", "poi_typ": "shop", "dienstag_vormittag": true }, "geometry": { "type": "Point", "coordinates": [ 13.429108, 52.6075732 ] } },
{ "type": "Feature", "properties": { "element": "node", "id": 2488399742, "name": "Blumen & Pflanzen", "shop": "florist", "amenity": null, "office": null, "tourism": null, "leisure": null, "building": null, "opening_hours": "Mo-Fr 06:00-18:30; Sa 08:00-17:00; Su 10:00-16:00", "poi_typ": "shop", "dienstag_vormittag": true }, "geometry": { "type": "Point", "coordinates": [ 13.4112175, 52.5670152 ] } },
{ "type": "Feature", "properties": { "element": "node", "id": 2493513497, "name": "Auto Connection Pankow", "shop": "car", "amenity": null, "office": null, "tourism": null, "leisure": null, "building": null, "opening_hours": "Mo-Fr 10:00-18:00, Sa 10:00-16:00", "poi_typ": "shop", "dienstag_vormittag": true }, "geometry": { "type": "Point", "coordinates": [ 13.4318829, 52.591862 ] } },
{ "type": "Feature", "properties": { "element": "node", "id": 2496860542, "name": "Pool & Cigars", "shop": null, "amenity": "bar", "office": null, "tourism": null, "leisure": null, "building": null, "opening_hours": "Mo-Fr 17:00+; Sa,Su 13:00+", "poi_typ": "amenity", "dienstag_vormittag": true }, "geometry": { "type": "Point", "coordinates": [ 13.4141454, 52.5397141 ] } },
{ "type": "Feature", "properties": { "element": "node", "id": 2499997001, "name": "Getränke Hoffmann", "shop": "beverages", "amenity": null, "office": null, "tourism": null, "leisure": null, "building": null, "opening_hours": "Mo-Fr 09:00-20:00; Sa 09:00-18:00", "poi_typ": "shop", "dienstag_vormittag": true }, "geometry": { "type": "Point", "coordinates": [ 13.4477894, 52.5497411 ] } },
{ "type": "Feature", "properties": { "element": "node", "id": 2507402476, "name": "Berliner Volksbank", "shop": null, "amenity": "bank", "office": null, "tourism": null, "leisure": null, "building": null, "opening_hours": "Mo-Fr 10:00-13:00, Tu,Th 14:00-18:00, Mo 14:00-16:00", "poi_typ": "amenity", "dienstag_vormittag": true }, "geometry": { "type": "Point", "coordinates": [ 13.4002748, 52.5687746 ] } },
{ "type": "Feature", "properties": { "element": "node", "id": 2516120286, "name": "Flora-Apotheke seit 1880", "shop": null, "amenity": "pharmacy", "office": null, "tourism": null, "leisure": null, "building": null, "opening_hours": "Mo-Fr 08:00-19:00, Sa 09:00-13:00", "poi_typ": "amenity", "dienstag_vormittag": true }, "geometry": { "type": "Point", "coordinates": [ 13.4597629, 52.5504319 ] } },
{ "type": "Feature", "properties": { "element": "node", "id": 2517569522, "name": "Das Foto", "shop": "photo", "amenity": null, "office": null, "tourism": null, "leisure": null, "building": null, "opening_hours": "Mo-Fr 10:00-19:00; Su off", "poi_typ": "shop", "dienstag_vormittag": true }, "geometry": { "type": "Point", "coordinates": [ 13.4028447, 52.5836116 ] } },
{ "type": "Feature", "properties": { "element": "node", "id": 2524502813, "name": "Tomsky", "shop": null, "amenity": "pub", "office": null, "tourism": null, "leisure": null, "building": null, "opening_hours": "Mo-Su 18:00+", "poi_typ": "amenity", "dienstag_vormittag": true }, "geometry": { "type": "Point", "coordinates": [ 13.4245632, 52.5332865 ] } },
{ "type": "Feature", "properties": { "element": "node", "id": 2525117416, "name": "Medivet Berlin Pankow", "shop": null, "amenity": "veterinary", "office": null, "tourism": null, "leisure": null, "building": null, "opening_hours": "Mo-Fr 09:00-19:00; Sa 09:00-16:00; Su 11:00-13:00", "poi_typ": "amenity", "dienstag_vormittag": true }, "geometry": { "type": "Point", "coordinates": [ 13.429743, 52.5883891 ] } },
{ "type": "Feature", "properties": { "element": "node", "id": 2538629425, "name": "Astoria Reisen", "shop": "travel_agency", "amenity": null, "office": null, "tourism": null, "leisure": null, "building": null, "opening_hours": "Mo-Fr 10:00-18:00", "poi_typ": "shop", "dienstag_vormittag": true }, "geometry": { "type": "Point", "coordinates": [ 13.4410201, 52.5420834 ] } },
{ "type": "Feature", "properties": { "element": "node", "id": 2538714892, "name": "Woolworth", "shop": "department_store", "amenity": null, "office": null, "tourism": null, "leisure": null, "building": null, "opening_hours": "Mo-Fr 09:00-20:00; Sa 09:00-18:00", "poi_typ": "shop", "dienstag_vormittag": true }, "geometry": { "type": "Point", "coordinates": [ 13.44261, 52.5432902 ] } },
{ "type": "Feature", "properties": { "element": "node", "id": 2547380145, "name": "Gina Bistrot", "shop": null, "amenity": "cafe", "office": null, "tourism": null, "leisure": null, "building": null, "opening_hours": "Mo-Fr 11:00-16:00; Sa off; Su 12:00-17:00", "poi_typ": "amenity", "dienstag_vormittag": true }, "geometry": { "type": "Point", "coordinates": [ 13.4096059, 52.532458 ] } },
{ "type": "Feature", "properties": { "element": "node", "id": 2555471411, "name": "Technisches Finanzamt", "shop": null, "amenity": null, "office": "government", "tourism": null, "leisure": null, "building": null, "opening_hours": "Mo-Fr 06:00-18:00", "poi_typ": "office", "dienstag_vormittag": true }, "geometry": { "type": "Point", "coordinates": [ 13.4470216, 52.5342885 ] } },
{ "type": "Feature", "properties": { "element": "node", "id": 2558478777, "name": "Kauffmann Studios", "shop": "photo", "amenity": null, "office": null, "tourism": null, "leisure": null, "building": null, "opening_hours": "Mo-Fr 09:30-18:00", "poi_typ": "shop", "dienstag_vormittag": true }, "geometry": { "type": "Point", "coordinates": [ 13.4126195, 52.5595073 ] } },
{ "type": "Feature", "properties": { "element": "node", "id": 2568685180, "name": "Asia Tiger", "shop": null, "amenity": "restaurant", "office": null, "tourism": null, "leisure": null, "building": null, "opening_hours": "Mo-Fr 11:00-23:00, Su,PH 12:00-23:00", "poi_typ": "amenity", "dienstag_vormittag": true }, "geometry": { "type": "Point", "coordinates": [ 13.4278672, 52.5321855 ] } },
{ "type": "Feature", "properties": { "element": "node", "id": 2578675608, "name": "Blaffke Kaffeebar und Rösterei", "shop": null, "amenity": "cafe", "office": null, "tourism": null, "leisure": null, "building": null, "opening_hours": "Mo-Fr 08:00-18:00; Sa,Su 10:00-18:00", "poi_typ": "amenity", "dienstag_vormittag": true }, "geometry": { "type": "Point", "coordinates": [ 13.4077074, 52.5656023 ] } },
{ "type": "Feature", "properties": { "element": "node", "id": 2610886464, "name": "Nam Ý", "shop": null, "amenity": "restaurant", "office": null, "tourism": null, "leisure": null, "building": null, "opening_hours": "Mo-Fr 11:30-23:00; Sa,Su,PH 12:00-23:00", "poi_typ": "amenity", "dienstag_vormittag": true }, "geometry": { "type": "Point", "coordinates": [ 13.3949802, 52.5651559 ] } },
{ "type": "Feature", "properties": { "element": "node", "id": 2613826861, "name": "McCafé", "shop": null, "amenity": "cafe", "office": null, "tourism": null, "leisure": null, "building": null, "opening_hours": "24/7", "poi_typ": "amenity", "dienstag_vormittag": true }, "geometry": { "type": "Point", "coordinates": [ 13.4290391, 52.5609121 ] } },
{ "type": "Feature", "properties": { "element": "node", "id": 2623272097, "name": "Nails & Lashes", "shop": "beauty", "amenity": null, "office": null, "tourism": null, "leisure": null, "building": null, "opening_hours": "Mo-Fr 09:00-19:00; Sa 09:00-18:00", "poi_typ": "shop", "dienstag_vormittag": true }, "geometry": { "type": "Point", "coordinates": [ 13.412321, 52.5488814 ] } },
{ "type": "Feature", "properties": { "element": "node", "id": 2639416051, "name": "Poolside", "shop": null, "amenity": "cafe", "office": null, "tourism": null, "leisure": null, "building": null, "opening_hours": "Mo-Fr 08:00-18:00; Sa-Su 09:00-18:00", "poi_typ": "amenity", "dienstag_vormittag": true }, "geometry": { "type": "Point", "coordinates": [ 13.4125482, 52.5402263 ] } },
{ "type": "Feature", "properties": { "element": "node", "id": 2700971593, "name": null, "shop": null, "amenity": "atm", "office": null, "tourism": null, "leisure": null, "building": null, "opening_hours": "24/7", "poi_typ": "amenity", "dienstag_vormittag": true }, "geometry": { "type": "Point", "coordinates": [ 13.4115979, 52.5669738 ] } },
{ "type": "Feature", "properties": { "element": "node", "id": 2723892908, "name": "Cupra Garage Berlin", "shop": "car", "amenity": null, "office": null, "tourism": null, "leisure": null, "building": null, "opening_hours": "Mo-Fr 06:00-20:00; Sa 09:00-14:00", "poi_typ": "shop", "dienstag_vormittag": true }, "geometry": { "type": "Point", "coordinates": [ 13.4285204, 52.5612908 ] } },
{ "type": "Feature", "properties": { "element": "node", "id": 2752289878, "name": "GEERS Hörgeräte", "shop": "hearing_aids", "amenity": null, "office": null, "tourism": null, "leisure": null, "building": null, "opening_hours": "Mo-Fr 08:30-13:00, Mo-We 14:00-18:00, Th 14:00-17:00", "poi_typ": "shop", "dienstag_vormittag": true }, "geometry": { "type": "Point", "coordinates": [ 13.4005413, 52.5689143 ] } },
{ "type": "Feature", "properties": { "element": "node", "id": 2774817169, "name": "Kädtler", "shop": "bakery", "amenity": null, "office": null, "tourism": null, "leisure": null, "building": null, "opening_hours": "Mo-Fr 06:00-18:00; Sa 07:00-12:00; Su off", "poi_typ": "shop", "dienstag_vormittag": true }, "geometry": { "type": "Point", "coordinates": [ 13.435643, 52.535292 ] } },
{ "type": "Feature", "properties": { "element": "node", "id": 2780151709, "name": "Berliner Bäcker", "shop": "bakery", "amenity": null, "office": null, "tourism": null, "leisure": null, "building": null, "opening_hours": "Mo-Fr 04:00-17:30; Sa 06:00-12:00; Su off", "poi_typ": "shop", "dienstag_vormittag": true }, "geometry": { "type": "Point", "coordinates": [ 13.442677, 52.5910553 ] } },
{ "type": "Feature", "properties": { "element": "node", "id": 2831165178, "name": "d.nik", "shop": "toys", "amenity": null, "office": null, "tourism": null, "leisure": null, "building": null, "opening_hours": "Mo-Fr 10:00-19:00; Sa 10:00-18:00", "poi_typ": "shop", "dienstag_vormittag": true }, "geometry": { "type": "Point", "coordinates": [ 13.4189378, 52.536289 ] } },
{ "type": "Feature", "properties": { "element": "node", "id": 2834832470, "name": "Lotto Post Tabak", "shop": "kiosk", "amenity": "post_office", "office": null, "tourism": null, "leisure": null, "building": null, "opening_hours": "Mo-Fr 09:00-18:00; Sa 09:00-13:00", "poi_typ": "shop", "dienstag_vormittag": true }, "geometry": { "type": "Point", "coordinates": [ 13.4352557, 52.5322847 ] } },
{ "type": "Feature", "properties": { "element": "node", "id": 2835567046, "name": null, "shop": null, "amenity": "atm", "office": null, "tourism": null, "leisure": null, "building": null, "opening_hours": "24/7", "poi_typ": "amenity", "dienstag_vormittag": true }, "geometry": { "type": "Point", "coordinates": [ 13.4389686, 52.5404754 ] } },
{ "type": "Feature", "properties": { "element": "node", "id": 2844932644, "name": "Trattoria Toscana", "shop": null, "amenity": "restaurant", "office": null, "tourism": null, "leisure": null, "building": null, "opening_hours": "Mo-Su 16:00+", "poi_typ": "amenity", "dienstag_vormittag": true }, "geometry": { "type": "Point", "coordinates": [ 13.4195004, 52.5383566 ] } },
{ "type": "Feature", "properties": { "element": "node", "id": 2850021274, "name": "JOHN REED Women's Club", "shop": null, "amenity": null, "office": null, "tourism": null, "leisure": "fitness_centre", "building": null, "opening_hours": "Mo-Fr 06:30-23:00; Sa,Su,PH 09:00-21:00", "poi_typ": "leisure", "dienstag_vormittag": true }, "geometry": { "type": "Point", "coordinates": [ 13.4135056, 52.5509763 ] } },
{ "type": "Feature", "properties": { "element": "node", "id": 2850021275, "name": "Nails Star", "shop": "beauty", "amenity": null, "office": null, "tourism": null, "leisure": null, "building": null, "opening_hours": "Mo-Fr 09:30-19:30, Sa 10:00-18:00", "poi_typ": "shop", "dienstag_vormittag": true }, "geometry": { "type": "Point", "coordinates": [ 13.4137259, 52.5518768 ] } },
{ "type": "Feature", "properties": { "element": "node", "id": 2864954832, "name": "FiGD Akademie GmbH", "shop": null, "amenity": null, "office": "educational_institution", "tourism": null, "leisure": null, "building": null, "opening_hours": "Mo-Fr 08:00-16:00", "poi_typ": "office", "dienstag_vormittag": true }, "geometry": { "type": "Point", "coordinates": [ 13.4559611, 52.5301589 ] } },
{ "type": "Feature", "properties": { "element": "node", "id": 2886852045, "name": "Elan", "shop": "convenience", "amenity": "fuel", "office": null, "tourism": null, "leisure": null, "building": null, "opening_hours": "24/7", "poi_typ": "shop", "dienstag_vormittag": true }, "geometry": { "type": "Point", "coordinates": [ 13.4326989, 52.5583444 ] } },
{ "type": "Feature", "properties": { "element": "node", "id": 2900326201, "name": "hair harmony cut & go", "shop": "hairdresser", "amenity": null, "office": null, "tourism": null, "leisure": null, "building": null, "opening_hours": "Mo-Fr 10:00-19:00; Sa 08:00-15:00", "poi_typ": "shop", "dienstag_vormittag": true }, "geometry": { "type": "Point", "coordinates": [ 13.456585, 52.549722 ] } },
{ "type": "Feature", "properties": { "element": "node", "id": 2907779311, "name": "Kita Edgar Berlin", "shop": null, "amenity": "kindergarten", "office": null, "tourism": null, "leisure": null, "building": null, "opening_hours": "Mo-Su 08:00-17:00", "poi_typ": "amenity", "dienstag_vormittag": true }, "geometry": { "type": "Point", "coordinates": [ 13.4030016, 52.5475532 ] } },
{ "type": "Feature", "properties": { "element": "node", "id": 2911745098, "name": "Bernd Quinque Autohaus GmbH", "shop": "car", "amenity": null, "office": null, "tourism": null, "leisure": null, "building": null, "opening_hours": "Mo-Fr 09:00-18:00", "poi_typ": "shop", "dienstag_vormittag": true }, "geometry": { "type": "Point", "coordinates": [ 13.4317937, 52.6022638 ] } },
{ "type": "Feature", "properties": { "element": "node", "id": 2923846820, "name": "JYSK", "shop": "furniture", "amenity": null, "office": null, "tourism": null, "leisure": null, "building": null, "opening_hours": "Mo-Fr 10:00-19:00; Sa 09:30-18:00", "poi_typ": "shop", "dienstag_vormittag": true }, "geometry": { "type": "Point", "coordinates": [ 13.4292609, 52.5600485 ] } },
{ "type": "Feature", "properties": { "element": "node", "id": 2927128623, "name": "Sonnenschein", "shop": null, "amenity": "brothel", "office": null, "tourism": null, "leisure": null, "building": null, "opening_hours": "Mo-Fr 10:00-19:00", "poi_typ": "amenity", "dienstag_vormittag": true }, "geometry": { "type": "Point", "coordinates": [ 13.4588841, 52.551237 ] } },
{ "type": "Feature", "properties": { "element": "node", "id": 2928750155, "name": "MBB Autoservice", "shop": "car_repair", "amenity": null, "office": null, "tourism": null, "leisure": null, "building": null, "opening_hours": "Mo-Fr 08:00-18:00", "poi_typ": "shop", "dienstag_vormittag": true }, "geometry": { "type": "Point", "coordinates": [ 13.4849917, 52.6141688 ] } },
{ "type": "Feature", "properties": { "element": "node", "id": 2930476803, "name": "Maaßen Zehn", "shop": "clothes", "amenity": null, "office": null, "tourism": null, "leisure": null, "building": null, "opening_hours": "Mo-Fr 11:00-19:00; Sa 11:00-17:00", "poi_typ": "shop", "dienstag_vormittag": true }, "geometry": { "type": "Point", "coordinates": [ 13.4132421, 52.545365 ] } },
{ "type": "Feature", "properties": { "element": "node", "id": 2930781601, "name": "März", "shop": null, "amenity": "restaurant", "office": null, "tourism": null, "leisure": null, "building": null, "opening_hours": "Mo-Su,PH 14:00+", "poi_typ": "amenity", "dienstag_vormittag": true }, "geometry": { "type": "Point", "coordinates": [ 13.4154874, 52.5472651 ] } },
{ "type": "Feature", "properties": { "element": "node", "id": 2930940906, "name": "Cafe am Fliess", "shop": null, "amenity": "restaurant", "office": null, "tourism": null, "leisure": null, "building": null, "opening_hours": "Mo-Su,PH 10:00+", "poi_typ": "amenity", "dienstag_vormittag": true }, "geometry": { "type": "Point", "coordinates": [ 13.4691326, 52.5846769 ] } },
{ "type": "Feature", "properties": { "element": "node", "id": 2932237012, "name": "Speisekammer", "shop": "deli", "amenity": null, "office": null, "tourism": null, "leisure": null, "building": null, "opening_hours": "Mo-Fr 10:00-18:00; Sa 09:00-13:00", "poi_typ": "shop", "dienstag_vormittag": true }, "geometry": { "type": "Point", "coordinates": [ 13.4527953, 52.5914932 ] } },
{ "type": "Feature", "properties": { "element": "node", "id": 2935221701, "name": "Petit Brunch", "shop": null, "amenity": "cafe", "office": null, "tourism": null, "leisure": null, "building": null, "opening_hours": "Mo-Su 07:00-19:00", "poi_typ": "amenity", "dienstag_vormittag": true }, "geometry": { "type": "Point", "coordinates": [ 13.4117981, 52.5423198 ] } },
{ "type": "Feature", "properties": { "element": "node", "id": 2935226501, "name": "Matratzen Concord", "shop": "bed", "amenity": null, "office": null, "tourism": null, "leisure": null, "building": null, "opening_hours": "Mo-Fr 10:00-18:30; Sa 10:00-16:00", "poi_typ": "shop", "dienstag_vormittag": true }, "geometry": { "type": "Point", "coordinates": [ 13.4117405, 52.5425304 ] } },
{ "type": "Feature", "properties": { "element": "node", "id": 2935337201, "name": "Berliner Volksbank", "shop": null, "amenity": "bank", "office": null, "tourism": null, "leisure": null, "building": null, "opening_hours": "Mo 10:00-13:00,14:00-16:00; Tu 10:00-13:00,14:00-18:00; We 10:00-13:00; Th 10:00-13:00,14:00-18:00; Fr 10:00-13:00; Sa,Su off; Mo-Su 06:00-23:00 \"self service\"", "poi_typ": "amenity", "dienstag_vormittag": true }, "geometry": { "type": "Point", "coordinates": [ 13.4117823, 52.5400437 ] } },
{ "type": "Feature", "properties": { "element": "node", "id": 2935348501, "name": "Zartbitter", "shop": "clothes", "amenity": null, "office": null, "tourism": null, "leisure": null, "building": null, "opening_hours": "Mo-Fr 11:30-20:00; Sa 11:00-20:00", "poi_typ": "shop", "dienstag_vormittag": true }, "geometry": { "type": "Point", "coordinates": [ 13.4116754, 52.5406772 ] } },
{ "type": "Feature", "properties": { "element": "node", "id": 2935505707, "name": "Links vom Fischladen", "shop": null, "amenity": "restaurant", "office": null, "tourism": null, "leisure": null, "building": null, "opening_hours": "Mo-Su 12:00-21:00; Sa 09:00-19:00; Su 13:00-17:00", "poi_typ": "amenity", "dienstag_vormittag": true }, "geometry": { "type": "Point", "coordinates": [ 13.4125021, 52.5458675 ] } },
{ "type": "Feature", "properties": { "element": "node", "id": 2939769878, "name": "baik Der Fahrradladen", "shop": "bicycle", "amenity": null, "office": null, "tourism": null, "leisure": null, "building": null, "opening_hours": "Mo-Fr 11:00-19:00; Sa 10:00-15:00", "poi_typ": "shop", "dienstag_vormittag": true }, "geometry": { "type": "Point", "coordinates": [ 13.412068, 52.568827 ] } },
{ "type": "Feature", "properties": { "element": "node", "id": 2947954495, "name": "Krümel", "shop": null, "amenity": "cafe", "office": null, "tourism": null, "leisure": null, "building": null, "opening_hours": "Mo-Fr 08:00-18:00; Sa,Su 09:00-18:00", "poi_typ": "amenity", "dienstag_vormittag": true }, "geometry": { "type": "Point", "coordinates": [ 13.417571, 52.546906 ] } },
{ "type": "Feature", "properties": { "element": "node", "id": 2957914008, "name": "Wichtel Umzüge GmbH", "shop": null, "amenity": null, "office": "company", "tourism": null, "leisure": null, "building": null, "opening_hours": "Mo-Fr 08:00-20:00", "poi_typ": "office", "dienstag_vormittag": true }, "geometry": { "type": "Point", "coordinates": [ 13.3782272, 52.5767733 ] } },
{ "type": "Feature", "properties": { "element": "node", "id": 2959363422, "name": "KiK", "shop": "clothes", "amenity": null, "office": null, "tourism": null, "leisure": null, "building": null, "opening_hours": "Mo-Fr 09:00-20:00; Sa 09:00-19:00", "poi_typ": "shop", "dienstag_vormittag": true }, "geometry": { "type": "Point", "coordinates": [ 13.4330115, 52.6045105 ] } },
{ "type": "Feature", "properties": { "element": "node", "id": 2960514356, "name": "Clever fit", "shop": null, "amenity": null, "office": null, "tourism": null, "leisure": "fitness_centre", "building": null, "opening_hours": "Mo-Fr 06:00-22:00; Sa-Su 09:00-20:00", "poi_typ": "leisure", "dienstag_vormittag": true }, "geometry": { "type": "Point", "coordinates": [ 13.4200588, 52.6059139 ] } },
{ "type": "Feature", "properties": { "element": "node", "id": 2960514674, "name": "Postfiliale", "shop": null, "amenity": "post_office", "office": null, "tourism": null, "leisure": null, "building": null, "opening_hours": "Mo-Fr 08:00-20:00; Sa 09:00-20:00", "poi_typ": "amenity", "dienstag_vormittag": true }, "geometry": { "type": "Point", "coordinates": [ 13.4203494, 52.6075417 ] } },
{ "type": "Feature", "properties": { "element": "node", "id": 2978842477, "name": "Kiras Style", "shop": "hairdresser", "amenity": null, "office": null, "tourism": null, "leisure": null, "building": null, "opening_hours": "Mo-Fr 09:00-20:00; Sa 09:00-14:00", "poi_typ": "shop", "dienstag_vormittag": true }, "geometry": { "type": "Point", "coordinates": [ 13.4209191, 52.5328867 ] } },
{ "type": "Feature", "properties": { "element": "node", "id": 2987592787, "name": "Poulette", "shop": null, "amenity": "restaurant", "office": null, "tourism": null, "leisure": null, "building": null, "opening_hours": "Mo-Su 09:00-23:00", "poi_typ": "amenity", "dienstag_vormittag": true }, "geometry": { "type": "Point", "coordinates": [ 13.4180044, 52.5350373 ] } },
{ "type": "Feature", "properties": { "element": "node", "id": 3017979329, "name": "Wiener Feinbäcker Heberer", "shop": "bakery", "amenity": null, "office": null, "tourism": null, "leisure": null, "building": null, "opening_hours": "Mo-Fr 05:00-20:00, Sa-Su 07:00-18:00", "poi_typ": "shop", "dienstag_vormittag": true }, "geometry": { "type": "Point", "coordinates": [ 13.4148412, 52.5494337 ] } },
{ "type": "Feature", "properties": { "element": "node", "id": 3024228068, "name": "Urban & Krüger - EP Electronic Partner", "shop": "electronics", "amenity": null, "office": null, "tourism": null, "leisure": null, "building": null, "opening_hours": "Mo-Fr 09:30-17:30", "poi_typ": "shop", "dienstag_vormittag": true }, "geometry": { "type": "Point", "coordinates": [ 13.4405971, 52.5430728 ] } },
{ "type": "Feature", "properties": { "element": "node", "id": 3039049776, "name": "Happa Happa", "shop": null, "amenity": "cafe", "office": null, "tourism": null, "leisure": null, "building": null, "opening_hours": "Mo-Fr 09:00-18:00", "poi_typ": "amenity", "dienstag_vormittag": true }, "geometry": { "type": "Point", "coordinates": [ 13.4594412, 52.5484392 ] } },
{ "type": "Feature", "properties": { "element": "node", "id": 3039050301, "name": "Peugeot Berlin Brandenburg GmbH", "shop": "car", "amenity": null, "office": null, "tourism": null, "leisure": null, "building": null, "opening_hours": "Mo-Fr 07:00-19:00; Sa 09:00-13:00", "poi_typ": "shop", "dienstag_vormittag": true }, "geometry": { "type": "Point", "coordinates": [ 13.4687876, 52.5633622 ] } },
{ "type": "Feature", "properties": { "element": "node", "id": 3039050402, "name": "Anton Grill", "shop": null, "amenity": "fast_food", "office": null, "tourism": null, "leisure": null, "building": null, "opening_hours": "24/7", "poi_typ": "amenity", "dienstag_vormittag": true }, "geometry": { "type": "Point", "coordinates": [ 13.4518219, 52.5482846 ] } },
{ "type": "Feature", "properties": { "element": "node", "id": 3039050728, "name": "Woolworth", "shop": "department_store", "amenity": null, "office": null, "tourism": null, "leisure": null, "building": null, "opening_hours": "Mo-Fr 09:00-20:00; Sa 09:00-18:00", "poi_typ": "shop", "dienstag_vormittag": true }, "geometry": { "type": "Point", "coordinates": [ 13.4543112, 52.5488424 ] } },
{ "type": "Feature", "properties": { "element": "node", "id": 3039051085, "name": "McPaper", "shop": "stationery", "amenity": null, "office": null, "tourism": null, "leisure": null, "building": null, "opening_hours": "Mo-Fr 09:00-19:30; Sa 09:30-17:30", "poi_typ": "shop", "dienstag_vormittag": true }, "geometry": { "type": "Point", "coordinates": [ 13.4582956, 52.5496985 ] } },
{ "type": "Feature", "properties": { "element": "node", "id": 3041130877, "name": "Bui Family – Vietnamese Cuisine", "shop": null, "amenity": "restaurant", "office": null, "tourism": null, "leisure": null, "building": null, "opening_hours": "Mo-Su,PH 11:00-22:00", "poi_typ": "amenity", "dienstag_vormittag": true }, "geometry": { "type": "Point", "coordinates": [ 13.4083511, 52.5688097 ] } },
{ "type": "Feature", "properties": { "element": "node", "id": 3061372333, "name": "9 Monate Berlin", "shop": "clothes", "amenity": null, "office": null, "tourism": null, "leisure": null, "building": null, "opening_hours": "Mo-Fr 11:00-18:30; Sa 11:00-17:30", "poi_typ": "shop", "dienstag_vormittag": true }, "geometry": { "type": "Point", "coordinates": [ 13.4111281, 52.5506834 ] } },
{ "type": "Feature", "properties": { "element": "node", "id": 3066277140, "name": "Urlaubsprofi", "shop": "travel_agency", "amenity": null, "office": null, "tourism": null, "leisure": null, "building": null, "opening_hours": "Mo-Fr 10:00-18:00", "poi_typ": "shop", "dienstag_vormittag": true }, "geometry": { "type": "Point", "coordinates": [ 13.4287012, 52.53289 ] } },
{ "type": "Feature", "properties": { "element": "node", "id": 3079610524, "name": "Sparkasse", "shop": null, "amenity": "bank", "office": null, "tourism": null, "leisure": null, "building": null, "opening_hours": "Mo-Fr 09:30-15:00", "poi_typ": "amenity", "dienstag_vormittag": true }, "geometry": { "type": "Point", "coordinates": [ 13.49581, 52.635025 ] } },
{ "type": "Feature", "properties": { "element": "node", "id": 3080631524, "name": "Steinecke", "shop": "bakery", "amenity": null, "office": null, "tourism": null, "leisure": null, "building": null, "opening_hours": "Mo-Fr 06:30-18:00; Sa 06:30-16:30; Su 07:00-12:00", "poi_typ": "shop", "dienstag_vormittag": true }, "geometry": { "type": "Point", "coordinates": [ 13.4942974, 52.6356652 ] } },
{ "type": "Feature", "properties": { "element": "node", "id": 3080631531, "name": "Zeitgeist", "shop": "clothes", "amenity": null, "office": null, "tourism": null, "leisure": null, "building": null, "opening_hours": "Mo-Fr 10:00-18:30; Sa 10:00-15:00", "poi_typ": "shop", "dienstag_vormittag": true }, "geometry": { "type": "Point", "coordinates": [ 13.4937366, 52.6358329 ] } },
{ "type": "Feature", "properties": { "element": "node", "id": 3080747241, "name": "Ginkko-Apotheke", "shop": null, "amenity": "pharmacy", "office": null, "tourism": null, "leisure": null, "building": null, "opening_hours": "Mo-Fr 08:00-19:30", "poi_typ": "amenity", "dienstag_vormittag": true }, "geometry": { "type": "Point", "coordinates": [ 13.4943853, 52.6343256 ] } },
{ "type": "Feature", "properties": { "element": "node", "id": 3097801194, "name": "Hairstudio Black & Red", "shop": "hairdresser", "amenity": null, "office": null, "tourism": null, "leisure": null, "building": null, "opening_hours": "Mo-Fr 08:00-20:00; Sa 09:00-14:00", "poi_typ": "shop", "dienstag_vormittag": true }, "geometry": { "type": "Point", "coordinates": [ 13.4019912, 52.5877589 ] } },
{ "type": "Feature", "properties": { "element": "node", "id": 3104033692, "name": "Unser Café", "shop": null, "amenity": "cafe", "office": null, "tourism": null, "leisure": null, "building": null, "opening_hours": "Mo-Su 07:00-19:00", "poi_typ": "amenity", "dienstag_vormittag": true }, "geometry": { "type": "Point", "coordinates": [ 13.4082194, 52.5500787 ] } },
{ "type": "Feature", "properties": { "element": "node", "id": 3107041927, "name": "Lichthaus Hübner", "shop": "lighting", "amenity": null, "office": null, "tourism": null, "leisure": null, "building": null, "opening_hours": "Mo-Fr 10:00-19:00; Sa 10:00-16:00", "poi_typ": "shop", "dienstag_vormittag": true }, "geometry": { "type": "Point", "coordinates": [ 13.4091423, 52.5711678 ] } },
{ "type": "Feature", "properties": { "element": "node", "id": 3112849839, "name": "Akcan Döner", "shop": null, "amenity": "fast_food", "office": null, "tourism": null, "leisure": null, "building": null, "opening_hours": "Mo-Fr 09:00-23:00; Sa,Su,PH 10:00-22:00", "poi_typ": "amenity", "dienstag_vormittag": true }, "geometry": { "type": "Point", "coordinates": [ 13.4958689, 52.6346765 ] } },
{ "type": "Feature", "properties": { "element": "node", "id": 3112849840, "name": "Deichmann", "shop": "shoes", "amenity": null, "office": null, "tourism": null, "leisure": null, "building": null, "opening_hours": "Mo-Fr 09:00-19:00; Sa 09:00-18:00", "poi_typ": "shop", "dienstag_vormittag": true }, "geometry": { "type": "Point", "coordinates": [ 13.4951042, 52.6350617 ] } },
{ "type": "Feature", "properties": { "element": "node", "id": 3112851447, "name": "Schlosspark-Apotheke", "shop": null, "amenity": "pharmacy", "office": null, "tourism": null, "leisure": null, "building": null, "opening_hours": "Mo-Fr 08:00-19:00, Sa 09:00-15:00", "poi_typ": "amenity", "dienstag_vormittag": true }, "geometry": { "type": "Point", "coordinates": [ 13.4955488, 52.6348377 ] } },
{ "type": "Feature", "properties": { "element": "node", "id": 3112851448, "name": "Vodafone", "shop": "mobile_phone", "amenity": null, "office": null, "tourism": null, "leisure": null, "building": null, "opening_hours": "Mo-Fr 09:30-18:00; Sa 09:00-13:00", "poi_typ": "shop", "dienstag_vormittag": true }, "geometry": { "type": "Point", "coordinates": [ 13.4957368, 52.6347431 ] } },
{ "type": "Feature", "properties": { "element": "node", "id": 3116587588, "name": "Quick Reifendiscount", "shop": "tyres", "amenity": null, "office": null, "tourism": null, "leisure": null, "building": null, "opening_hours": "Mo-Fr 09:00-18:00", "poi_typ": "shop", "dienstag_vormittag": true }, "geometry": { "type": "Point", "coordinates": [ 13.4521487, 52.5628511 ] } },
{ "type": "Feature", "properties": { "element": "node", "id": 3116887425, "name": "Trungvan", "shop": null, "amenity": "restaurant", "office": null, "tourism": null, "leisure": null, "building": null, "opening_hours": "Mo-Su 11:30-22:00; Sa off", "poi_typ": "amenity", "dienstag_vormittag": true }, "geometry": { "type": "Point", "coordinates": [ 13.4601707, 52.560055 ] } },
{ "type": "Feature", "properties": { "element": "node", "id": 3158354387, "name": "Botschaft des Libanon", "shop": null, "amenity": null, "office": "diplomatic", "tourism": null, "leisure": null, "building": null, "opening_hours": "Mo-Fr 08:00-12:00", "poi_typ": "office", "dienstag_vormittag": true }, "geometry": { "type": "Point", "coordinates": [ 13.4119846, 52.5698714 ] } },
{ "type": "Feature", "properties": { "element": "node", "id": 3171990161, "name": "Stulle mit Brot by Schäfer's", "shop": "bakery", "amenity": null, "office": null, "tourism": null, "leisure": null, "building": null, "opening_hours": "Mo-Fr 06:30-18:00; Sa 07:00-16:00; Su 08:00-16:00", "poi_typ": "shop", "dienstag_vormittag": true }, "geometry": { "type": "Point", "coordinates": [ 13.4270032, 52.5448414 ] } },
{ "type": "Feature", "properties": { "element": "node", "id": 3202792867, "name": "Der Bäcker", "shop": "bakery", "amenity": null, "office": null, "tourism": null, "leisure": null, "building": null, "opening_hours": "Mo-Fr 07:00-18:00; Sa 07:00-13:00", "poi_typ": "shop", "dienstag_vormittag": true }, "geometry": { "type": "Point", "coordinates": [ 13.4208732, 52.5342286 ] } },
{ "type": "Feature", "properties": { "element": "node", "id": 3255530743, "name": null, "shop": null, "amenity": "atm", "office": null, "tourism": null, "leisure": null, "building": null, "opening_hours": "24/7", "poi_typ": "amenity", "dienstag_vormittag": true }, "geometry": { "type": "Point", "coordinates": [ 13.4246581, 52.528554 ] } },
{ "type": "Feature", "properties": { "element": "node", "id": 3281312658, "name": "HairWorkShop", "shop": "hairdresser", "amenity": null, "office": null, "tourism": null, "leisure": null, "building": null, "opening_hours": "Mo-Fr 10:00-20:00; Sa 10:00-18:00", "poi_typ": "shop", "dienstag_vormittag": true }, "geometry": { "type": "Point", "coordinates": [ 13.4136623, 52.5471924 ] } },
{ "type": "Feature", "properties": { "element": "node", "id": 3283003678, "name": "cheap & style", "shop": "hairdresser", "amenity": null, "office": null, "tourism": null, "leisure": null, "building": null, "opening_hours": "Mo-Fr 09:00-20:00; Sa 09:00-15:00", "poi_typ": "shop", "dienstag_vormittag": true }, "geometry": { "type": "Point", "coordinates": [ 13.4439897, 52.5579506 ] } },
{ "type": "Feature", "properties": { "element": "node", "id": 3283014679, "name": "Sunnymax", "shop": "beauty", "amenity": null, "office": null, "tourism": null, "leisure": null, "building": null, "opening_hours": "Mo-Su 09:00-21:00", "poi_typ": "shop", "dienstag_vormittag": true }, "geometry": { "type": "Point", "coordinates": [ 13.4439554, 52.557821 ] } },
{ "type": "Feature", "properties": { "element": "node", "id": 3283066505, "name": "Sonnenstudio SunnyMaxx", "shop": "beauty", "amenity": null, "office": null, "tourism": null, "leisure": null, "building": null, "opening_hours": "Mo-Su 09:00-21:00", "poi_typ": "shop", "dienstag_vormittag": true }, "geometry": { "type": "Point", "coordinates": [ 13.4484241, 52.5494355 ] } },
{ "type": "Feature", "properties": { "element": "node", "id": 3300094919, "name": "Vandell", "shop": "hairdresser", "amenity": null, "office": null, "tourism": null, "leisure": null, "building": null, "opening_hours": "Mo-Fr 09:00-20:00; Sa 09:00-16:00", "poi_typ": "shop", "dienstag_vormittag": true }, "geometry": { "type": "Point", "coordinates": [ 13.4530055, 52.5915106 ] } },
{ "type": "Feature", "properties": { "element": "node", "id": 3300124950, "name": "Montessori-Kinderhaus Berlin-Buch", "shop": null, "amenity": "kindergarten", "office": null, "tourism": null, "leisure": null, "building": null, "opening_hours": "Mo-Fr 07:00-17:00", "poi_typ": "amenity", "dienstag_vormittag": true }, "geometry": { "type": "Point", "coordinates": [ 13.4888294, 52.6409989 ] } },
{ "type": "Feature", "properties": { "element": "node", "id": 3306498748, "name": "Kiezmarkt", "shop": "convenience", "amenity": null, "office": null, "tourism": null, "leisure": null, "building": null, "opening_hours": "Mo-Fr 08:00-20:00; Sa 08:00-16:00", "poi_typ": "shop", "dienstag_vormittag": true }, "geometry": { "type": "Point", "coordinates": [ 13.4062087, 52.5528632 ] } },
{ "type": "Feature", "properties": { "element": "node", "id": 3307700070, "name": "Elisabeth Apotheke", "shop": null, "amenity": "pharmacy", "office": null, "tourism": null, "leisure": null, "building": null, "opening_hours": "Mo-Fr 08:00-19:00; Sa 09:00-14:00", "poi_typ": "amenity", "dienstag_vormittag": true }, "geometry": { "type": "Point", "coordinates": [ 13.4258787, 52.5426874 ] } },
{ "type": "Feature", "properties": { "element": "node", "id": 3310698935, "name": "Apotheke an der Galenusstraße", "shop": null, "amenity": "pharmacy", "office": null, "tourism": null, "leisure": null, "building": null, "opening_hours": "Mo-Fr 08:00-18:30; Sa 09:00-13:00", "poi_typ": "amenity", "dienstag_vormittag": true }, "geometry": { "type": "Point", "coordinates": [ 13.4237469, 52.5806283 ] } },
{ "type": "Feature", "properties": { "element": "node", "id": 3325107063, "name": "Autohaus am Stadion", "shop": "car_repair", "amenity": null, "office": null, "tourism": null, "leisure": null, "building": null, "opening_hours": "Mo-Fr 07:00-18:00, Sa 09:00-12:00", "poi_typ": "shop", "dienstag_vormittag": true }, "geometry": { "type": "Point", "coordinates": [ 13.4085435, 52.5411768 ] } },
{ "type": "Feature", "properties": { "element": "node", "id": 3344180814, "name": "LPG Kantine", "shop": null, "amenity": "fast_food", "office": null, "tourism": null, "leisure": null, "building": null, "opening_hours": "Mo-Fr 11:00-15:30", "poi_typ": "amenity", "dienstag_vormittag": true }, "geometry": { "type": "Point", "coordinates": [ 13.4134866, 52.5327403 ] } },
{ "type": "Feature", "properties": { "element": "node", "id": 3353229504, "name": "MediosApotheke", "shop": null, "amenity": "pharmacy", "office": null, "tourism": null, "leisure": null, "building": null, "opening_hours": "Sa 09:00-16:00; Mo-Fr 08:00-19:00", "poi_typ": "amenity", "dienstag_vormittag": true }, "geometry": { "type": "Point", "coordinates": [ 13.4108465, 52.567326 ] } },
{ "type": "Feature", "properties": { "element": "node", "id": 3355441027, "name": "Bisquitte", "shop": "bakery", "amenity": null, "office": null, "tourism": null, "leisure": null, "building": null, "opening_hours": "Mo-Su,PH 06:00-19:00", "poi_typ": "shop", "dienstag_vormittag": true }, "geometry": { "type": "Point", "coordinates": [ 13.4061573, 52.5703784 ] } },
{ "type": "Feature", "properties": { "element": "node", "id": 3357535140, "name": "Kollwitz-Apotheke", "shop": null, "amenity": "pharmacy", "office": null, "tourism": null, "leisure": null, "building": null, "opening_hours": "Mo-Fr 09:00-19:00; Sa 09:00-16:00", "poi_typ": "amenity", "dienstag_vormittag": true }, "geometry": { "type": "Point", "coordinates": [ 13.4182329, 52.5361903 ] } },
{ "type": "Feature", "properties": { "element": "node", "id": 3363584372, "name": "J'Daoui", "shop": null, "amenity": "restaurant", "office": null, "tourism": null, "leisure": null, "building": null, "opening_hours": "Mo-Su 08:00-23:00", "poi_typ": "amenity", "dienstag_vormittag": true }, "geometry": { "type": "Point", "coordinates": [ 13.4114368, 52.5687292 ] } },
{ "type": "Feature", "properties": { "element": "node", "id": 3363742496, "name": "Restaurant Athos", "shop": null, "amenity": "restaurant", "office": null, "tourism": null, "leisure": null, "building": null, "opening_hours": "Mo-Fr 15:00-23:30; Sa,Su 11:30-23:30; PH 11:30-23:30", "poi_typ": "amenity", "dienstag_vormittag": true }, "geometry": { "type": "Point", "coordinates": [ 13.3989583, 52.5798294 ] } },
{ "type": "Feature", "properties": { "element": "node", "id": 3363900043, "name": null, "shop": null, "amenity": "car_sharing", "office": null, "tourism": null, "leisure": null, "building": null, "opening_hours": "24/7", "poi_typ": "amenity", "dienstag_vormittag": true }, "geometry": { "type": "Point", "coordinates": [ 13.420326, 52.5421241 ] } },
{ "type": "Feature", "properties": { "element": "node", "id": 3377332865, "name": "Vodafone Premium Fachhandel", "shop": "mobile_phone", "amenity": null, "office": null, "tourism": null, "leisure": null, "building": null, "opening_hours": "Mo-Fr 10:00-18:00", "poi_typ": "shop", "dienstag_vormittag": true }, "geometry": { "type": "Point", "coordinates": [ 13.426235, 52.5432857 ] } },
{ "type": "Feature", "properties": { "element": "node", "id": 3380514460, "name": null, "shop": null, "amenity": "atm", "office": null, "tourism": null, "leisure": null, "building": null, "opening_hours": "24/7", "poi_typ": "amenity", "dienstag_vormittag": true }, "geometry": { "type": "Point", "coordinates": [ 13.4177253, 52.5465579 ] } },
{ "type": "Feature", "properties": { "element": "node", "id": 3382994961, "name": "HB-Blumen", "shop": "florist", "amenity": null, "office": null, "tourism": null, "leisure": null, "building": null, "opening_hours": "Mo-Fr 08:00-18:00; Sa 08:00-16:00", "poi_typ": "shop", "dienstag_vormittag": true }, "geometry": { "type": "Point", "coordinates": [ 13.4225289, 52.5612762 ] } },
{ "type": "Feature", "properties": { "element": "node", "id": 3383020379, "name": "Spätshop + Bäckerei", "shop": "convenience", "amenity": null, "office": null, "tourism": null, "leisure": null, "building": null, "opening_hours": "Mo-Fr 07:00-18:00; Sa 07:00-17:00", "poi_typ": "shop", "dienstag_vormittag": true }, "geometry": { "type": "Point", "coordinates": [ 13.423999, 52.5540195 ] } },
{ "type": "Feature", "properties": { "element": "node", "id": 3383029139, "name": "Blume 2000", "shop": "florist", "amenity": null, "office": null, "tourism": null, "leisure": null, "building": null, "opening_hours": "Mo-Fr 09:00-19:00; Sa 09:00-16:00", "poi_typ": "shop", "dienstag_vormittag": true }, "geometry": { "type": "Point", "coordinates": [ 13.4136482, 52.5590928 ] } },
{ "type": "Feature", "properties": { "element": "node", "id": 3384534137, "name": "In den Tag hinein", "shop": "bakery", "amenity": null, "office": null, "tourism": null, "leisure": null, "building": null, "opening_hours": "Mo-Fr 06:00-18:00; Sa 07:00-18:00; Su 07:30-18:00", "poi_typ": "shop", "dienstag_vormittag": true }, "geometry": { "type": "Point", "coordinates": [ 13.4126677, 52.5588442 ] } },
{ "type": "Feature", "properties": { "element": "node", "id": 3384540736, "name": "Kleider-Klinik 2", "shop": "tailor", "amenity": null, "office": null, "tourism": null, "leisure": null, "building": null, "opening_hours": "Mo-Fr 09:00-19:00; Sa 10:00-15:00", "poi_typ": "shop", "dienstag_vormittag": true }, "geometry": { "type": "Point", "coordinates": [ 13.4144787, 52.5575031 ] } },
{ "type": "Feature", "properties": { "element": "node", "id": 3385314482, "name": "Kopierladen", "shop": "copyshop", "amenity": null, "office": null, "tourism": null, "leisure": null, "building": null, "opening_hours": "Mo-Fr 08:00-20:00; Sa 10:00-18:00", "poi_typ": "shop", "dienstag_vormittag": true }, "geometry": { "type": "Point", "coordinates": [ 13.449729, 52.5475265 ] } },
{ "type": "Feature", "properties": { "element": "node", "id": 3398280593, "name": "Pursuit of Coffee", "shop": null, "amenity": "cafe", "office": null, "tourism": null, "leisure": null, "building": null, "opening_hours": "Mo-Fr 08:00-18:00; Sa-Su 09:00-18:00", "poi_typ": "amenity", "dienstag_vormittag": true }, "geometry": { "type": "Point", "coordinates": [ 13.4186419, 52.5466528 ] } },
{ "type": "Feature", "properties": { "element": "node", "id": 3403662707, "name": "Olianda Thaimassage", "shop": "massage", "amenity": null, "office": null, "tourism": null, "leisure": null, "building": null, "opening_hours": "Mo-Fr 10:00-21:00; Sa-Su 12:00-20:00", "poi_typ": "shop", "dienstag_vormittag": true }, "geometry": { "type": "Point", "coordinates": [ 13.4067322, 52.5545104 ] } },
{ "type": "Feature", "properties": { "element": "node", "id": 3440616219, "name": "Köse", "shop": "bakery", "amenity": null, "office": null, "tourism": null, "leisure": null, "building": null, "opening_hours": "Mo-Fr 07:00-18:00; Sa-Su 07:00-16:00", "poi_typ": "shop", "dienstag_vormittag": true }, "geometry": { "type": "Point", "coordinates": [ 13.4048498, 52.5511388 ] } },
{ "type": "Feature", "properties": { "element": "node", "id": 3440616220, "name": "Phuoc", "shop": null, "amenity": "fast_food", "office": null, "tourism": null, "leisure": null, "building": null, "opening_hours": "Mo-Fr 11:30-15:00,17:00-22:00; PH,Sa,Su 17:00-22:00", "poi_typ": "amenity", "dienstag_vormittag": true }, "geometry": { "type": "Point", "coordinates": [ 13.4051369, 52.5511179 ] } },
{ "type": "Feature", "properties": { "element": "node", "id": 3446697421, "name": "kopierladen", "shop": "copyshop", "amenity": null, "office": null, "tourism": null, "leisure": null, "building": null, "opening_hours": "Mo-Fr 08:00-19:00; Sa 10:00-16:00", "poi_typ": "shop", "dienstag_vormittag": true }, "geometry": { "type": "Point", "coordinates": [ 13.4121923, 52.5591838 ] } },
{ "type": "Feature", "properties": { "element": "node", "id": 3452093250, "name": "Seidenraupe", "shop": "tailor", "amenity": null, "office": null, "tourism": null, "leisure": null, "building": null, "opening_hours": "Mo-Fr 10:00-14:00,15:00-18:30; Sa 10:00-16:00", "poi_typ": "shop", "dienstag_vormittag": true }, "geometry": { "type": "Point", "coordinates": [ 13.4135765, 52.5541141 ] } },
{ "type": "Feature", "properties": { "element": "node", "id": 3452115332, "name": "Kasatschok Russische Spezialitäten", "shop": "convenience", "amenity": null, "office": null, "tourism": null, "leisure": null, "building": null, "opening_hours": "Mo-Fr 10:00-19:00, Sa 10:00-17:00", "poi_typ": "shop", "dienstag_vormittag": true }, "geometry": { "type": "Point", "coordinates": [ 13.4131676, 52.5505164 ] } },
{ "type": "Feature", "properties": { "element": "node", "id": 3452124072, "name": "Ruby Heo", "shop": null, "amenity": "cafe", "office": null, "tourism": null, "leisure": null, "building": null, "opening_hours": "Mo-Su 11:00-20:00", "poi_typ": "amenity", "dienstag_vormittag": true }, "geometry": { "type": "Point", "coordinates": [ 13.4142436, 52.550102 ] } },
{ "type": "Feature", "properties": { "element": "node", "id": 3465014812, "name": "RK Markt", "shop": "convenience", "amenity": null, "office": null, "tourism": null, "leisure": null, "building": null, "opening_hours": "Mo-Fr 14:00-20:00; Sa 11:00-20:00", "poi_typ": "shop", "dienstag_vormittag": true }, "geometry": { "type": "Point", "coordinates": [ 13.4125696, 52.5534973 ] } },
{ "type": "Feature", "properties": { "element": "node", "id": 3465014814, "name": "Ralf Beyer, Lutz Beyer", "shop": null, "amenity": null, "office": "lawyer", "tourism": null, "leisure": null, "building": null, "opening_hours": "Mo-Fr 09:00-18:00", "poi_typ": "office", "dienstag_vormittag": true }, "geometry": { "type": "Point", "coordinates": [ 13.4135783, 52.55346 ] } },
{ "type": "Feature", "properties": { "element": "node", "id": 3465036386, "name": "Min", "shop": null, "amenity": "restaurant", "office": null, "tourism": null, "leisure": null, "building": null, "opening_hours": "Mo-Su,PH 11:30-23:00", "poi_typ": "amenity", "dienstag_vormittag": true }, "geometry": { "type": "Point", "coordinates": [ 13.4150628, 52.554895 ] } },
{ "type": "Feature", "properties": { "element": "node", "id": 3465036387, "name": "Imperial Hairstylist", "shop": "hairdresser", "amenity": null, "office": null, "tourism": null, "leisure": null, "building": null, "opening_hours": "Mo-Fr 09:00-19:00; Sa 09:00-14:00", "poi_typ": "shop", "dienstag_vormittag": true }, "geometry": { "type": "Point", "coordinates": [ 13.4150389, 52.5548009 ] } },
{ "type": "Feature", "properties": { "element": "node", "id": 3488744493, "name": "Steinecke", "shop": "bakery", "amenity": null, "office": null, "tourism": null, "leisure": null, "building": null, "opening_hours": "Mo-Fr 06:30-18:30; Sa 07:00-17:00; Su 07:00-12:00", "poi_typ": "shop", "dienstag_vormittag": true }, "geometry": { "type": "Point", "coordinates": [ 13.4122706, 52.528391 ] } },
{ "type": "Feature", "properties": { "element": "node", "id": 3518023169, "name": "Olivia", "shop": "bakery", "amenity": null, "office": null, "tourism": null, "leisure": null, "building": null, "opening_hours": "Mo-Fr 06:00-17:30; Sa 08:00-16:00; Su,PH 09:00-16:00", "poi_typ": "shop", "dienstag_vormittag": true }, "geometry": { "type": "Point", "coordinates": [ 13.4188409, 52.5397864 ] } },
{ "type": "Feature", "properties": { "element": "node", "id": 3518023184, "name": "Colecomp", "shop": "houseware", "amenity": null, "office": null, "tourism": null, "leisure": null, "building": null, "opening_hours": "Mo-Fr 11:00-19:00; Sa 10:00-18:00", "poi_typ": "shop", "dienstag_vormittag": true }, "geometry": { "type": "Point", "coordinates": [ 13.4161655, 52.5367202 ] } },
{ "type": "Feature", "properties": { "element": "node", "id": 3518023185, "name": "Strandbad Kollwitzplatz", "shop": "clothes", "amenity": null, "office": null, "tourism": null, "leisure": null, "building": null, "opening_hours": "Mo-Fr 11:00-19:00; Sa 10:00-18:00", "poi_typ": "shop", "dienstag_vormittag": true }, "geometry": { "type": "Point", "coordinates": [ 13.4158353, 52.5363997 ] } },
{ "type": "Feature", "properties": { "element": "node", "id": 3518023186, "name": "Krebes Raumausstattung & Polsterei", "shop": "curtain", "amenity": null, "office": null, "tourism": null, "leisure": null, "building": null, "opening_hours": "Mo-Fr 11:00-19:00; Sa 11:00-15:00", "poi_typ": "shop", "dienstag_vormittag": true }, "geometry": { "type": "Point", "coordinates": [ 13.4127932, 52.5363548 ] } },
{ "type": "Feature", "properties": { "element": "node", "id": 3518773588, "name": "Prenzl Kebap", "shop": null, "amenity": "fast_food", "office": null, "tourism": null, "leisure": null, "building": null, "opening_hours": "Mo-Fr 11:00-24:00; Sa-Su 11:00-02:00", "poi_typ": "amenity", "dienstag_vormittag": true }, "geometry": { "type": "Point", "coordinates": [ 13.4157629, 52.5345658 ] } },
{ "type": "Feature", "properties": { "element": "node", "id": 3522336605, "name": "Backelfe", "shop": "bakery", "amenity": null, "office": null, "tourism": null, "leisure": null, "building": null, "opening_hours": "Mo-Fr 06:00-18:00; Sa-Su 07:00-18:00", "poi_typ": "shop", "dienstag_vormittag": true }, "geometry": { "type": "Point", "coordinates": [ 13.4308505, 52.5521542 ] } },
{ "type": "Feature", "properties": { "element": "node", "id": 3525872276, "name": "Euronet", "shop": null, "amenity": "atm", "office": null, "tourism": null, "leisure": null, "building": null, "opening_hours": "24/7", "poi_typ": "amenity", "dienstag_vormittag": true }, "geometry": { "type": "Point", "coordinates": [ 13.4234196, 52.5372097 ] } },
{ "type": "Feature", "properties": { "element": "node", "id": 3525872329, "name": "Röseler", "shop": "optician", "amenity": null, "office": null, "tourism": null, "leisure": null, "building": null, "opening_hours": "Mo-Fr 09:30-13:30,14:30-18:00", "poi_typ": "shop", "dienstag_vormittag": true }, "geometry": { "type": "Point", "coordinates": [ 13.4235716, 52.5374047 ] } },
{ "type": "Feature", "properties": { "element": "node", "id": 3525872330, "name": "Melis Coffee", "shop": null, "amenity": "cafe", "office": null, "tourism": null, "leisure": null, "building": null, "opening_hours": "Mo-Fr 07:00-18:00; Sa 07:00-17:00", "poi_typ": "amenity", "dienstag_vormittag": true }, "geometry": { "type": "Point", "coordinates": [ 13.4238784, 52.5378519 ] } },
{ "type": "Feature", "properties": { "element": "node", "id": 3525952392, "name": "Lindner", "shop": "deli", "amenity": null, "office": null, "tourism": null, "leisure": null, "building": null, "opening_hours": "Mo-Fr 09:00-20:00; Sa 09:00-18:00", "poi_typ": "shop", "dienstag_vormittag": true }, "geometry": { "type": "Point", "coordinates": [ 13.4201951, 52.5379067 ] } },
{ "type": "Feature", "properties": { "element": "node", "id": 3525952916, "name": "Grünes Gold", "shop": "herbalist", "amenity": null, "office": null, "tourism": null, "leisure": null, "building": null, "opening_hours": "Mo-Fr 12:00-20:00; Sa 10:00-20:00", "poi_typ": "shop", "dienstag_vormittag": true }, "geometry": { "type": "Point", "coordinates": [ 13.4201343, 52.5378734 ] } },
{ "type": "Feature", "properties": { "element": "node", "id": 3551373293, "name": "Thauer", "shop": "electronics", "amenity": null, "office": null, "tourism": null, "leisure": null, "building": null, "opening_hours": "Mo-Fr 09:30-18:30", "poi_typ": "shop", "dienstag_vormittag": true }, "geometry": { "type": "Point", "coordinates": [ 13.4195045, 52.5396697 ] } },
{ "type": "Feature", "properties": { "element": "node", "id": 3554726723, "name": "HOJO", "shop": null, "amenity": "restaurant", "office": null, "tourism": null, "leisure": null, "building": null, "opening_hours": "Mo-Su 11:00-22:00", "poi_typ": "amenity", "dienstag_vormittag": true }, "geometry": { "type": "Point", "coordinates": [ 13.4344854, 52.530614 ] } },
{ "type": "Feature", "properties": { "element": "node", "id": 3555459108, "name": "Neo Tokyo", "shop": "anime", "amenity": null, "office": null, "tourism": null, "leisure": null, "building": null, "opening_hours": "Mo-Fr 11:00-19:00; Sa 11:00-18:00", "poi_typ": "shop", "dienstag_vormittag": true }, "geometry": { "type": "Point", "coordinates": [ 13.4091196, 52.5290435 ] } },
{ "type": "Feature", "properties": { "element": "node", "id": 3561809557, "name": "CSV Copyshop", "shop": "copyshop", "amenity": null, "office": null, "tourism": null, "leisure": null, "building": null, "opening_hours": "Mo-Fr 08:00-23:00; Sa 11:00-22:00; Su 11:00-19:00", "poi_typ": "shop", "dienstag_vormittag": true }, "geometry": { "type": "Point", "coordinates": [ 13.4159072, 52.5440242 ] } },
{ "type": "Feature", "properties": { "element": "node", "id": 3578260398, "name": "Floristik Marthashof", "shop": "florist", "amenity": null, "office": null, "tourism": null, "leisure": null, "building": null, "opening_hours": "Mo-Fr 13:00-20:00; We off; Su 11:00-16:00", "poi_typ": "shop", "dienstag_vormittag": true }, "geometry": { "type": "Point", "coordinates": [ 13.40584, 52.5379114 ] } },
{ "type": "Feature", "properties": { "element": "node", "id": 3578268094, "name": "Yumiko", "shop": "clothes", "amenity": null, "office": null, "tourism": null, "leisure": null, "building": null, "opening_hours": "Mo-Fr 11:00-19:00; Sa 11:00-17:00", "poi_typ": "shop", "dienstag_vormittag": true }, "geometry": { "type": "Point", "coordinates": [ 13.4056562, 52.5383197 ] } },
{ "type": "Feature", "properties": { "element": "node", "id": 3634299106, "name": null, "shop": null, "amenity": "bicycle_parking", "office": null, "tourism": null, "leisure": null, "building": null, "opening_hours": "24/7", "poi_typ": "amenity", "dienstag_vormittag": true }, "geometry": { "type": "Point", "coordinates": [ 13.4104465, 52.5709438 ] } },
{ "type": "Feature", "properties": { "element": "node", "id": 3634299107, "name": null, "shop": null, "amenity": "bicycle_parking", "office": null, "tourism": null, "leisure": null, "building": null, "opening_hours": "24/7", "poi_typ": "amenity", "dienstag_vormittag": true }, "geometry": { "type": "Point", "coordinates": [ 13.4103223, 52.5713225 ] } },
{ "type": "Feature", "properties": { "element": "node", "id": 3636472602, "name": "Five Elephant", "shop": null, "amenity": "cafe", "office": null, "tourism": null, "leisure": null, "building": null, "opening_hours": "Mo-Fr 08:00-18:00; Sa-Su 09:00-18:00", "poi_typ": "amenity", "dienstag_vormittag": true }, "geometry": { "type": "Point", "coordinates": [ 13.409914, 52.5337458 ] } },
{ "type": "Feature", "properties": { "element": "node", "id": 3640923846, "name": "Pizzeria Capri", "shop": null, "amenity": "fast_food", "office": null, "tourism": null, "leisure": null, "building": null, "opening_hours": "Mo-Su 11:00-24:00", "poi_typ": "amenity", "dienstag_vormittag": true }, "geometry": { "type": "Point", "coordinates": [ 13.4533695, 52.5489998 ] } },
{ "type": "Feature", "properties": { "element": "node", "id": 3649492751, "name": "Calmez & Ewald", "shop": null, "amenity": "doctors", "office": null, "tourism": null, "leisure": null, "building": null, "opening_hours": "Mo-Fr 08:00-16:00", "poi_typ": "amenity", "dienstag_vormittag": true }, "geometry": { "type": "Point", "coordinates": [ 13.4237067, 52.5370914 ] } },
{ "type": "Feature", "properties": { "element": "node", "id": 3657037427, "name": "PŸUR", "shop": "telecommunication", "amenity": null, "office": null, "tourism": null, "leisure": null, "building": null, "opening_hours": "Mo-Fr 10:00-18:00", "poi_typ": "shop", "dienstag_vormittag": true }, "geometry": { "type": "Point", "coordinates": [ 13.410261, 52.5713294 ] } },
{ "type": "Feature", "properties": { "element": "node", "id": 3658129862, "name": "Elektronik & Küchen Jänisch", "shop": "electronics", "amenity": null, "office": null, "tourism": null, "leisure": null, "building": null, "opening_hours": "Mo-Fr 09:30-18:00", "poi_typ": "shop", "dienstag_vormittag": true }, "geometry": { "type": "Point", "coordinates": [ 13.4041717, 52.5691911 ] } },
{ "type": "Feature", "properties": { "element": "node", "id": 3658137626, "name": "Jacques' Wein-Depot", "shop": "wine", "amenity": null, "office": null, "tourism": null, "leisure": null, "building": null, "opening_hours": "Mo-Fr 15:00-19:00; Sa 10:00-16:00", "poi_typ": "shop", "dienstag_vormittag": true }, "geometry": { "type": "Point", "coordinates": [ 13.4030748, 52.5691482 ] } },
{ "type": "Feature", "properties": { "element": "node", "id": 3658141193, "name": "Fitness First", "shop": null, "amenity": null, "office": null, "tourism": null, "leisure": "fitness_centre", "building": null, "opening_hours": "Mo-Fr 06:00-22:00; Sa,Su 08:00-20:00; PH 10:00-18:00", "poi_typ": "leisure", "dienstag_vormittag": true }, "geometry": { "type": "Point", "coordinates": [ 13.4066615, 52.5698026 ] } },
{ "type": "Feature", "properties": { "element": "node", "id": 3658144356, "name": "Amplifon", "shop": "hearing_aids", "amenity": null, "office": null, "tourism": null, "leisure": null, "building": null, "opening_hours": "Mo-Fr 09:00-13:00,14:00-18:00", "poi_typ": "shop", "dienstag_vormittag": true }, "geometry": { "type": "Point", "coordinates": [ 13.4068011, 52.5698353 ] } },
{ "type": "Feature", "properties": { "element": "node", "id": 3658575914, "name": "KiK", "shop": "clothes", "amenity": null, "office": null, "tourism": null, "leisure": null, "building": null, "opening_hours": "Mo-Fr 09:00-19:00; Sa 09:00-16:00", "poi_typ": "shop", "dienstag_vormittag": true }, "geometry": { "type": "Point", "coordinates": [ 13.3745799, 52.5955273 ] } },
{ "type": "Feature", "properties": { "element": "node", "id": 3658581496, "name": "JYSK", "shop": "furniture", "amenity": null, "office": null, "tourism": null, "leisure": null, "building": null, "opening_hours": "Mo-Fr 10:00-19:00; Sa 09:30-18:00", "poi_typ": "shop", "dienstag_vormittag": true }, "geometry": { "type": "Point", "coordinates": [ 13.3753308, 52.5957503 ] } },
{ "type": "Feature", "properties": { "element": "node", "id": 3670473949, "name": "Coffee Room", "shop": null, "amenity": "cafe", "office": null, "tourism": null, "leisure": null, "building": null, "opening_hours": "Mo-Fr 08:00-18:00; Sa 10:00-18:00; Su,PH off", "poi_typ": "amenity", "dienstag_vormittag": true }, "geometry": { "type": "Point", "coordinates": [ 13.4152952, 52.5297886 ] } },
{ "type": "Feature", "properties": { "element": "node", "id": 3674966440, "name": "Stadtmobil", "shop": null, "amenity": "car_sharing", "office": null, "tourism": null, "leisure": null, "building": null, "opening_hours": "Mo-Fr 10:00-20:00; Sa 11:00-18:00", "poi_typ": "amenity", "dienstag_vormittag": true }, "geometry": { "type": "Point", "coordinates": [ 13.4320752, 52.5301815 ] } },
{ "type": "Feature", "properties": { "element": "node", "id": 3674994845, "name": "Me&myMum", "shop": "baby_goods", "amenity": null, "office": null, "tourism": null, "leisure": null, "building": null, "opening_hours": "Mo-Fr 11:00-18:00; Sa 11:00-16:00", "poi_typ": "shop", "dienstag_vormittag": true }, "geometry": { "type": "Point", "coordinates": [ 13.4228103, 52.5351823 ] } },
{ "type": "Feature", "properties": { "element": "node", "id": 3680397714, "name": null, "shop": null, "amenity": "atm", "office": null, "tourism": null, "leisure": null, "building": null, "opening_hours": "24/7", "poi_typ": "amenity", "dienstag_vormittag": true }, "geometry": { "type": "Point", "coordinates": [ 13.4071723, 52.5470094 ] } },
{ "type": "Feature", "properties": { "element": "node", "id": 3727826475, "name": "Greifswalder Apotheke", "shop": null, "amenity": "pharmacy", "office": null, "tourism": null, "leisure": null, "building": null, "opening_hours": "Mo-Fr 08:00-19:30; Sa 09:00-14:00", "poi_typ": "amenity", "dienstag_vormittag": true }, "geometry": { "type": "Point", "coordinates": [ 13.4286374, 52.5328339 ] } },
{ "type": "Feature", "properties": { "element": "node", "id": 3727838326, "name": "Rossmann", "shop": "chemist", "amenity": null, "office": null, "tourism": null, "leisure": null, "building": null, "opening_hours": "Mo-Fr 08:00-20:00; Sa 09:00-20:00; Su,PH off", "poi_typ": "shop", "dienstag_vormittag": true }, "geometry": { "type": "Point", "coordinates": [ 13.4283366, 52.5325128 ] } },
{ "type": "Feature", "properties": { "element": "node", "id": 3741382987, "name": "Le Crobag", "shop": "bakery", "amenity": null, "office": null, "tourism": null, "leisure": null, "building": null, "opening_hours": "Mo-Fr 04:00-20:00; PH,Sa,Su 06:00-20:00", "poi_typ": "shop", "dienstag_vormittag": true }, "geometry": { "type": "Point", "coordinates": [ 13.4389006, 52.5406148 ] } },
{ "type": "Feature", "properties": { "element": "node", "id": 3743815725, "name": "Interpassus gGmbH", "shop": null, "amenity": null, "office": "company", "tourism": null, "leisure": null, "building": null, "opening_hours": "Mo-Fr 08:30-16:30", "poi_typ": "office", "dienstag_vormittag": true }, "geometry": { "type": "Point", "coordinates": [ 13.4278216, 52.5447968 ] } },
{ "type": "Feature", "properties": { "element": "node", "id": 3756881302, "name": "Steam-Store", "shop": "e-cigarette", "amenity": null, "office": null, "tourism": null, "leisure": null, "building": null, "opening_hours": "Mo-Fr 10:00-19:00; Sa 12:00-18:00", "poi_typ": "shop", "dienstag_vormittag": true }, "geometry": { "type": "Point", "coordinates": [ 13.413499, 52.5541229 ] } },
{ "type": "Feature", "properties": { "element": "node", "id": 3763639086, "name": "Lichtermeer", "shop": "funeral_directors", "amenity": null, "office": null, "tourism": null, "leisure": null, "building": null, "opening_hours": "Mo-Fr 10:00-18:00", "poi_typ": "shop", "dienstag_vormittag": true }, "geometry": { "type": "Point", "coordinates": [ 13.4208833, 52.5360595 ] } },
{ "type": "Feature", "properties": { "element": "node", "id": 3781036544, "name": "Pension Absolut Berlin", "shop": null, "amenity": null, "office": null, "tourism": "guest_house", "leisure": null, "building": null, "opening_hours": "24/7", "poi_typ": "tourism", "dienstag_vormittag": true }, "geometry": { "type": "Point", "coordinates": [ 13.4181236, 52.5512229 ] } },
{ "type": "Feature", "properties": { "element": "node", "id": 3799015357, "name": "Tanaporn Thai Massage", "shop": "massage", "amenity": null, "office": null, "tourism": null, "leisure": null, "building": null, "opening_hours": "24/7", "poi_typ": "shop", "dienstag_vormittag": true }, "geometry": { "type": "Point", "coordinates": [ 13.3802794, 52.5747645 ] } },
{ "type": "Feature", "properties": { "element": "node", "id": 3804233547, "name": "Impala Coffee", "shop": null, "amenity": "cafe", "office": null, "tourism": null, "leisure": null, "building": null, "opening_hours": "Mo-Fr 07:00-18:00; Sa-Su 08:00-18:00", "poi_typ": "amenity", "dienstag_vormittag": true }, "geometry": { "type": "Point", "coordinates": [ 13.4121626, 52.5325548 ] } },
{ "type": "Feature", "properties": { "element": "node", "id": 3810503857, "name": "Physio- und Ergotherapie Zeisler", "shop": null, "amenity": null, "office": "therapist", "tourism": null, "leisure": null, "building": null, "opening_hours": "Mo-Fr 08:00-20:00", "poi_typ": "office", "dienstag_vormittag": true }, "geometry": { "type": "Point", "coordinates": [ 13.4417114, 52.5430168 ] } },
{ "type": "Feature", "properties": { "element": "node", "id": 3828442144, "name": "Schönhelden", "shop": "optician", "amenity": null, "office": null, "tourism": null, "leisure": null, "building": null, "opening_hours": "Mo-Fr 11:00-19:00; Sa 10:00-14:00", "poi_typ": "shop", "dienstag_vormittag": true }, "geometry": { "type": "Point", "coordinates": [ 13.4569926, 52.5235033 ] } },
{ "type": "Feature", "properties": { "element": "node", "id": 3832395648, "name": "Sattlerei Wolke", "shop": "car_repair", "amenity": null, "office": null, "tourism": null, "leisure": null, "building": null, "opening_hours": "Mo-Fr 09:00-18:00; Sa 11:00-14:00", "poi_typ": "shop", "dienstag_vormittag": true }, "geometry": { "type": "Point", "coordinates": [ 13.3995585, 52.5792243 ] } },
{ "type": "Feature", "properties": { "element": "node", "id": 3835849557, "name": null, "shop": null, "amenity": "charging_station", "office": null, "tourism": null, "leisure": null, "building": null, "opening_hours": "24/7", "poi_typ": "amenity", "dienstag_vormittag": true }, "geometry": { "type": "Point", "coordinates": [ 13.4137294, 52.5520773 ] } },
{ "type": "Feature", "properties": { "element": "node", "id": 3837939966, "name": "Papiertiger", "shop": "stationery", "amenity": null, "office": null, "tourism": null, "leisure": null, "building": null, "opening_hours": "Mo-Fr 09:00-18:45; Sa 10:00-14:45", "poi_typ": "shop", "dienstag_vormittag": true }, "geometry": { "type": "Point", "coordinates": [ 13.4124404, 52.5456319 ] } },
{ "type": "Feature", "properties": { "element": "node", "id": 3870180987, "name": "Kraftkombinat", "shop": null, "amenity": null, "office": null, "tourism": null, "leisure": "pitch", "building": null, "opening_hours": "Mo-Fr 09:00-23:00; Sa,Su 11:00-19:00; Jun-Aug: Sa 09:00-16:00; Jun-Aug: Su 14:00-20:00", "poi_typ": "leisure", "dienstag_vormittag": true }, "geometry": { "type": "Point", "coordinates": [ 13.4109428, 52.5480842 ] } },
{ "type": "Feature", "properties": { "element": "node", "id": 3876470382, "name": "Café Bom", "shop": null, "amenity": "cafe", "office": null, "tourism": null, "leisure": null, "building": null, "opening_hours": "Mo-Fr 09:00-18:00; Sa 10:00-17:00", "poi_typ": "amenity", "dienstag_vormittag": true }, "geometry": { "type": "Point", "coordinates": [ 13.4111377, 52.5489518 ] } },
{ "type": "Feature", "properties": { "element": "node", "id": 3900689098, "name": "JYSK", "shop": "furniture", "amenity": null, "office": null, "tourism": null, "leisure": null, "building": null, "opening_hours": "Mo-Fr 10:00-19:00; Sa 09:30-16:00", "poi_typ": "shop", "dienstag_vormittag": true }, "geometry": { "type": "Point", "coordinates": [ 13.4303462, 52.6122167 ] } },
{ "type": "Feature", "properties": { "element": "node", "id": 3900932270, "name": "Anna Blume", "shop": null, "amenity": "cafe", "office": null, "tourism": null, "leisure": null, "building": null, "opening_hours": "Mo-Su 08:00-22:00", "poi_typ": "amenity", "dienstag_vormittag": true }, "geometry": { "type": "Point", "coordinates": [ 13.4195778, 52.5380589 ] } },
{ "type": "Feature", "properties": { "element": "node", "id": 3900932274, "name": "Bierquelle", "shop": null, "amenity": "pub", "office": null, "tourism": null, "leisure": null, "building": null, "opening_hours": "24/7", "poi_typ": "amenity", "dienstag_vormittag": true }, "geometry": { "type": "Point", "coordinates": [ 13.4392511, 52.5419605 ] } },
{ "type": "Feature", "properties": { "element": "node", "id": 3900935680, "name": "Three Hands", "shop": null, "amenity": null, "office": "tax_advisor", "tourism": null, "leisure": null, "building": null, "opening_hours": "Mo-Fr 08:30-18:00", "poi_typ": "office", "dienstag_vormittag": true }, "geometry": { "type": "Point", "coordinates": [ 13.4172287, 52.5375051 ] } },
{ "type": "Feature", "properties": { "element": "node", "id": 3901335181, "name": "McPaper", "shop": "stationery", "amenity": null, "office": null, "tourism": null, "leisure": null, "building": null, "opening_hours": "Mo-Fr 09:30-20:00; Sa 10:00-20:00; Su off", "poi_typ": "shop", "dienstag_vormittag": true }, "geometry": { "type": "Point", "coordinates": [ 13.411061, 52.539612 ] } },
{ "type": "Feature", "properties": { "element": "node", "id": 3906911027, "name": "Suppen Freunde", "shop": null, "amenity": "restaurant", "office": null, "tourism": null, "leisure": null, "building": null, "opening_hours": "Mo-Su 11:00-16:00", "poi_typ": "amenity", "dienstag_vormittag": true }, "geometry": { "type": "Point", "coordinates": [ 13.4247258, 52.5298328 ] } },
{ "type": "Feature", "properties": { "element": "node", "id": 3909239338, "name": null, "shop": null, "amenity": "charging_station", "office": null, "tourism": null, "leisure": null, "building": null, "opening_hours": "24/7", "poi_typ": "amenity", "dienstag_vormittag": true }, "geometry": { "type": "Point", "coordinates": [ 13.4261692, 52.5317531 ] } },
{ "type": "Feature", "properties": { "element": "node", "id": 3912365975, "name": "WIM", "shop": null, "amenity": "cafe", "office": null, "tourism": null, "leisure": null, "building": null, "opening_hours": "Mo-Fr 08:00-17:00; Sa-Su 09:00-17:00", "poi_typ": "amenity", "dienstag_vormittag": true }, "geometry": { "type": "Point", "coordinates": [ 13.4078676, 52.5480555 ] } },
{ "type": "Feature", "properties": { "element": "node", "id": 3914624535, "name": null, "shop": null, "amenity": "charging_station", "office": null, "tourism": null, "leisure": null, "building": null, "opening_hours": "24/7", "poi_typ": "amenity", "dienstag_vormittag": true }, "geometry": { "type": "Point", "coordinates": [ 13.4333286, 52.5502569 ] } },
{ "type": "Feature", "properties": { "element": "node", "id": 3923934276, "name": "Eco-Express", "shop": "laundry", "amenity": null, "office": null, "tourism": null, "leisure": null, "building": null, "opening_hours": "Mo-Su,PH 06:00-22:00", "poi_typ": "shop", "dienstag_vormittag": true }, "geometry": { "type": "Point", "coordinates": [ 13.4139594, 52.5409105 ] } },
{ "type": "Feature", "properties": { "element": "node", "id": 3940269968, "name": "Sportsbar Mauritius", "shop": "bookmaker", "amenity": null, "office": null, "tourism": null, "leisure": null, "building": null, "opening_hours": "Mo-Su 11:00-23:00", "poi_typ": "shop", "dienstag_vormittag": true }, "geometry": { "type": "Point", "coordinates": [ 13.4182041, 52.5398653 ] } },
{ "type": "Feature", "properties": { "element": "node", "id": 3959951078, "name": "TONERDUMPING", "shop": "stationery", "amenity": null, "office": null, "tourism": null, "leisure": null, "building": null, "opening_hours": "Mo-Fr 10:00-19:00; Sa 10:00-18:00", "poi_typ": "shop", "dienstag_vormittag": true }, "geometry": { "type": "Point", "coordinates": [ 13.4129253, 52.5472895 ] } },
{ "type": "Feature", "properties": { "element": "node", "id": 3959951079, "name": "Toni Nails & Beauty", "shop": "beauty", "amenity": null, "office": null, "tourism": null, "leisure": null, "building": null, "opening_hours": "Mo-Fr 09:30-19:00; Sa 09:30-16:00", "poi_typ": "shop", "dienstag_vormittag": true }, "geometry": { "type": "Point", "coordinates": [ 13.4539291, 52.5491242 ] } },
{ "type": "Feature", "properties": { "element": "node", "id": 3964501384, "name": "Nguyen van", "shop": "florist", "amenity": null, "office": null, "tourism": null, "leisure": null, "building": null, "opening_hours": "Mo-Fr 07:00-20:00; Sa 07:00-19:00; Su,PH 08:00-16:00", "poi_typ": "shop", "dienstag_vormittag": true }, "geometry": { "type": "Point", "coordinates": [ 13.4270116, 52.5447944 ] } },
{ "type": "Feature", "properties": { "element": "node", "id": 3968793066, "name": "Mini-Markt „Tante Emma Laden 2.0“", "shop": "convenience", "amenity": null, "office": null, "tourism": null, "leisure": null, "building": null, "opening_hours": "Mo-Fr 09:00-18:30; Sa 10:00-14:00", "poi_typ": "shop", "dienstag_vormittag": true }, "geometry": { "type": "Point", "coordinates": [ 13.4153573, 52.5667036 ] } },
{ "type": "Feature", "properties": { "element": "node", "id": 3969291970, "name": "Fressnapf", "shop": "pet", "amenity": null, "office": null, "tourism": null, "leisure": null, "building": null, "opening_hours": "Mo-Fr 09:00-20:00; Sa 09:00-18:00", "poi_typ": "shop", "dienstag_vormittag": true }, "geometry": { "type": "Point", "coordinates": [ 13.5000473, 52.6309429 ] } },
{ "type": "Feature", "properties": { "element": "node", "id": 3969291971, "name": "Getränke Hoffmann", "shop": "beverages", "amenity": null, "office": null, "tourism": null, "leisure": null, "building": null, "opening_hours": "Mo-Fr 09:00-20:00; Sa 09:00-18:00; Su,PH off", "poi_typ": "shop", "dienstag_vormittag": true }, "geometry": { "type": "Point", "coordinates": [ 13.4999835, 52.6307631 ] } },
{ "type": "Feature", "properties": { "element": "node", "id": 3982070788, "name": "Notebook Lounge Berlin - Computerservice", "shop": "computer", "amenity": null, "office": null, "tourism": null, "leisure": null, "building": null, "opening_hours": "Mo-Fr 10:00-20:00; Sa 10:00-16:00", "poi_typ": "shop", "dienstag_vormittag": true }, "geometry": { "type": "Point", "coordinates": [ 13.4275103, 52.546992 ] } },
{ "type": "Feature", "properties": { "element": "node", "id": 3993517457, "name": "Steinecke", "shop": "bakery", "amenity": null, "office": null, "tourism": null, "leisure": null, "building": null, "opening_hours": "Mo-Fr 06:00-19:00; Sa,Su 07:00-19:00", "poi_typ": "shop", "dienstag_vormittag": true }, "geometry": { "type": "Point", "coordinates": [ 13.4388273, 52.5406619 ] } },
{ "type": "Feature", "properties": { "element": "node", "id": 4015423389, "name": "Yokozuna Sushi", "shop": null, "amenity": "restaurant", "office": null, "tourism": null, "leisure": null, "building": null, "opening_hours": "Mo-Fr 11:30-14:30,17:30-22:00; Sa 17:30-22:00; Su 15:00-22:00", "poi_typ": "amenity", "dienstag_vormittag": true }, "geometry": { "type": "Point", "coordinates": [ 13.4112251, 52.5286535 ] } },
{ "type": "Feature", "properties": { "element": "node", "id": 4023131747, "name": null, "shop": null, "amenity": "atm", "office": null, "tourism": null, "leisure": null, "building": null, "opening_hours": "24/7", "poi_typ": "amenity", "dienstag_vormittag": true }, "geometry": { "type": "Point", "coordinates": [ 13.4325384, 52.5525332 ] } },
{ "type": "Feature", "properties": { "element": "node", "id": 4029054550, "name": "O2", "shop": "telecommunication", "amenity": null, "office": null, "tourism": null, "leisure": null, "building": null, "opening_hours": "Mo-Fr 10:00-19:00; Sa-Su 10:00-17:00", "poi_typ": "shop", "dienstag_vormittag": true }, "geometry": { "type": "Point", "coordinates": [ 13.4519343, 52.548318 ] } },
{ "type": "Feature", "properties": { "element": "node", "id": 4119299329, "name": "Kita Edgar Berlin", "shop": null, "amenity": "kindergarten", "office": null, "tourism": null, "leisure": null, "building": null, "opening_hours": "Mo-Su 08:00-17:00", "poi_typ": "amenity", "dienstag_vormittag": true }, "geometry": { "type": "Point", "coordinates": [ 13.421856, 52.5439853 ] } },
{ "type": "Feature", "properties": { "element": "node", "id": 4127981328, "name": "Japps Massageladen", "shop": "massage", "amenity": null, "office": null, "tourism": null, "leisure": null, "building": null, "opening_hours": "Mo-Fr 10:00-20:00; Sa 10:00-16:00", "poi_typ": "shop", "dienstag_vormittag": true }, "geometry": { "type": "Point", "coordinates": [ 13.4177235, 52.5462683 ] } },
{ "type": "Feature", "properties": { "element": "node", "id": 4135430181, "name": "Uhren-Engel", "shop": "watches", "amenity": null, "office": null, "tourism": null, "leisure": null, "building": null, "opening_hours": "Mo-Fr 09:30-18:00", "poi_typ": "shop", "dienstag_vormittag": true }, "geometry": { "type": "Point", "coordinates": [ 13.4235143, 52.5372953 ] } },
{ "type": "Feature", "properties": { "element": "node", "id": 4135618750, "name": "Euronet", "shop": null, "amenity": "atm", "office": null, "tourism": null, "leisure": null, "building": null, "opening_hours": "24/7", "poi_typ": "amenity", "dienstag_vormittag": true }, "geometry": { "type": "Point", "coordinates": [ 13.4029077, 52.540379 ] } },
{ "type": "Feature", "properties": { "element": "node", "id": 4149383711, "name": "Il Pane e le Rose", "shop": null, "amenity": "restaurant", "office": null, "tourism": null, "leisure": null, "building": null, "opening_hours": "Mo-Fr 17:00+; Sa,Su 12:00+", "poi_typ": "amenity", "dienstag_vormittag": true }, "geometry": { "type": "Point", "coordinates": [ 13.4344438, 52.5294431 ] } },
{ "type": "Feature", "properties": { "element": "node", "id": 4149934389, "name": "Kiosk Beycani", "shop": "convenience", "amenity": null, "office": null, "tourism": null, "leisure": null, "building": null, "opening_hours": "Mo-Su 00:00-01:00,09:00-24:00", "poi_typ": "shop", "dienstag_vormittag": true }, "geometry": { "type": "Point", "coordinates": [ 13.4052058, 52.5514807 ] } },
{ "type": "Feature", "properties": { "element": "node", "id": 4152700902, "name": "Centralstation Druck & Kopie", "shop": "copyshop", "amenity": null, "office": null, "tourism": null, "leisure": null, "building": null, "opening_hours": "Mo-Fr 08:00-21:00; Sa 10:00-18:00", "poi_typ": "shop", "dienstag_vormittag": true }, "geometry": { "type": "Point", "coordinates": [ 13.4409787, 52.5328045 ] } },
{ "type": "Feature", "properties": { "element": "node", "id": 4152700990, "name": null, "shop": null, "amenity": "charging_station", "office": null, "tourism": null, "leisure": null, "building": null, "opening_hours": "24/7", "poi_typ": "amenity", "dienstag_vormittag": true }, "geometry": { "type": "Point", "coordinates": [ 13.4425038, 52.5337031 ] } },
{ "type": "Feature", "properties": { "element": "node", "id": 4153857729, "name": "AsiaSport Kampfsportartikel", "shop": "sports", "amenity": null, "office": null, "tourism": null, "leisure": null, "building": null, "opening_hours": "Mo-Fr 10:00-18:00; Sa 10:00-16:00", "poi_typ": "shop", "dienstag_vormittag": true }, "geometry": { "type": "Point", "coordinates": [ 13.4351448, 52.5348336 ] } },
{ "type": "Feature", "properties": { "element": "node", "id": 4157496899, "name": "Bar Sigismondo", "shop": null, "amenity": "cafe", "office": null, "tourism": null, "leisure": null, "building": null, "opening_hours": "Mo-Fr 08:30-16:30", "poi_typ": "amenity", "dienstag_vormittag": true }, "geometry": { "type": "Point", "coordinates": [ 13.4115196, 52.5489243 ] } },
{ "type": "Feature", "properties": { "element": "node", "id": 4168327922, "name": "LUA", "shop": null, "amenity": "restaurant", "office": null, "tourism": null, "leisure": null, "building": null, "opening_hours": "Mo-Su 11:00-23:00", "poi_typ": "amenity", "dienstag_vormittag": true }, "geometry": { "type": "Point", "coordinates": [ 13.4120496, 52.5326065 ] } },
{ "type": "Feature", "properties": { "element": "node", "id": 4174131464, "name": "Fleischerei Mischke", "shop": "butcher", "amenity": null, "office": null, "tourism": null, "leisure": null, "building": null, "opening_hours": "Mo-Fr 08:00-18:30; Sa 08:00-12:00", "poi_typ": "shop", "dienstag_vormittag": true }, "geometry": { "type": "Point", "coordinates": [ 13.4084713, 52.5658849 ] } },
{ "type": "Feature", "properties": { "element": "node", "id": 4174131466, "name": "Tierarztpraxis Dr. med. vet. Joachim Kirchner", "shop": null, "amenity": "veterinary", "office": null, "tourism": null, "leisure": null, "building": null, "opening_hours": "Mo-Fr 14:00-18:00; Tu,Th 09:00-12:00,14:00-18:00", "poi_typ": "amenity", "dienstag_vormittag": true }, "geometry": { "type": "Point", "coordinates": [ 13.4090789, 52.5661672 ] } },
{ "type": "Feature", "properties": { "element": "node", "id": 4174131468, "name": "Liebling Kreuzberg Zeiten", "shop": "clothes", "amenity": null, "office": null, "tourism": null, "leisure": null, "building": null, "opening_hours": "Mo-Fr 11:00-19:00; Sa 11:00-16:00", "poi_typ": "shop", "dienstag_vormittag": true }, "geometry": { "type": "Point", "coordinates": [ 13.408855, 52.5660615 ] } },
{ "type": "Feature", "properties": { "element": "node", "id": 4174131470, "name": "Schmuckgeschäft Bundt", "shop": "jewelry", "amenity": null, "office": null, "tourism": null, "leisure": null, "building": null, "opening_hours": "Mo-Fr 10:00-13:00,14:00-19:00; Sa 10:00-14:00", "poi_typ": "shop", "dienstag_vormittag": true }, "geometry": { "type": "Point", "coordinates": [ 13.408248, 52.5657802 ] } },
{ "type": "Feature", "properties": { "element": "node", "id": 4177744914, "name": "Elybeauty Nails", "shop": "beauty", "amenity": null, "office": null, "tourism": null, "leisure": null, "building": null, "opening_hours": "Mo-Fr 09:30-19:30, Sa 09:30-17:00", "poi_typ": "shop", "dienstag_vormittag": true }, "geometry": { "type": "Point", "coordinates": [ 13.4136563, 52.5514677 ] } },
{ "type": "Feature", "properties": { "element": "node", "id": 4179409095, "name": "O2", "shop": "telecommunication", "amenity": null, "office": null, "tourism": null, "leisure": null, "building": null, "opening_hours": "Mo-Fr 10:00-19:00; Sa 10:00-16:00", "poi_typ": "shop", "dienstag_vormittag": true }, "geometry": { "type": "Point", "coordinates": [ 13.4060993, 52.5703721 ] } },
{ "type": "Feature", "properties": { "element": "node", "id": 4179409096, "name": "Flemming & Klingbeil", "shop": "hearing_aids", "amenity": null, "office": null, "tourism": null, "leisure": null, "building": null, "opening_hours": "Mo-Fr 09:00-18:00", "poi_typ": "shop", "dienstag_vormittag": true }, "geometry": { "type": "Point", "coordinates": [ 13.4059666, 52.5703328 ] } },
{ "type": "Feature", "properties": { "element": "node", "id": 4195145989, "name": "Euronet", "shop": null, "amenity": "atm", "office": null, "tourism": null, "leisure": null, "building": null, "opening_hours": "24/7", "poi_typ": "amenity", "dienstag_vormittag": true }, "geometry": { "type": "Point", "coordinates": [ 13.4153084, 52.531614 ] } },
{ "type": "Feature", "properties": { "element": "node", "id": 4226875722, "name": null, "shop": null, "amenity": "charging_station", "office": null, "tourism": null, "leisure": null, "building": null, "opening_hours": "24/7", "poi_typ": "amenity", "dienstag_vormittag": true }, "geometry": { "type": "Point", "coordinates": [ 13.4149113, 52.5336105 ] } },
{ "type": "Feature", "properties": { "element": "node", "id": 4236203789, "name": "Kiezradler", "shop": "bicycle", "amenity": null, "office": null, "tourism": null, "leisure": null, "building": null, "opening_hours": "Mo-Fr 09:00-12:00,13:00-18:00", "poi_typ": "shop", "dienstag_vormittag": true }, "geometry": { "type": "Point", "coordinates": [ 13.4198811, 52.5325317 ] } },
{ "type": "Feature", "properties": { "element": "node", "id": 4286429728, "name": "Come Và Và", "shop": null, "amenity": "restaurant", "office": null, "tourism": null, "leisure": null, "building": null, "opening_hours": "Mo-Su 10:30-22:00", "poi_typ": "amenity", "dienstag_vormittag": true }, "geometry": { "type": "Point", "coordinates": [ 13.4359297, 52.5344698 ] } },
{ "type": "Feature", "properties": { "element": "node", "id": 4296942389, "name": "WB Waschsalon", "shop": "laundry", "amenity": null, "office": null, "tourism": null, "leisure": null, "building": null, "opening_hours": "Mo-Su 06:00-22:00", "poi_typ": "shop", "dienstag_vormittag": true }, "geometry": { "type": "Point", "coordinates": [ 13.4255955, 52.5301629 ] } },
{ "type": "Feature", "properties": { "element": "node", "id": 4299136189, "name": "Saint George's", "shop": "books", "amenity": null, "office": null, "tourism": null, "leisure": null, "building": null, "opening_hours": "Mo-Fr 11:00-20:00; Sa 11:00-19:00", "poi_typ": "shop", "dienstag_vormittag": true }, "geometry": { "type": "Point", "coordinates": [ 13.4211738, 52.5359773 ] } },
{ "type": "Feature", "properties": { "element": "node", "id": 4307324527, "name": "Filou - Second Hand - Rund ums Kind", "shop": "baby_goods", "amenity": null, "office": null, "tourism": null, "leisure": null, "building": null, "opening_hours": "Mo-Fr 11:00-19:00; Sa 10:00-14:00; PH off", "poi_typ": "shop", "dienstag_vormittag": true }, "geometry": { "type": "Point", "coordinates": [ 13.4095136, 52.5663766 ] } },
{ "type": "Feature", "properties": { "element": "node", "id": 4311571992, "name": "No Fire No Glory", "shop": null, "amenity": "cafe", "office": null, "tourism": null, "leisure": null, "building": null, "opening_hours": "Mo-Su 09:00-17:00", "poi_typ": "amenity", "dienstag_vormittag": true }, "geometry": { "type": "Point", "coordinates": [ 13.4203939, 52.5366338 ] } },
{ "type": "Feature", "properties": { "element": "node", "id": 4311621694, "name": "Café Auszeit", "shop": null, "amenity": "cafe", "office": null, "tourism": null, "leisure": null, "building": null, "opening_hours": "Mo-Su 09:00+", "poi_typ": "amenity", "dienstag_vormittag": true }, "geometry": { "type": "Point", "coordinates": [ 13.4009371, 52.5802689 ] } },
{ "type": "Feature", "properties": { "element": "node", "id": 4314334723, "name": "masson Friseur", "shop": "hairdresser", "amenity": null, "office": null, "tourism": null, "leisure": null, "building": null, "opening_hours": "Mo-Fr 08:00-20:00; Sa 10:00-16:00", "poi_typ": "shop", "dienstag_vormittag": true }, "geometry": { "type": "Point", "coordinates": [ 13.4132623, 52.5489836 ] } },
{ "type": "Feature", "properties": { "element": "node", "id": 4332069391, "name": "Hair Harmony", "shop": "hairdresser", "amenity": null, "office": null, "tourism": null, "leisure": null, "building": null, "opening_hours": "Mo-Fr 10:00-19:00; Sa 09:00-16:00", "poi_typ": "shop", "dienstag_vormittag": true }, "geometry": { "type": "Point", "coordinates": [ 13.4060331, 52.570349 ] } },
{ "type": "Feature", "properties": { "element": "node", "id": 4347160714, "name": "brillen.de", "shop": "optician", "amenity": null, "office": null, "tourism": null, "leisure": null, "building": null, "opening_hours": "Mo-Fr 08:30-19:00; Sa 08:30-14:00", "poi_typ": "shop", "dienstag_vormittag": true }, "geometry": { "type": "Point", "coordinates": [ 13.422486, 52.5610382 ] } },
{ "type": "Feature", "properties": { "element": "node", "id": 4362781102, "name": "Wrappsta", "shop": "car_repair", "amenity": null, "office": null, "tourism": null, "leisure": null, "building": null, "opening_hours": "Mo-Fr 09:00-17:00", "poi_typ": "shop", "dienstag_vormittag": true }, "geometry": { "type": "Point", "coordinates": [ 13.4137802, 52.588305 ] } },
{ "type": "Feature", "properties": { "element": "node", "id": 4365384392, "name": "Löwenburg-Apotheke", "shop": null, "amenity": "pharmacy", "office": null, "tourism": null, "leisure": null, "building": null, "opening_hours": "Mo-Fr 08:00-19:30; Sa 08:30-14:00; Su,PH off", "poi_typ": "amenity", "dienstag_vormittag": true }, "geometry": { "type": "Point", "coordinates": [ 13.4607566, 52.5937649 ] } },
{ "type": "Feature", "properties": { "element": "node", "id": 4423364915, "name": "Coffee Fellows", "shop": null, "amenity": "cafe", "office": null, "tourism": null, "leisure": null, "building": null, "opening_hours": "Mo-Fr 08:00-20:00; Sa 09:00-21:00; Su,PH 09:00-21:00", "poi_typ": "amenity", "dienstag_vormittag": true }, "geometry": { "type": "Point", "coordinates": [ 13.4127101, 52.5411151 ] } },
{ "type": "Feature", "properties": { "element": "node", "id": 4428957292, "name": "Friseursalon Ivonne Stein", "shop": "hairdresser", "amenity": null, "office": null, "tourism": null, "leisure": null, "building": null, "opening_hours": "Mo-Fr 09:00-18:00; Sa 08:00-12:00; PH off", "poi_typ": "shop", "dienstag_vormittag": true }, "geometry": { "type": "Point", "coordinates": [ 13.3871744, 52.6176779 ] } },
{ "type": "Feature", "properties": { "element": "node", "id": 4437710891, "name": "Sironi", "shop": "bakery", "amenity": null, "office": null, "tourism": null, "leisure": null, "building": null, "opening_hours": "Mo-Su 09:00-18:00", "poi_typ": "shop", "dienstag_vormittag": true }, "geometry": { "type": "Point", "coordinates": [ 13.4105138, 52.547572 ] } },
{ "type": "Feature", "properties": { "element": "node", "id": 4439311283, "name": "FORMAT Warenwunderland", "shop": "houseware", "amenity": null, "office": null, "tourism": null, "leisure": null, "building": null, "opening_hours": "Mo-Fr 10:00-19:00", "poi_typ": "shop", "dienstag_vormittag": true }, "geometry": { "type": "Point", "coordinates": [ 13.4164241, 52.5469783 ] } },
{ "type": "Feature", "properties": { "element": "node", "id": 4439765092, "name": "Drive In", "shop": null, "amenity": "pharmacy", "office": null, "tourism": null, "leisure": null, "building": null, "opening_hours": "Mo-Fr 07:30-20:00; Sa 07:30-18:00", "poi_typ": "amenity", "dienstag_vormittag": true }, "geometry": { "type": "Point", "coordinates": [ 13.4943757, 52.6343857 ] } },
{ "type": "Feature", "properties": { "element": "node", "id": 4439780519, "name": null, "shop": null, "amenity": "atm", "office": null, "tourism": null, "leisure": null, "building": null, "opening_hours": "Mo-Fr 06:00-23:00; Sa-Su 08:00-23:00", "poi_typ": "amenity", "dienstag_vormittag": true }, "geometry": { "type": "Point", "coordinates": [ 13.4957858, 52.6349982 ] } },
{ "type": "Feature", "properties": { "element": "node", "id": 4450832743, "name": "Ron's Cafe", "shop": null, "amenity": "cafe", "office": null, "tourism": null, "leisure": null, "building": null, "opening_hours": "Mo-Su 09:00-18:00", "poi_typ": "amenity", "dienstag_vormittag": true }, "geometry": { "type": "Point", "coordinates": [ 13.4132554, 52.542161 ] } },
{ "type": "Feature", "properties": { "element": "node", "id": 4455039391, "name": "Brgrs Brgrs", "shop": null, "amenity": "fast_food", "office": null, "tourism": null, "leisure": null, "building": null, "opening_hours": "Mo-Su 11:30-22:00", "poi_typ": "amenity", "dienstag_vormittag": true }, "geometry": { "type": "Point", "coordinates": [ 13.4305873, 52.5336822 ] } },
{ "type": "Feature", "properties": { "element": "node", "id": 4457967051, "name": "Bentokado", "shop": null, "amenity": "restaurant", "office": null, "tourism": null, "leisure": null, "building": null, "opening_hours": "Mo-Su 11:30-22:00", "poi_typ": "amenity", "dienstag_vormittag": true }, "geometry": { "type": "Point", "coordinates": [ 13.4061691, 52.5407901 ] } },
{ "type": "Feature", "properties": { "element": "node", "id": 4457967052, "name": "Photoautomat", "shop": null, "amenity": "photo_booth", "office": null, "tourism": null, "leisure": null, "building": null, "opening_hours": "24/7", "poi_typ": "amenity", "dienstag_vormittag": true }, "geometry": { "type": "Point", "coordinates": [ 13.4047116, 52.5408343 ] } },
{ "type": "Feature", "properties": { "element": "node", "id": 4457967204, "name": "Euronet", "shop": null, "amenity": "atm", "office": null, "tourism": null, "leisure": null, "building": null, "opening_hours": "24/7", "poi_typ": "amenity", "dienstag_vormittag": true }, "geometry": { "type": "Point", "coordinates": [ 13.4088472, 52.5411441 ] } },
{ "type": "Feature", "properties": { "element": "node", "id": 4457967930, "name": "Linnen", "shop": null, "amenity": "cafe", "office": null, "tourism": null, "leisure": null, "building": null, "opening_hours": "Mo-Su 08:30-16:00", "poi_typ": "amenity", "dienstag_vormittag": true }, "geometry": { "type": "Point", "coordinates": [ 13.4089012, 52.5414548 ] } },
{ "type": "Feature", "properties": { "element": "node", "id": 4457967931, "name": "Euronet", "shop": null, "amenity": "atm", "office": null, "tourism": null, "leisure": null, "building": null, "opening_hours": "24/7", "poi_typ": "amenity", "dienstag_vormittag": true }, "geometry": { "type": "Point", "coordinates": [ 13.4058532, 52.5407282 ] } },
{ "type": "Feature", "properties": { "element": "node", "id": 4463291068, "name": "Fahrrad Wittig", "shop": "bicycle", "amenity": null, "office": null, "tourism": null, "leisure": null, "building": null, "opening_hours": "Mo-Fr 14:00-19:00; Sa 10:00-15:00", "poi_typ": "shop", "dienstag_vormittag": true }, "geometry": { "type": "Point", "coordinates": [ 13.4130428, 52.5645895 ] } },
{ "type": "Feature", "properties": { "element": "node", "id": 4514495946, "name": "Falken-Apotheke", "shop": null, "amenity": "pharmacy", "office": null, "tourism": null, "leisure": null, "building": null, "opening_hours": "Mo-Fr 08:30-19:00; Sa 08:30-13:00", "poi_typ": "amenity", "dienstag_vormittag": true }, "geometry": { "type": "Point", "coordinates": [ 13.4751797, 52.553737 ] } },
{ "type": "Feature", "properties": { "element": "node", "id": 4531573192, "name": "Final Escape", "shop": null, "amenity": null, "office": null, "tourism": null, "leisure": "escape_game", "building": null, "opening_hours": "Mo-Su 10:00-22:00", "poi_typ": "leisure", "dienstag_vormittag": true }, "geometry": { "type": "Point", "coordinates": [ 13.4204372, 52.532087 ] } },
{ "type": "Feature", "properties": { "element": "node", "id": 4536095473, "name": "JYSK", "shop": "furniture", "amenity": null, "office": null, "tourism": null, "leisure": null, "building": null, "opening_hours": "Mo-Fr 09:30-19:00; Sa 09:30-16:00", "poi_typ": "shop", "dienstag_vormittag": true }, "geometry": { "type": "Point", "coordinates": [ 13.4673268, 52.5615741 ] } },
{ "type": "Feature", "properties": { "element": "node", "id": 4553462053, "name": "Weltladen Pankow", "shop": "houseware", "amenity": null, "office": null, "tourism": null, "leisure": null, "building": null, "opening_hours": "Mo-Fr 10:00-19:00; Sa 10:00-14:00", "poi_typ": "shop", "dienstag_vormittag": true }, "geometry": { "type": "Point", "coordinates": [ 13.4095182, 52.5705585 ] } },
{ "type": "Feature", "properties": { "element": "node", "id": 4583979873, "name": "Telepizza", "shop": null, "amenity": "fast_food", "office": null, "tourism": null, "leisure": null, "building": null, "opening_hours": "Mo-Su,PH 11:30-23:00", "poi_typ": "amenity", "dienstag_vormittag": true }, "geometry": { "type": "Point", "coordinates": [ 13.4278491, 52.5879559 ] } },
{ "type": "Feature", "properties": { "element": "node", "id": 4583979874, "name": "Café Pankow", "shop": null, "amenity": "cafe", "office": null, "tourism": null, "leisure": null, "building": null, "opening_hours": "Mo-Su,PH 08:00-22:00", "poi_typ": "amenity", "dienstag_vormittag": true }, "geometry": { "type": "Point", "coordinates": [ 13.4285089, 52.5852166 ] } },
{ "type": "Feature", "properties": { "element": "node", "id": 4583979876, "name": "Bärbels Bistro", "shop": null, "amenity": "fast_food", "office": null, "tourism": null, "leisure": null, "building": null, "opening_hours": "Sa,Su 15:00-22:00; Mo-Fr 11:00-22:00", "poi_typ": "amenity", "dienstag_vormittag": true }, "geometry": { "type": "Point", "coordinates": [ 13.4285974, 52.5848091 ] } },
{ "type": "Feature", "properties": { "element": "node", "id": 4589101495, "name": null, "shop": "books", "amenity": null, "office": null, "tourism": null, "leisure": null, "building": null, "opening_hours": "Mo-Fr 11:00-20:00", "poi_typ": "shop", "dienstag_vormittag": true }, "geometry": { "type": "Point", "coordinates": [ 13.4233822, 52.538585 ] } },
{ "type": "Feature", "properties": { "element": "node", "id": 4595455227, "name": "Kunst-a-bunt", "shop": "antiques", "amenity": null, "office": null, "tourism": null, "leisure": null, "building": null, "opening_hours": "Mo-Fr 11:00-19:00; Sa 11:00-17:00", "poi_typ": "shop", "dienstag_vormittag": true }, "geometry": { "type": "Point", "coordinates": [ 13.4159921, 52.5366941 ] } },
{ "type": "Feature", "properties": { "element": "node", "id": 4595455495, "name": "TUI ReiseCenter", "shop": "travel_agency", "amenity": null, "office": null, "tourism": null, "leisure": null, "building": null, "opening_hours": "Mo-Fr 11:00-21:00; Sa 10:00-16:00; \"Sowie nach Vereinbarung\"", "poi_typ": "shop", "dienstag_vormittag": true }, "geometry": { "type": "Point", "coordinates": [ 13.4161133, 52.5361177 ] } },
{ "type": "Feature", "properties": { "element": "node", "id": 4595455497, "name": "Beauty Moments", "shop": "beauty", "amenity": null, "office": null, "tourism": null, "leisure": null, "building": null, "opening_hours": "Mo-Fr 11:00-19:00; Sa 10:00-18:00", "poi_typ": "shop", "dienstag_vormittag": true }, "geometry": { "type": "Point", "coordinates": [ 13.415915, 52.5363312 ] } },
{ "type": "Feature", "properties": { "element": "node", "id": 4610077679, "name": null, "shop": null, "amenity": "atm", "office": null, "tourism": null, "leisure": null, "building": null, "opening_hours": "24/7", "poi_typ": "amenity", "dienstag_vormittag": true }, "geometry": { "type": "Point", "coordinates": [ 13.4224696, 52.6071089 ] } },
{ "type": "Feature", "properties": { "element": "node", "id": 4626305221, "name": "Steinecke", "shop": "bakery", "amenity": null, "office": null, "tourism": null, "leisure": null, "building": null, "opening_hours": "Mo-Fr 06:30-19:00; Sa 07:00-18:00; Su 07:00-11:00", "poi_typ": "shop", "dienstag_vormittag": true }, "geometry": { "type": "Point", "coordinates": [ 13.4131548, 52.5831095 ] } },
{ "type": "Feature", "properties": { "element": "node", "id": 4626472740, "name": "A.T.U", "shop": "car_repair", "amenity": null, "office": null, "tourism": null, "leisure": null, "building": null, "opening_hours": "Mo-Fr 07:30-18:30; Sa 08:00-15:00", "poi_typ": "shop", "dienstag_vormittag": true }, "geometry": { "type": "Point", "coordinates": [ 13.3686004, 52.5970173 ] } },
{ "type": "Feature", "properties": { "element": "node", "id": 4665939997, "name": "HappyBart GmbH", "shop": null, "amenity": null, "office": "company", "tourism": null, "leisure": null, "building": null, "opening_hours": "Mo-Fr 09:00-15:00", "poi_typ": "office", "dienstag_vormittag": true }, "geometry": { "type": "Point", "coordinates": [ 13.4127674, 52.5523282 ] } },
{ "type": "Feature", "properties": { "element": "node", "id": 4670132084, "name": "Heinlein Support", "shop": "computer", "amenity": null, "office": null, "tourism": null, "leisure": null, "building": null, "opening_hours": "Mo-Fr 09:00-18:00", "poi_typ": "shop", "dienstag_vormittag": true }, "geometry": { "type": "Point", "coordinates": [ 13.4109116, 52.533867 ] } },
{ "type": "Feature", "properties": { "element": "node", "id": 4677905646, "name": "Asma", "shop": null, "amenity": "driving_school", "office": null, "tourism": null, "leisure": null, "building": null, "opening_hours": "Mo-Fr 08:00-18:00; Sa 10:00-15:00", "poi_typ": "amenity", "dienstag_vormittag": true }, "geometry": { "type": "Point", "coordinates": [ 13.4285092, 52.5327246 ] } },
{ "type": "Feature", "properties": { "element": "node", "id": 4682866291, "name": "Haus Apotheke", "shop": null, "amenity": "pharmacy", "office": null, "tourism": null, "leisure": null, "building": null, "opening_hours": "Mo-Fr 08:00-20:00; Sa 08:00-16:00; PH off", "poi_typ": "amenity", "dienstag_vormittag": true }, "geometry": { "type": "Point", "coordinates": [ 13.4566633, 52.5290131 ] } },
{ "type": "Feature", "properties": { "element": "node", "id": 4687670354, "name": "Angel's Nageldesign & Kosmetik", "shop": "beauty", "amenity": null, "office": null, "tourism": null, "leisure": null, "building": null, "opening_hours": "Mo-Fr 09:30-19:30; Sa 10:00-19:00", "poi_typ": "shop", "dienstag_vormittag": true }, "geometry": { "type": "Point", "coordinates": [ 13.414681, 52.5525622 ] } },
{ "type": "Feature", "properties": { "element": "node", "id": 4714989991, "name": "Holzapfel", "shop": "houseware", "amenity": null, "office": null, "tourism": null, "leisure": null, "building": null, "opening_hours": "Mo-Fr 11:00-19:00; Su 11:00-16:00", "poi_typ": "shop", "dienstag_vormittag": true }, "geometry": { "type": "Point", "coordinates": [ 13.4161487, 52.5348983 ] } },
{ "type": "Feature", "properties": { "element": "node", "id": 4724701016, "name": null, "shop": null, "amenity": "atm", "office": null, "tourism": null, "leisure": null, "building": null, "opening_hours": "Mo-Fr 06:00-23:00; Sa-Su 08:00-23:00", "poi_typ": "amenity", "dienstag_vormittag": true }, "geometry": { "type": "Point", "coordinates": [ 13.4321483, 52.6051158 ] } },
{ "type": "Feature", "properties": { "element": "node", "id": 4728305580, "name": null, "shop": null, "amenity": "atm", "office": null, "tourism": null, "leisure": null, "building": null, "opening_hours": "Mo-Fr 06:00-23:00; Sa-Su 08:00-23:00", "poi_typ": "amenity", "dienstag_vormittag": true }, "geometry": { "type": "Point", "coordinates": [ 13.4223436, 52.5614761 ] } },
{ "type": "Feature", "properties": { "element": "node", "id": 4731259592, "name": "Burger Vision", "shop": null, "amenity": "restaurant", "office": null, "tourism": null, "leisure": null, "building": null, "opening_hours": "Mo-Fr 11:00-22:45; Sa,Su 12:00-22:45", "poi_typ": "amenity", "dienstag_vormittag": true }, "geometry": { "type": "Point", "coordinates": [ 13.4096387, 52.5293053 ] } },
{ "type": "Feature", "properties": { "element": "node", "id": 4751302922, "name": "Thassanee Thaimassage & Spa", "shop": "massage", "amenity": null, "office": null, "tourism": null, "leisure": null, "building": null, "opening_hours": "Mo-Fr 11:00-21:00; Sa 12:00-20:00; PH off", "poi_typ": "shop", "dienstag_vormittag": true }, "geometry": { "type": "Point", "coordinates": [ 13.4185426, 52.5305184 ] } },
{ "type": "Feature", "properties": { "element": "node", "id": 4759951758, "name": "Kfz-Werkstatt RADO", "shop": "car_repair", "amenity": null, "office": null, "tourism": null, "leisure": null, "building": null, "opening_hours": "Mo-Fr 08:00-18:00; Sa \"nach Vereinbarung\"", "poi_typ": "shop", "dienstag_vormittag": true }, "geometry": { "type": "Point", "coordinates": [ 13.4514265, 52.5339833 ] } },
{ "type": "Feature", "properties": { "element": "node", "id": 4778391931, "name": "Leutemanns", "shop": "pastry", "amenity": null, "office": null, "tourism": null, "leisure": null, "building": null, "opening_hours": "Mo-Fr 09:00-20:00; Sa-Su,PH 10:00-18:00", "poi_typ": "shop", "dienstag_vormittag": true }, "geometry": { "type": "Point", "coordinates": [ 13.4330977, 52.5310589 ] } },
{ "type": "Feature", "properties": { "element": "node", "id": 4781682871, "name": "Neu Delhi", "shop": null, "amenity": "restaurant", "office": null, "tourism": null, "leisure": null, "building": null, "opening_hours": "Mo-Su 11:30-23:00", "poi_typ": "amenity", "dienstag_vormittag": true }, "geometry": { "type": "Point", "coordinates": [ 13.3987991, 52.5704692 ] } },
{ "type": "Feature", "properties": { "element": "node", "id": 4788244426, "name": "ABAS Wohnheim Für Obdachlose", "shop": null, "amenity": "social_facility", "office": null, "tourism": null, "leisure": null, "building": null, "opening_hours": "Mo-Fr 09:00-21:00", "poi_typ": "amenity", "dienstag_vormittag": true }, "geometry": { "type": "Point", "coordinates": [ 13.4899978, 52.6447847 ] } },
{ "type": "Feature", "properties": { "element": "node", "id": 4788244522, "name": null, "shop": "kiosk", "amenity": null, "office": null, "tourism": null, "leisure": null, "building": null, "opening_hours": "Mo-Fr 04:00-20:00; Sa 06:00-18:00; Su 07:00-18:00", "poi_typ": "shop", "dienstag_vormittag": true }, "geometry": { "type": "Point", "coordinates": [ 13.4920738, 52.6373505 ] } },
{ "type": "Feature", "properties": { "element": "node", "id": 4799733106, "name": "Schön & Gut", "shop": "alcohol", "amenity": "cafe", "office": null, "tourism": null, "leisure": null, "building": null, "opening_hours": "Mo-Su 11:00-18:00", "poi_typ": "shop", "dienstag_vormittag": true }, "geometry": { "type": "Point", "coordinates": [ 13.4015207, 52.5687309 ] } },
{ "type": "Feature", "properties": { "element": "node", "id": 4804439441, "name": "Flora Burger", "shop": null, "amenity": "fast_food", "office": null, "tourism": null, "leisure": null, "building": null, "opening_hours": "Mo-Su 11:45-22:45", "poi_typ": "amenity", "dienstag_vormittag": true }, "geometry": { "type": "Point", "coordinates": [ 13.4086044, 52.5659429 ] } },
{ "type": "Feature", "properties": { "element": "node", "id": 4804439442, "name": "Flora Wrap", "shop": null, "amenity": "fast_food", "office": null, "tourism": null, "leisure": null, "building": null, "opening_hours": "Mo-Su 11:45-22:45", "poi_typ": "amenity", "dienstag_vormittag": true }, "geometry": { "type": "Point", "coordinates": [ 13.4084289, 52.5661661 ] } },
{ "type": "Feature", "properties": { "element": "node", "id": 4807801469, "name": "Bernstein Touristik", "shop": "travel_agency", "amenity": null, "office": null, "tourism": null, "leisure": null, "building": null, "opening_hours": "Mo-Fr 09:00-18:00", "poi_typ": "shop", "dienstag_vormittag": true }, "geometry": { "type": "Point", "coordinates": [ 13.3993156, 52.5681224 ] } },
{ "type": "Feature", "properties": { "element": "node", "id": 4807801470, "name": "Wollank Bäckerei & Café", "shop": "bakery", "amenity": null, "office": null, "tourism": null, "leisure": null, "building": null, "opening_hours": "Mo-Fr 06:00-18:00; Sa 07:00-12:00", "poi_typ": "shop", "dienstag_vormittag": true }, "geometry": { "type": "Point", "coordinates": [ 13.3993806, 52.5686684 ] } },
{ "type": "Feature", "properties": { "element": "node", "id": 4807801471, "name": "Razzak", "shop": null, "amenity": "restaurant", "office": null, "tourism": null, "leisure": null, "building": null, "opening_hours": "Mo-Su 09:00-22:00", "poi_typ": "amenity", "dienstag_vormittag": true }, "geometry": { "type": "Point", "coordinates": [ 13.3992241, 52.5685605 ] } },
{ "type": "Feature", "properties": { "element": "node", "id": 4809992561, "name": "Wollank Minimarket", "shop": "convenience", "amenity": null, "office": null, "tourism": null, "leisure": null, "building": null, "opening_hours": "Mo-Fr 08:00-20:00", "poi_typ": "shop", "dienstag_vormittag": true }, "geometry": { "type": "Point", "coordinates": [ 13.3994855, 52.5687489 ] } },
{ "type": "Feature", "properties": { "element": "node", "id": 4809992563, "name": "Thy Studio", "shop": "beauty", "amenity": null, "office": null, "tourism": null, "leisure": null, "building": null, "opening_hours": "Mo-Fr 10:00-19:00; Sa 10:00-18:00", "poi_typ": "shop", "dienstag_vormittag": true }, "geometry": { "type": "Point", "coordinates": [ 13.3998009, 52.5689596 ] } },
{ "type": "Feature", "properties": { "element": "node", "id": 4812222793, "name": "Waxing Studio", "shop": "beauty", "amenity": null, "office": null, "tourism": null, "leisure": null, "building": null, "opening_hours": "Mo-Fr 10:00-19:00", "poi_typ": "shop", "dienstag_vormittag": true }, "geometry": { "type": "Point", "coordinates": [ 13.3937713, 52.5649871 ] } },
{ "type": "Feature", "properties": { "element": "node", "id": 4812222794, "name": "Grano de Café", "shop": null, "amenity": "cafe", "office": null, "tourism": null, "leisure": null, "building": null, "opening_hours": "Mo-Fr 07:00-18:00; Sa 08:00-18:00; Su 08:00-18:00", "poi_typ": "amenity", "dienstag_vormittag": true }, "geometry": { "type": "Point", "coordinates": [ 13.3938733, 52.5650467 ] } },
{ "type": "Feature", "properties": { "element": "node", "id": 4812222796, "name": "An- und Verkauf", "shop": "bicycle", "amenity": null, "office": null, "tourism": null, "leisure": null, "building": null, "opening_hours": "Mo-Fr 09:00-19:00; Sa 09:00-16:00", "poi_typ": "shop", "dienstag_vormittag": true }, "geometry": { "type": "Point", "coordinates": [ 13.3945121, 52.5653874 ] } },
{ "type": "Feature", "properties": { "element": "node", "id": 4813700560, "name": "Kopenhagener Weinhandlung", "shop": "wine", "amenity": null, "office": null, "tourism": null, "leisure": null, "building": null, "opening_hours": "Mo-Fr 12:00-20:00; Sa 10:00-18:00", "poi_typ": "shop", "dienstag_vormittag": true }, "geometry": { "type": "Point", "coordinates": [ 13.4109046, 52.5486808 ] } },
{ "type": "Feature", "properties": { "element": "node", "id": 4813859499, "name": "Aktiv Haushaltsgeräte", "shop": "appliance", "amenity": null, "office": null, "tourism": null, "leisure": null, "building": null, "opening_hours": "Mo-Fr 10:00-18:00; Sa 11:00-16:00", "poi_typ": "shop", "dienstag_vormittag": true }, "geometry": { "type": "Point", "coordinates": [ 13.3955383, 52.5654958 ] } },
{ "type": "Feature", "properties": { "element": "node", "id": 4813859500, "name": "Glossy Nails", "shop": "beauty", "amenity": null, "office": null, "tourism": null, "leisure": null, "building": null, "opening_hours": "Mo-Fr 09:30-19:00; Sa 09:30-17:00", "poi_typ": "shop", "dienstag_vormittag": true }, "geometry": { "type": "Point", "coordinates": [ 13.3948751, 52.565111 ] } },
{ "type": "Feature", "properties": { "element": "node", "id": 4813859504, "name": "D-Lux Barbershop", "shop": "hairdresser", "amenity": null, "office": null, "tourism": null, "leisure": null, "building": null, "opening_hours": "Mo-Fr 09:00-19:30; Sa 09:00-19:00", "poi_typ": "shop", "dienstag_vormittag": true }, "geometry": { "type": "Point", "coordinates": [ 13.3941433, 52.564714 ] } },
{ "type": "Feature", "properties": { "element": "node", "id": 4830794359, "name": "Ağan Chickenhaus", "shop": null, "amenity": "fast_food", "office": null, "tourism": null, "leisure": null, "building": null, "opening_hours": "Mo-Su 10:00-23:00", "poi_typ": "amenity", "dienstag_vormittag": true }, "geometry": { "type": "Point", "coordinates": [ 13.4033566, 52.5653854 ] } },
{ "type": "Feature", "properties": { "element": "node", "id": 4832578674, "name": "Vela Dhi", "shop": "massage", "amenity": null, "office": null, "tourism": null, "leisure": null, "building": null, "opening_hours": "Mo-Fr 10:00-19:00; Sa 11:00-18:00", "poi_typ": "shop", "dienstag_vormittag": true }, "geometry": { "type": "Point", "coordinates": [ 13.419214, 52.5725224 ] } },
{ "type": "Feature", "properties": { "element": "node", "id": 4832586184, "name": "Horn", "shop": "bathroom_furnishing", "amenity": null, "office": null, "tourism": null, "leisure": null, "building": null, "opening_hours": "Mo-Fr 10:00-18:00; Sa 10:00-14:00", "poi_typ": "shop", "dienstag_vormittag": true }, "geometry": { "type": "Point", "coordinates": [ 13.418919, 52.5724523 ] } },
{ "type": "Feature", "properties": { "element": "node", "id": 4832594545, "name": "Call a Pizza", "shop": null, "amenity": "fast_food", "office": null, "tourism": null, "leisure": null, "building": null, "opening_hours": "Mo-Su 11:30-22:30", "poi_typ": "amenity", "dienstag_vormittag": true }, "geometry": { "type": "Point", "coordinates": [ 13.4176634, 52.5725783 ] } },
{ "type": "Feature", "properties": { "element": "node", "id": 4832606031, "name": "ESF Bestattungen Pankow", "shop": "funeral_directors", "amenity": null, "office": null, "tourism": null, "leisure": null, "building": null, "opening_hours": "Mo-Fr 09:00-17:00", "poi_typ": "shop", "dienstag_vormittag": true }, "geometry": { "type": "Point", "coordinates": [ 13.417473, 52.5725637 ] } },
{ "type": "Feature", "properties": { "element": "node", "id": 4832749380, "name": "CSV Copy", "shop": "copyshop", "amenity": null, "office": null, "tourism": null, "leisure": null, "building": null, "opening_hours": "Sa 11:00-18:00; Mo-Fr 08:00-20:00", "poi_typ": "shop", "dienstag_vormittag": true }, "geometry": { "type": "Point", "coordinates": [ 13.4048928, 52.5693419 ] } },
{ "type": "Feature", "properties": { "element": "node", "id": 4832749381, "name": "Face and Nails", "shop": "beauty", "amenity": null, "office": null, "tourism": null, "leisure": null, "building": null, "opening_hours": "Mo-Fr 09:00-19:00", "poi_typ": "shop", "dienstag_vormittag": true }, "geometry": { "type": "Point", "coordinates": [ 13.4004422, 52.568892 ] } },
{ "type": "Feature", "properties": { "element": "node", "id": 4834609466, "name": "Backwerk", "shop": "bakery", "amenity": null, "office": null, "tourism": null, "leisure": null, "building": null, "opening_hours": "Mo-Fr 06:30-20:00; Sa 07:30-20:00", "poi_typ": "shop", "dienstag_vormittag": true }, "geometry": { "type": "Point", "coordinates": [ 13.4042046, 52.5698849 ] } },
{ "type": "Feature", "properties": { "element": "node", "id": 4834609467, "name": "Blumen & Pflanzen", "shop": "florist", "amenity": null, "office": null, "tourism": null, "leisure": null, "building": null, "opening_hours": "Mo-Fr 07:30-19:30, Sa 07:30-18:30, Su,PH 09:00-17:30", "poi_typ": "shop", "dienstag_vormittag": true }, "geometry": { "type": "Point", "coordinates": [ 13.4068849, 52.5698597 ] } },
{ "type": "Feature", "properties": { "element": "node", "id": 4834609468, "name": "Reisebüro Wörlitz Tourist", "shop": "travel_agency", "amenity": null, "office": null, "tourism": null, "leisure": null, "building": null, "opening_hours": "Mo-Fr 09:30-18:00; Sa 09:30-13:00", "poi_typ": "shop", "dienstag_vormittag": true }, "geometry": { "type": "Point", "coordinates": [ 13.4070974, 52.5706371 ] } },
{ "type": "Feature", "properties": { "element": "node", "id": 4834609469, "name": "Claudia K Sports", "shop": "clothes", "amenity": null, "office": null, "tourism": null, "leisure": null, "building": null, "opening_hours": "Mo-Fr 10:30-19:00; Sa 10:30-15:00", "poi_typ": "shop", "dienstag_vormittag": true }, "geometry": { "type": "Point", "coordinates": [ 13.4072291, 52.5706771 ] } },
{ "type": "Feature", "properties": { "element": "node", "id": 4834609471, "name": "Die Wilden Schwäne", "shop": "toys", "amenity": null, "office": null, "tourism": null, "leisure": null, "building": null, "opening_hours": "Mo-Fr 10:30-18:30; Sa 10:30-17:00", "poi_typ": "shop", "dienstag_vormittag": true }, "geometry": { "type": "Point", "coordinates": [ 13.4091708, 52.5704462 ] } },
{ "type": "Feature", "properties": { "element": "node", "id": 4834609472, "name": "EuroShop", "shop": "variety_store", "amenity": null, "office": null, "tourism": null, "leisure": null, "building": null, "opening_hours": "Mo-Fr 09:30-19:00; Sa 09:30-17:00; Su off", "poi_typ": "shop", "dienstag_vormittag": true }, "geometry": { "type": "Point", "coordinates": [ 13.4082881, 52.5710052 ] } },
{ "type": "Feature", "properties": { "element": "node", "id": 4834609473, "name": "Fielmann", "shop": "optician", "amenity": null, "office": null, "tourism": null, "leisure": null, "building": null, "opening_hours": "Mo-Fr 09:00-19:00; Sa 09:00-16:00", "poi_typ": "shop", "dienstag_vormittag": true }, "geometry": { "type": "Point", "coordinates": [ 13.4064617, 52.5704885 ] } },
{ "type": "Feature", "properties": { "element": "node", "id": 4834609474, "name": "Friseure Vandéll", "shop": "hairdresser", "amenity": null, "office": null, "tourism": null, "leisure": null, "building": null, "opening_hours": "Mo-Fr 09:00-20:00", "poi_typ": "shop", "dienstag_vormittag": true }, "geometry": { "type": "Point", "coordinates": [ 13.4076749, 52.5708063 ] } },
{ "type": "Feature", "properties": { "element": "node", "id": 4834609478, "name": "Kinderschuhe", "shop": "shoes", "amenity": null, "office": null, "tourism": null, "leisure": null, "building": null, "opening_hours": "Mo-Fr 10:00-14:00,15:00-18:00; Sa 10:00-15:00", "poi_typ": "shop", "dienstag_vormittag": true }, "geometry": { "type": "Point", "coordinates": [ 13.4080078, 52.5709206 ] } },
{ "type": "Feature", "properties": { "element": "node", "id": 4834609480, "name": "Ladystore", "shop": "clothes", "amenity": null, "office": null, "tourism": null, "leisure": null, "building": null, "opening_hours": "Mo-Fr 10:30-19:00; Sa 10:30-16:00", "poi_typ": "shop", "dienstag_vormittag": true }, "geometry": { "type": "Point", "coordinates": [ 13.4074699, 52.5707537 ] } },
{ "type": "Feature", "properties": { "element": "node", "id": 4834609481, "name": "O2", "shop": "telecommunication", "amenity": null, "office": null, "tourism": null, "leisure": null, "building": null, "opening_hours": "Mo-Fr 10:00-13:00,13:30-18:30; Sa 11:00-14:00", "poi_typ": "shop", "dienstag_vormittag": true }, "geometry": { "type": "Point", "coordinates": [ 13.4075677, 52.57078 ] } },
{ "type": "Feature", "properties": { "element": "node", "id": 4834609482, "name": "MVZ Pankow Innere Medizin", "shop": null, "amenity": "clinic", "office": null, "tourism": null, "leisure": null, "building": null, "opening_hours": "Mo-Fr 08:00-12:00, Mo-Th 15:00-18:00", "poi_typ": "amenity", "dienstag_vormittag": true }, "geometry": { "type": "Point", "coordinates": [ 13.4062108, 52.569687 ] } },
{ "type": "Feature", "properties": { "element": "node", "id": 4834609484, "name": "Schmiedeke Optik", "shop": "optician", "amenity": null, "office": null, "tourism": null, "leisure": null, "building": null, "opening_hours": "Mo-Fr 09:00-13:00,13:30-18:00; Sa 09:00-14:00", "poi_typ": "shop", "dienstag_vormittag": true }, "geometry": { "type": "Point", "coordinates": [ 13.4081075, 52.5709446 ] } },
{ "type": "Feature", "properties": { "element": "node", "id": 4834609489, "name": "Jet Reinigung", "shop": "dry_cleaning", "amenity": null, "office": null, "tourism": null, "leisure": null, "building": null, "opening_hours": "Mo-Fr 09:00-18:00", "poi_typ": "shop", "dienstag_vormittag": true }, "geometry": { "type": "Point", "coordinates": [ 13.4093941, 52.5705068 ] } },
{ "type": "Feature", "properties": { "element": "node", "id": 4834609491, "name": "Vodafone", "shop": "telecommunication", "amenity": null, "office": null, "tourism": null, "leisure": null, "building": null, "opening_hours": "Mo-Fr 10:00-18:00; Sa 10:00-14:00", "poi_typ": "shop", "dienstag_vormittag": true }, "geometry": { "type": "Point", "coordinates": [ 13.4064114, 52.5697408 ] } },
{ "type": "Feature", "properties": { "element": "node", "id": 4834609495, "name": "Änderungsschneiderei", "shop": "tailor", "amenity": null, "office": null, "tourism": null, "leisure": null, "building": null, "opening_hours": "Mo-Fr 09:00-13:00,14:00-18:00; Sa 10:00-14:00", "poi_typ": "shop", "dienstag_vormittag": true }, "geometry": { "type": "Point", "coordinates": [ 13.4015656, 52.5693566 ] } },
{ "type": "Feature", "properties": { "element": "node", "id": 4834609496, "name": "Überraschungsbazar", "shop": "variety_store", "amenity": null, "office": null, "tourism": null, "leisure": null, "building": null, "opening_hours": "Mo-Fr 09:30-19:00; Sa 09:30-17:00", "poi_typ": "shop", "dienstag_vormittag": true }, "geometry": { "type": "Point", "coordinates": [ 13.4067927, 52.5705491 ] } },
{ "type": "Feature", "properties": { "element": "node", "id": 4841047608, "name": "ewig freunde", "shop": null, "amenity": "cafe", "office": null, "tourism": null, "leisure": null, "building": null, "opening_hours": "Mo-Su 08:00-18:00", "poi_typ": "amenity", "dienstag_vormittag": true }, "geometry": { "type": "Point", "coordinates": [ 13.418085, 52.5428261 ] } },
{ "type": "Feature", "properties": { "element": "node", "id": 4841361439, "name": "Nhat-Nguyet Quan", "shop": null, "amenity": "restaurant", "office": null, "tourism": null, "leisure": null, "building": null, "opening_hours": "Mo-Fr 11:00-23:00, Su 12:00-23:00", "poi_typ": "amenity", "dienstag_vormittag": true }, "geometry": { "type": "Point", "coordinates": [ 13.4329569, 52.5313249 ] } },
{ "type": "Feature", "properties": { "element": "node", "id": 4841361444, "name": "Muckel Cafe", "shop": null, "amenity": "cafe", "office": null, "tourism": null, "leisure": null, "building": null, "opening_hours": "Mo-Su 08:00-18:00", "poi_typ": "amenity", "dienstag_vormittag": true }, "geometry": { "type": "Point", "coordinates": [ 13.4338872, 52.5294745 ] } },
{ "type": "Feature", "properties": { "element": "node", "id": 4842692022, "name": "Blush Indigo", "shop": "jewelry", "amenity": null, "office": null, "tourism": null, "leisure": null, "building": null, "opening_hours": "Sa 11:00-18:00; Mo-Fr 11:00-19:00", "poi_typ": "shop", "dienstag_vormittag": true }, "geometry": { "type": "Point", "coordinates": [ 13.4225753, 52.5414175 ] } },
{ "type": "Feature", "properties": { "element": "node", "id": 4846263844, "name": "Virtual World", "shop": null, "amenity": null, "office": "it", "tourism": null, "leisure": null, "building": null, "opening_hours": "Mo-Fr 08:30-18:30; Sa-Su,PH off", "poi_typ": "office", "dienstag_vormittag": true }, "geometry": { "type": "Point", "coordinates": [ 13.4315, 52.5520718 ] } },
{ "type": "Feature", "properties": { "element": "node", "id": 4849039257, "name": "AMATA AG", "shop": null, "amenity": null, "office": "company", "tourism": null, "leisure": null, "building": null, "opening_hours": "Mo-Fr 09:00-17:00", "poi_typ": "office", "dienstag_vormittag": true }, "geometry": { "type": "Point", "coordinates": [ 13.4613227, 52.5632974 ] } },
{ "type": "Feature", "properties": { "element": "node", "id": 4849041983, "name": "Berlin Art Institute", "shop": null, "amenity": null, "office": "educational_institution", "tourism": null, "leisure": null, "building": null, "opening_hours": "Mo-Fr 09:00-18:00", "poi_typ": "office", "dienstag_vormittag": true }, "geometry": { "type": "Point", "coordinates": [ 13.4623591, 52.5641816 ] } },
{ "type": "Feature", "properties": { "element": "node", "id": 4852664721, "name": "St. Oberholz Zehdenicker", "shop": null, "amenity": "cafe", "office": "coworking", "tourism": null, "leisure": null, "building": null, "opening_hours": "Mo-Fr 08:00-18:00; Sa-Su 10:00-16:00", "poi_typ": "amenity", "dienstag_vormittag": true }, "geometry": { "type": "Point", "coordinates": [ 13.4074888, 52.529775 ] } },
{ "type": "Feature", "properties": { "element": "node", "id": 4853308253, "name": "Berufsbekleidung 96", "shop": "clothes", "amenity": null, "office": null, "tourism": null, "leisure": null, "building": null, "opening_hours": "Mo-Fr 10:00-18:00; Sa 10:00-14:00", "poi_typ": "shop", "dienstag_vormittag": true }, "geometry": { "type": "Point", "coordinates": [ 13.4136121, 52.5601436 ] } },
{ "type": "Feature", "properties": { "element": "node", "id": 4856420625, "name": "Amazon Hub Locker", "shop": null, "amenity": "parcel_locker", "office": null, "tourism": null, "leisure": null, "building": null, "opening_hours": "24/7", "poi_typ": "amenity", "dienstag_vormittag": true }, "geometry": { "type": "Point", "coordinates": [ 13.4173638, 52.5845509 ] } },
{ "type": "Feature", "properties": { "element": "node", "id": 4858552403, "name": "Fair Schlüsseldienst Berlin", "shop": "locksmith", "amenity": null, "office": null, "tourism": null, "leisure": null, "building": null, "opening_hours": "Mo-Fr 09:00-18:00", "poi_typ": "shop", "dienstag_vormittag": true }, "geometry": { "type": "Point", "coordinates": [ 13.4111635, 52.5332396 ] } },
{ "type": "Feature", "properties": { "element": "node", "id": 4861956973, "name": "FlorisTick Am Antonplatz", "shop": "florist", "amenity": null, "office": null, "tourism": null, "leisure": null, "building": null, "opening_hours": "Mo-Fr 09:00-18:00; Sa 08:00-12:00", "poi_typ": "shop", "dienstag_vormittag": true }, "geometry": { "type": "Point", "coordinates": [ 13.4499345, 52.5476307 ] } },
{ "type": "Feature", "properties": { "element": "node", "id": 4862236921, "name": null, "shop": null, "amenity": "parcel_locker", "office": null, "tourism": null, "leisure": null, "building": null, "opening_hours": "24/7", "poi_typ": "amenity", "dienstag_vormittag": true }, "geometry": { "type": "Point", "coordinates": [ 13.4407344, 52.5414022 ] } },
{ "type": "Feature", "properties": { "element": "node", "id": 4862470679, "name": "Daddy's 100% Steak Kebap", "shop": null, "amenity": "fast_food", "office": null, "tourism": null, "leisure": null, "building": null, "opening_hours": "Mo-Su 11:00-24:00", "poi_typ": "amenity", "dienstag_vormittag": true }, "geometry": { "type": "Point", "coordinates": [ 13.4135033, 52.5478411 ] } },
{ "type": "Feature", "properties": { "element": "node", "id": 4883335488, "name": "H.D.U. Autozentrum", "shop": "car", "amenity": null, "office": null, "tourism": null, "leisure": null, "building": null, "opening_hours": "Mo-Fr 06:30-18:00; Sa 09:00-13:00", "poi_typ": "shop", "dienstag_vormittag": true }, "geometry": { "type": "Point", "coordinates": [ 13.5074072, 52.6360084 ] } },
{ "type": "Feature", "properties": { "element": "node", "id": 4895531621, "name": null, "shop": null, "amenity": "atm", "office": null, "tourism": null, "leisure": null, "building": null, "opening_hours": "24/7", "poi_typ": "amenity", "dienstag_vormittag": true }, "geometry": { "type": "Point", "coordinates": [ 13.4546808, 52.5295655 ] } },
{ "type": "Feature", "properties": { "element": "node", "id": 4912977844, "name": "Kita SEHsternTaler", "shop": null, "amenity": "childcare", "office": null, "tourism": null, "leisure": null, "building": null, "opening_hours": "Mo-Fr 07:00-17:00", "poi_typ": "amenity", "dienstag_vormittag": true }, "geometry": { "type": "Point", "coordinates": [ 13.4196963, 52.5525925 ] } },
{ "type": "Feature", "properties": { "element": "node", "id": 4914807610, "name": "Euronet", "shop": null, "amenity": "atm", "office": null, "tourism": null, "leisure": null, "building": null, "opening_hours": "24/7", "poi_typ": "amenity", "dienstag_vormittag": true }, "geometry": { "type": "Point", "coordinates": [ 13.4092855, 52.5289792 ] } },
{ "type": "Feature", "properties": { "element": "node", "id": 4916201383, "name": "Shop & Go", "shop": "tobacco", "amenity": null, "office": null, "tourism": null, "leisure": null, "building": null, "opening_hours": "Mo-Su 08:00-22:00", "poi_typ": "shop", "dienstag_vormittag": true }, "geometry": { "type": "Point", "coordinates": [ 13.4884132, 52.6180535 ] } },
{ "type": "Feature", "properties": { "element": "node", "id": 4917130421, "name": "Korean Food Stories", "shop": null, "amenity": "restaurant", "office": null, "tourism": null, "leisure": null, "building": null, "opening_hours": "Mo-Fr 11:30-16:00, Fr 18:30-22:00", "poi_typ": "amenity", "dienstag_vormittag": true }, "geometry": { "type": "Point", "coordinates": [ 13.4213756, 52.5350828 ] } },
{ "type": "Feature", "properties": { "element": "node", "id": 4932259550, "name": "Zeha", "shop": "shoes", "amenity": null, "office": null, "tourism": null, "leisure": null, "building": null, "opening_hours": "Mo-Fr 11:00-19:00; Sa 10:00-18:00; Su,PH off", "poi_typ": "shop", "dienstag_vormittag": true }, "geometry": { "type": "Point", "coordinates": [ 13.4219857, 52.5360684 ] } },
{ "type": "Feature", "properties": { "element": "node", "id": 4934767991, "name": "Cafè Bäckerei & Eis", "shop": null, "amenity": "cafe", "office": null, "tourism": null, "leisure": null, "building": null, "opening_hours": "Mo-Fr 06:00-18:00; Sa-Su 07:00-18:00", "poi_typ": "amenity", "dienstag_vormittag": true }, "geometry": { "type": "Point", "coordinates": [ 13.4085311, 52.5544076 ] } },
{ "type": "Feature", "properties": { "element": "node", "id": 4935172691, "name": "Festool", "shop": "hardware", "amenity": null, "office": null, "tourism": null, "leisure": null, "building": null, "opening_hours": "Mo-Fr 07:30-18:00", "poi_typ": "shop", "dienstag_vormittag": true }, "geometry": { "type": "Point", "coordinates": [ 13.4575505, 52.524333 ] } },
{ "type": "Feature", "properties": { "element": "node", "id": 4938816062, "name": "Very Important Accessories", "shop": "clothes", "amenity": null, "office": null, "tourism": null, "leisure": null, "building": null, "opening_hours": "Mo-Fr 11:00-19:00; Sa 11:00-18:00; Su,PH off", "poi_typ": "shop", "dienstag_vormittag": true }, "geometry": { "type": "Point", "coordinates": [ 13.4116738, 52.5393683 ] } },
{ "type": "Feature", "properties": { "element": "node", "id": 4946188506, "name": "Euronet", "shop": null, "amenity": "atm", "office": null, "tourism": null, "leisure": null, "building": null, "opening_hours": "24/7", "poi_typ": "amenity", "dienstag_vormittag": true }, "geometry": { "type": "Point", "coordinates": [ 13.4116814, 52.5474174 ] } },
{ "type": "Feature", "properties": { "element": "node", "id": 4946191839, "name": "Euronet", "shop": null, "amenity": "atm", "office": null, "tourism": null, "leisure": null, "building": null, "opening_hours": "24/7", "poi_typ": "amenity", "dienstag_vormittag": true }, "geometry": { "type": "Point", "coordinates": [ 13.410963, 52.528713 ] } },
{ "type": "Feature", "properties": { "element": "node", "id": 4960581939, "name": "Euronet", "shop": null, "amenity": "atm", "office": null, "tourism": null, "leisure": null, "building": null, "opening_hours": "24/7", "poi_typ": "amenity", "dienstag_vormittag": true }, "geometry": { "type": "Point", "coordinates": [ 13.410986, 52.530749 ] } },
{ "type": "Feature", "properties": { "element": "node", "id": 4960582721, "name": "Euronet", "shop": null, "amenity": "atm", "office": null, "tourism": null, "leisure": null, "building": null, "opening_hours": "24/7", "poi_typ": "amenity", "dienstag_vormittag": true }, "geometry": { "type": "Point", "coordinates": [ 13.410197, 52.529443 ] } },
{ "type": "Feature", "properties": { "element": "node", "id": 4969915634, "name": "Komm & Sieh Kiezladen Malmöer", "shop": "second_hand", "amenity": null, "office": null, "tourism": null, "leisure": null, "building": null, "opening_hours": "Mo-Fr 12:00-18:00; Sa 10:00-16:00", "poi_typ": "shop", "dienstag_vormittag": true }, "geometry": { "type": "Point", "coordinates": [ 13.4042033, 52.5506485 ] } },
{ "type": "Feature", "properties": { "element": "node", "id": 4986847964, "name": "audibene GmbH", "shop": null, "amenity": null, "office": "company", "tourism": null, "leisure": null, "building": null, "opening_hours": "Mo-Fr 09:00-18:00", "poi_typ": "office", "dienstag_vormittag": true }, "geometry": { "type": "Point", "coordinates": [ 13.4131444, 52.54316 ] } },
{ "type": "Feature", "properties": { "element": "node", "id": 5001628773, "name": "designupdate.de", "shop": "interior_decoration", "amenity": null, "office": null, "tourism": null, "leisure": null, "building": null, "opening_hours": "Mo-Fr 11:00-19:00; Sa 11:00-18:00", "poi_typ": "shop", "dienstag_vormittag": true }, "geometry": { "type": "Point", "coordinates": [ 13.4307725, 52.5322693 ] } },
{ "type": "Feature", "properties": { "element": "node", "id": 5003699414, "name": "Meindentist", "shop": null, "amenity": "dentist", "office": null, "tourism": null, "leisure": null, "building": null, "opening_hours": "Mo-Fr 08:00-20:00; Sa 09:00-15:00", "poi_typ": "amenity", "dienstag_vormittag": true }, "geometry": { "type": "Point", "coordinates": [ 13.417862, 52.5358288 ] } },
{ "type": "Feature", "properties": { "element": "node", "id": 5003699714, "name": "Kinderdentist", "shop": null, "amenity": "dentist", "office": null, "tourism": null, "leisure": null, "building": null, "opening_hours": "Mo-Fr 08:00-20:00; Sa 09:00-15:00", "poi_typ": "amenity", "dienstag_vormittag": true }, "geometry": { "type": "Point", "coordinates": [ 13.4179436, 52.5359012 ] } },
{ "type": "Feature", "properties": { "element": "node", "id": 5045475385, "name": "Bäckerei 15", "shop": "bakery", "amenity": null, "office": null, "tourism": null, "leisure": null, "building": null, "opening_hours": "Mo-Fr 09:00-18:00; Sa 09:00-16:00", "poi_typ": "shop", "dienstag_vormittag": true }, "geometry": { "type": "Point", "coordinates": [ 13.4275889, 52.5480418 ] } },
{ "type": "Feature", "properties": { "element": "node", "id": 5045475386, "name": null, "shop": "tailor", "amenity": null, "office": null, "tourism": null, "leisure": null, "building": null, "opening_hours": "Mo-Fr 13:00-18:00; Sa 10:00-18:00", "poi_typ": "shop", "dienstag_vormittag": true }, "geometry": { "type": "Point", "coordinates": [ 13.4275112, 52.5480679 ] } },
{ "type": "Feature", "properties": { "element": "node", "id": 5045475390, "name": "Textilpflege", "shop": "dry_cleaning", "amenity": null, "office": null, "tourism": null, "leisure": null, "building": null, "opening_hours": "Mo-Fr 09:00-18:00; Sa 09:00-13:00", "poi_typ": "shop", "dienstag_vormittag": true }, "geometry": { "type": "Point", "coordinates": [ 13.4277767, 52.5479741 ] } },
{ "type": "Feature", "properties": { "element": "node", "id": 5071092014, "name": "Pizza la Pizza", "shop": null, "amenity": "restaurant", "office": null, "tourism": null, "leisure": null, "building": null, "opening_hours": "Mo-Fr 11:00-22:00; Su 11:00-22:00", "poi_typ": "amenity", "dienstag_vormittag": true }, "geometry": { "type": "Point", "coordinates": [ 13.4129993, 52.5648827 ] } },
{ "type": "Feature", "properties": { "element": "node", "id": 5090019016, "name": "Tierarztpraxis", "shop": null, "amenity": "veterinary", "office": null, "tourism": null, "leisure": null, "building": null, "opening_hours": "Mo-Fr 09:00-11:00, Mo,Tu,Th,Fr 16:00-18:00, Sa 10:00-12:00", "poi_typ": "amenity", "dienstag_vormittag": true }, "geometry": { "type": "Point", "coordinates": [ 13.4513273, 52.5488636 ] } },
{ "type": "Feature", "properties": { "element": "node", "id": 5096094904, "name": "Euronet", "shop": null, "amenity": "atm", "office": null, "tourism": null, "leisure": null, "building": null, "opening_hours": "24/7", "poi_typ": "amenity", "dienstag_vormittag": true }, "geometry": { "type": "Point", "coordinates": [ 13.412976, 52.547467 ] } },
{ "type": "Feature", "properties": { "element": "node", "id": 5098075563, "name": null, "shop": null, "amenity": "charging_station", "office": null, "tourism": null, "leisure": null, "building": null, "opening_hours": "24/7", "poi_typ": "amenity", "dienstag_vormittag": true }, "geometry": { "type": "Point", "coordinates": [ 13.441621, 52.5310161 ] } },
{ "type": "Feature", "properties": { "element": "node", "id": 5098139041, "name": null, "shop": null, "amenity": "charging_station", "office": null, "tourism": null, "leisure": null, "building": null, "opening_hours": "24/7", "poi_typ": "amenity", "dienstag_vormittag": true }, "geometry": { "type": "Point", "coordinates": [ 13.4416533, 52.5310084 ] } },
{ "type": "Feature", "properties": { "element": "node", "id": 5109099522, "name": "Bäckerei Schnell", "shop": "bakery", "amenity": null, "office": null, "tourism": null, "leisure": null, "building": null, "opening_hours": "Mo-Fr 06:30-18:30; Sa 06:30-17:00; Su 07:00-17:00", "poi_typ": "shop", "dienstag_vormittag": true }, "geometry": { "type": "Point", "coordinates": [ 13.4525351, 52.5484652 ] } },
{ "type": "Feature", "properties": { "element": "node", "id": 5111721851, "name": null, "shop": null, "amenity": "charging_station", "office": null, "tourism": null, "leisure": null, "building": null, "opening_hours": "24/7", "poi_typ": "amenity", "dienstag_vormittag": true }, "geometry": { "type": "Point", "coordinates": [ 13.4069011, 52.5397044 ] } },
{ "type": "Feature", "properties": { "element": "node", "id": 5126384319, "name": "Friseure by Gardi", "shop": "hairdresser", "amenity": null, "office": null, "tourism": null, "leisure": null, "building": null, "opening_hours": "Mo-Fr 09:00-19:00; Sa 09:00-14:00", "poi_typ": "shop", "dienstag_vormittag": true }, "geometry": { "type": "Point", "coordinates": [ 13.4138363, 52.5589886 ] } },
{ "type": "Feature", "properties": { "element": "node", "id": 5137239554, "name": "Euronet", "shop": null, "amenity": "atm", "office": null, "tourism": null, "leisure": null, "building": null, "opening_hours": "24/7", "poi_typ": "amenity", "dienstag_vormittag": true }, "geometry": { "type": "Point", "coordinates": [ 13.4137488, 52.5520311 ] } },
{ "type": "Feature", "properties": { "element": "node", "id": 5137241620, "name": "Euronet", "shop": null, "amenity": "atm", "office": null, "tourism": null, "leisure": null, "building": null, "opening_hours": "24/7", "poi_typ": "amenity", "dienstag_vormittag": true }, "geometry": { "type": "Point", "coordinates": [ 13.4139196, 52.5526169 ] } },
{ "type": "Feature", "properties": { "element": "node", "id": 5151479191, "name": "Euronet", "shop": null, "amenity": "atm", "office": null, "tourism": null, "leisure": null, "building": null, "opening_hours": "24/7", "poi_typ": "amenity", "dienstag_vormittag": true }, "geometry": { "type": "Point", "coordinates": [ 13.41392, 52.548478 ] } },
{ "type": "Feature", "properties": { "element": "node", "id": 5163897581, "name": "Wiener Feinbäcker Heberer", "shop": "bakery", "amenity": null, "office": null, "tourism": null, "leisure": null, "building": null, "opening_hours": "Mo-Fr 06:00-19:00; Sa 08:00-18:00; Su 08:00-15:00", "poi_typ": "shop", "dienstag_vormittag": true }, "geometry": { "type": "Point", "coordinates": [ 13.4102624, 52.5288227 ] } },
{ "type": "Feature", "properties": { "element": "node", "id": 5168728119, "name": "Edelweiss Apotheke", "shop": null, "amenity": "pharmacy", "office": null, "tourism": null, "leisure": null, "building": null, "opening_hours": "Mo-Fr 08:00-18:30; Sa 08:00-13:00; Su,PH off", "poi_typ": "amenity", "dienstag_vormittag": true }, "geometry": { "type": "Point", "coordinates": [ 13.3682051, 52.5869484 ] } },
{ "type": "Feature", "properties": { "element": "node", "id": 5172965734, "name": "Änderungsschneiderei", "shop": "kiosk", "amenity": null, "office": null, "tourism": null, "leisure": null, "building": null, "opening_hours": "Mo-Fr 08:00-18:00; Sa 08:00-12:00", "poi_typ": "shop", "dienstag_vormittag": true }, "geometry": { "type": "Point", "coordinates": [ 13.4234644, 52.577723 ] } },
{ "type": "Feature", "properties": { "element": "node", "id": 5211783593, "name": "Bettenprofi", "shop": "bed", "amenity": null, "office": null, "tourism": null, "leisure": null, "building": null, "opening_hours": "Mo-Fr 10:00-18:00; Sa 10:00-14:00", "poi_typ": "shop", "dienstag_vormittag": true }, "geometry": { "type": "Point", "coordinates": [ 13.398583, 52.5801612 ] } },
{ "type": "Feature", "properties": { "element": "node", "id": 5222154373, "name": "Pizza Max", "shop": null, "amenity": "fast_food", "office": null, "tourism": null, "leisure": null, "building": null, "opening_hours": "Mo-Su 11:30-23:30", "poi_typ": "amenity", "dienstag_vormittag": true }, "geometry": { "type": "Point", "coordinates": [ 13.4228282, 52.5309326 ] } },
{ "type": "Feature", "properties": { "element": "node", "id": 5222154375, "name": "Berufsbekleidung", "shop": "clothes", "amenity": null, "office": null, "tourism": null, "leisure": null, "building": null, "opening_hours": "Mo-Fr 09:00-18:00; Sa 09:00-13:00", "poi_typ": "shop", "dienstag_vormittag": true }, "geometry": { "type": "Point", "coordinates": [ 13.4251692, 52.5289742 ] } },
{ "type": "Feature", "properties": { "element": "node", "id": 5223291558, "name": "Just For The Boys", "shop": "clothes", "amenity": null, "office": null, "tourism": null, "leisure": null, "building": null, "opening_hours": "Mo-Fr 12:00-20:00; Sa 11:00-20:00", "poi_typ": "shop", "dienstag_vormittag": true }, "geometry": { "type": "Point", "coordinates": [ 13.4232817, 52.5412681 ] } },
{ "type": "Feature", "properties": { "element": "node", "id": 5255259069, "name": "dm", "shop": "chemist", "amenity": null, "office": null, "tourism": null, "leisure": null, "building": null, "opening_hours": "Mo-Fr 08:30-21:00; Sa 09:00-21:00; PH off", "poi_typ": "shop", "dienstag_vormittag": true }, "geometry": { "type": "Point", "coordinates": [ 13.4564947, 52.5289677 ] } },
{ "type": "Feature", "properties": { "element": "node", "id": 5264969007, "name": "ReSales Secondhand", "shop": "clothes", "amenity": null, "office": null, "tourism": null, "leisure": null, "building": null, "opening_hours": "Mo-Fr 10:00-19:00; Sa 10:00-16:00", "poi_typ": "shop", "dienstag_vormittag": true }, "geometry": { "type": "Point", "coordinates": [ 13.4281319, 52.5475532 ] } },
{ "type": "Feature", "properties": { "element": "node", "id": 5266816861, "name": "Apotheke am Weißen See", "shop": null, "amenity": "pharmacy", "office": null, "tourism": null, "leisure": null, "building": null, "opening_hours": "Mo-Fr 08:30-18:00", "poi_typ": "amenity", "dienstag_vormittag": true }, "geometry": { "type": "Point", "coordinates": [ 13.4674421, 52.5531267 ] } },
{ "type": "Feature", "properties": { "element": "node", "id": 5268202725, "name": "Kfz-Meisterbetrieb Günter Winkler", "shop": "car_repair", "amenity": null, "office": null, "tourism": null, "leisure": null, "building": null, "opening_hours": "Mo-Fr 08:00-17:00", "poi_typ": "shop", "dienstag_vormittag": true }, "geometry": { "type": "Point", "coordinates": [ 13.4715537, 52.5554108 ] } },
{ "type": "Feature", "properties": { "element": "node", "id": 5270717024, "name": "yoko Sushi", "shop": null, "amenity": "fast_food", "office": null, "tourism": null, "leisure": null, "building": null, "opening_hours": "Mo-Fr 11:00-21:30; PH,Sa,Su 12:00-21:30", "poi_typ": "amenity", "dienstag_vormittag": true }, "geometry": { "type": "Point", "coordinates": [ 13.430472, 52.533572 ] } },
{ "type": "Feature", "properties": { "element": "node", "id": 5277613738, "name": null, "shop": null, "amenity": "atm", "office": null, "tourism": null, "leisure": null, "building": null, "opening_hours": "24/7", "poi_typ": "amenity", "dienstag_vormittag": true }, "geometry": { "type": "Point", "coordinates": [ 13.4122443, 52.5477622 ] } },
{ "type": "Feature", "properties": { "element": "node", "id": 5277830484, "name": "Euronet", "shop": null, "amenity": "atm", "office": null, "tourism": null, "leisure": null, "building": null, "opening_hours": "24/7", "poi_typ": "amenity", "dienstag_vormittag": true }, "geometry": { "type": "Point", "coordinates": [ 13.414714, 52.549574 ] } },
{ "type": "Feature", "properties": { "element": "node", "id": 5291794085, "name": "Euronet", "shop": null, "amenity": "atm", "office": null, "tourism": null, "leisure": null, "building": null, "opening_hours": "24/7", "poi_typ": "amenity", "dienstag_vormittag": true }, "geometry": { "type": "Point", "coordinates": [ 13.405263, 52.5514601 ] } },
{ "type": "Feature", "properties": { "element": "node", "id": 5296054903, "name": "Kita Sternenburg", "shop": null, "amenity": "kindergarten", "office": null, "tourism": null, "leisure": null, "building": null, "opening_hours": "Mo-Fr 07:00-17:00", "poi_typ": "amenity", "dienstag_vormittag": true }, "geometry": { "type": "Point", "coordinates": [ 13.3719988, 52.5856494 ] } },
{ "type": "Feature", "properties": { "element": "node", "id": 5308572350, "name": "Kosmetikstudio Marion Wegner", "shop": "tattoo", "amenity": null, "office": null, "tourism": null, "leisure": null, "building": null, "opening_hours": "Mo-Fr 09:00-20:00", "poi_typ": "shop", "dienstag_vormittag": true }, "geometry": { "type": "Point", "coordinates": [ 13.4172127, 52.5542175 ] } },
{ "type": "Feature", "properties": { "element": "node", "id": 5326151790, "name": "Tierarztpraxis Lenk", "shop": null, "amenity": "veterinary", "office": null, "tourism": null, "leisure": null, "building": null, "opening_hours": "Mo-Fr 08:00-19:00, Sa 09:00-18:00, Su 10:00-18:00", "poi_typ": "amenity", "dienstag_vormittag": true }, "geometry": { "type": "Point", "coordinates": [ 13.408248, 52.5502349 ] } },
{ "type": "Feature", "properties": { "element": "node", "id": 5335936340, "name": null, "shop": null, "amenity": "vending_machine", "office": null, "tourism": null, "leisure": null, "building": null, "opening_hours": "24/7", "poi_typ": "amenity", "dienstag_vormittag": true }, "geometry": { "type": "Point", "coordinates": [ 13.4067438, 52.5512955 ] } },
{ "type": "Feature", "properties": { "element": "node", "id": 5337185824, "name": null, "shop": null, "amenity": "vending_machine", "office": null, "tourism": null, "leisure": null, "building": null, "opening_hours": "24/7", "poi_typ": "amenity", "dienstag_vormittag": true }, "geometry": { "type": "Point", "coordinates": [ 13.4104285, 52.5514499 ] } },
{ "type": "Feature", "properties": { "element": "node", "id": 5337367244, "name": "Lotus Shop", "shop": "clothes", "amenity": null, "office": null, "tourism": null, "leisure": null, "building": null, "opening_hours": "Mo-Fr 09:30-18:30, Sa 09:00-14:30", "poi_typ": "shop", "dienstag_vormittag": true }, "geometry": { "type": "Point", "coordinates": [ 13.4106059, 52.5507243 ] } },
{ "type": "Feature", "properties": { "element": "node", "id": 5337406378, "name": "Mr. Fox", "shop": "hairdresser", "amenity": null, "office": null, "tourism": null, "leisure": null, "building": null, "opening_hours": "Mo-Fr 10:00-20:00; Sa 09:00-18:00", "poi_typ": "shop", "dienstag_vormittag": true }, "geometry": { "type": "Point", "coordinates": [ 13.4124734, 52.5505683 ] } },
{ "type": "Feature", "properties": { "element": "node", "id": 5337844440, "name": null, "shop": null, "amenity": "vending_machine", "office": null, "tourism": null, "leisure": null, "building": null, "opening_hours": "24/7", "poi_typ": "amenity", "dienstag_vormittag": true }, "geometry": { "type": "Point", "coordinates": [ 13.4067845, 52.5511221 ] } },
{ "type": "Feature", "properties": { "element": "node", "id": 5337844441, "name": null, "shop": null, "amenity": "vending_machine", "office": null, "tourism": null, "leisure": null, "building": null, "opening_hours": "24/7", "poi_typ": "amenity", "dienstag_vormittag": true }, "geometry": { "type": "Point", "coordinates": [ 13.4064331, 52.5510798 ] } },
{ "type": "Feature", "properties": { "element": "node", "id": 5337844443, "name": "Debeka", "shop": null, "amenity": null, "office": "insurance", "tourism": null, "leisure": null, "building": null, "opening_hours": "Mo-Fr 10:00-16:00", "poi_typ": "office", "dienstag_vormittag": true }, "geometry": { "type": "Point", "coordinates": [ 13.4070071, 52.550955 ] } },
{ "type": "Feature", "properties": { "element": "node", "id": 5339286107, "name": null, "shop": null, "amenity": "vending_machine", "office": null, "tourism": null, "leisure": null, "building": null, "opening_hours": "24/7", "poi_typ": "amenity", "dienstag_vormittag": true }, "geometry": { "type": "Point", "coordinates": [ 13.4055097, 52.5508298 ] } },
{ "type": "Feature", "properties": { "element": "node", "id": 5351286158, "name": "freenet", "shop": "telecommunication", "amenity": null, "office": null, "tourism": null, "leisure": null, "building": null, "opening_hours": "Mo-Fr 09:30-19:00; Sa 10:00-17:00", "poi_typ": "shop", "dienstag_vormittag": true }, "geometry": { "type": "Point", "coordinates": [ 13.4143777, 52.5509851 ] } },
{ "type": "Feature", "properties": { "element": "node", "id": 5354875575, "name": null, "shop": null, "amenity": "vending_machine", "office": null, "tourism": null, "leisure": null, "building": null, "opening_hours": "24/7", "poi_typ": "amenity", "dienstag_vormittag": true }, "geometry": { "type": "Point", "coordinates": [ 13.4038884, 52.550714 ] } },
{ "type": "Feature", "properties": { "element": "node", "id": 5354875577, "name": null, "shop": null, "amenity": "vending_machine", "office": null, "tourism": null, "leisure": null, "building": null, "opening_hours": "24/7", "poi_typ": "amenity", "dienstag_vormittag": true }, "geometry": { "type": "Point", "coordinates": [ 13.4043728, 52.5500109 ] } },
{ "type": "Feature", "properties": { "element": "node", "id": 5354951068, "name": "Samer Café", "shop": null, "amenity": "cafe", "office": null, "tourism": null, "leisure": null, "building": null, "opening_hours": "Mo-Fr 08:00-14:00; Sa,Su 10:00-14:00", "poi_typ": "amenity", "dienstag_vormittag": true }, "geometry": { "type": "Point", "coordinates": [ 13.4084651, 52.5474023 ] } },
{ "type": "Feature", "properties": { "element": "node", "id": 5354951069, "name": "Weissbär", "shop": "electronics", "amenity": null, "office": null, "tourism": null, "leisure": null, "building": null, "opening_hours": "Mo-Fr 09:00-18:00; Sa 09:00-14:00", "poi_typ": "shop", "dienstag_vormittag": true }, "geometry": { "type": "Point", "coordinates": [ 13.4082293, 52.5473715 ] } },
{ "type": "Feature", "properties": { "element": "node", "id": 5357223701, "name": "Aiyara Thaimassage", "shop": "massage", "amenity": null, "office": null, "tourism": null, "leisure": null, "building": null, "opening_hours": "Mo-Fr 10:00-19:00; Sa 10:00-19:00", "poi_typ": "shop", "dienstag_vormittag": true }, "geometry": { "type": "Point", "coordinates": [ 13.4122536, 52.5588489 ] } },
{ "type": "Feature", "properties": { "element": "node", "id": 5357470034, "name": "Tierarztpraxis am Mauerpark", "shop": null, "amenity": "veterinary", "office": null, "tourism": null, "leisure": null, "building": null, "opening_hours": "Mo-Fr 09:00-19:00", "poi_typ": "amenity", "dienstag_vormittag": true }, "geometry": { "type": "Point", "coordinates": [ 13.4082736, 52.5470756 ] } },
{ "type": "Feature", "properties": { "element": "node", "id": 5359496734, "name": "Woitha", "shop": "fireplace", "amenity": null, "office": null, "tourism": null, "leisure": null, "building": null, "opening_hours": "Mo-Fr 10:00-16:00; \"by appointment\"", "poi_typ": "shop", "dienstag_vormittag": true }, "geometry": { "type": "Point", "coordinates": [ 13.4070037, 52.5469694 ] } },
{ "type": "Feature", "properties": { "element": "node", "id": 5370108759, "name": "BurgerVision", "shop": null, "amenity": "fast_food", "office": null, "tourism": null, "leisure": null, "building": null, "opening_hours": "Mo-Fr 11:30-23:00; Sa-Su 12:00-23:00", "poi_typ": "amenity", "dienstag_vormittag": true }, "geometry": { "type": "Point", "coordinates": [ 13.4109499, 52.5476223 ] } },
{ "type": "Feature", "properties": { "element": "node", "id": 5386152279, "name": "dean&david", "shop": null, "amenity": "fast_food", "office": null, "tourism": null, "leisure": null, "building": null, "opening_hours": "Mo-Fr 08:00-21:30; Sa 10:00-21:30; Su,PH 12:00-20:30", "poi_typ": "amenity", "dienstag_vormittag": true }, "geometry": { "type": "Point", "coordinates": [ 13.4141921, 52.5498034 ] } },
{ "type": "Feature", "properties": { "element": "node", "id": 5386168001, "name": "Himalaya", "shop": "clothes", "amenity": null, "office": null, "tourism": null, "leisure": null, "building": null, "opening_hours": "Mo-Fr 10:00-19:00; Sa 10:00-18:00", "poi_typ": "shop", "dienstag_vormittag": true }, "geometry": { "type": "Point", "coordinates": [ 13.4138979, 52.5482421 ] } },
{ "type": "Feature", "properties": { "element": "node", "id": 5386197740, "name": "Grützmacher", "shop": "jewelry", "amenity": null, "office": null, "tourism": null, "leisure": null, "building": null, "opening_hours": "Mo-Fr 10:00-19:00; Sa 10:00-18:00", "poi_typ": "shop", "dienstag_vormittag": true }, "geometry": { "type": "Point", "coordinates": [ 13.4140608, 52.5491293 ] } },
{ "type": "Feature", "properties": { "element": "node", "id": 5386208150, "name": "DER Reisebüro", "shop": "travel_agency", "amenity": null, "office": null, "tourism": null, "leisure": null, "building": null, "opening_hours": "Mo-Fr 10:00-19:00; Sa 10:00-14:00", "poi_typ": "shop", "dienstag_vormittag": true }, "geometry": { "type": "Point", "coordinates": [ 13.4142497, 52.5501441 ] } },
{ "type": "Feature", "properties": { "element": "node", "id": 5386292083, "name": "Thanh Long", "shop": null, "amenity": "restaurant", "office": null, "tourism": null, "leisure": null, "building": null, "opening_hours": "Mo-Su 11:00-23:00", "poi_typ": "amenity", "dienstag_vormittag": true }, "geometry": { "type": "Point", "coordinates": [ 13.4139149, 52.5527756 ] } },
{ "type": "Feature", "properties": { "element": "node", "id": 5386304795, "name": "Tabakfreund", "shop": "tobacco", "amenity": null, "office": null, "tourism": null, "leisure": null, "building": null, "opening_hours": "Mo-Fr 07:00-20:00, Sa 07:00-18:00", "poi_typ": "shop", "dienstag_vormittag": true }, "geometry": { "type": "Point", "coordinates": [ 13.4140162, 52.55328 ] } },
{ "type": "Feature", "properties": { "element": "node", "id": 5386318840, "name": "Safama Afro Shop", "shop": "beauty", "amenity": null, "office": null, "tourism": null, "leisure": null, "building": null, "opening_hours": "Mo-Fr 11:00-20:00; Sa 11:00-19:00", "poi_typ": "shop", "dienstag_vormittag": true }, "geometry": { "type": "Point", "coordinates": [ 13.4130013, 52.5534914 ] } },
{ "type": "Feature", "properties": { "element": "node", "id": 5386387402, "name": null, "shop": null, "amenity": "charging_station", "office": null, "tourism": null, "leisure": null, "building": null, "opening_hours": "24/7", "poi_typ": "amenity", "dienstag_vormittag": true }, "geometry": { "type": "Point", "coordinates": [ 13.4085118, 52.5537431 ] } },
{ "type": "Feature", "properties": { "element": "node", "id": 5386945871, "name": null, "shop": null, "amenity": "charging_station", "office": null, "tourism": null, "leisure": null, "building": null, "opening_hours": "24/7", "poi_typ": "amenity", "dienstag_vormittag": true }, "geometry": { "type": "Point", "coordinates": [ 13.4123198, 52.5487121 ] } },
{ "type": "Feature", "properties": { "element": "node", "id": 5389556459, "name": null, "shop": null, "amenity": "atm", "office": null, "tourism": null, "leisure": null, "building": null, "opening_hours": "24/7", "poi_typ": "amenity", "dienstag_vormittag": true }, "geometry": { "type": "Point", "coordinates": [ 13.4940845, 52.6356122 ] } },
{ "type": "Feature", "properties": { "element": "node", "id": 5403969402, "name": "Ezzpresso", "shop": null, "amenity": "cafe", "office": null, "tourism": null, "leisure": null, "building": null, "opening_hours": "Mo-Fr 06:30-18:30; Sa-Su 08:00-17:00", "poi_typ": "amenity", "dienstag_vormittag": true }, "geometry": { "type": "Point", "coordinates": [ 13.4045738, 52.5533772 ] } },
{ "type": "Feature", "properties": { "element": "node", "id": 5417413758, "name": "Mobileur Ladengeschäft", "shop": "furniture", "amenity": null, "office": null, "tourism": null, "leisure": null, "building": null, "opening_hours": "Mo-Fr 11:00-19:00; Sa 11:00-18:00", "poi_typ": "shop", "dienstag_vormittag": true }, "geometry": { "type": "Point", "coordinates": [ 13.4123141, 52.5451519 ] } },
{ "type": "Feature", "properties": { "element": "node", "id": 5435756522, "name": "Sunpoint", "shop": "beauty", "amenity": null, "office": null, "tourism": null, "leisure": null, "building": null, "opening_hours": "Sa 08:00-19:00; Su,PH 10:00-18:00; Mo-Fr 09:00-21:00", "poi_typ": "shop", "dienstag_vormittag": true }, "geometry": { "type": "Point", "coordinates": [ 13.4136844, 52.5596 ] } },
{ "type": "Feature", "properties": { "element": "node", "id": 5436064207, "name": "Kindertagesstätte Melodiekiste", "shop": null, "amenity": "kindergarten", "office": null, "tourism": null, "leisure": null, "building": null, "opening_hours": "Mo-Fr 06:00-17:00", "poi_typ": "amenity", "dienstag_vormittag": true }, "geometry": { "type": "Point", "coordinates": [ 13.4013844, 52.5884009 ] } },
{ "type": "Feature", "properties": { "element": "node", "id": 5460524479, "name": "Familienzentrum im Bucher Bürgerhaus", "shop": null, "amenity": "community_centre", "office": null, "tourism": null, "leisure": null, "building": null, "opening_hours": "Mo-Fr 10:00-13:00, Tu-Th 15:00-18:00; PH off", "poi_typ": "amenity", "dienstag_vormittag": true }, "geometry": { "type": "Point", "coordinates": [ 13.4959551, 52.632509 ] } },
{ "type": "Feature", "properties": { "element": "node", "id": 5471136068, "name": "Anderland", "shop": null, "amenity": "kindergarten", "office": null, "tourism": null, "leisure": null, "building": null, "opening_hours": "Mo-Fr 07:00-17:00", "poi_typ": "amenity", "dienstag_vormittag": true }, "geometry": { "type": "Point", "coordinates": [ 13.4279204, 52.5532055 ] } },
{ "type": "Feature", "properties": { "element": "node", "id": 5471156337, "name": "Salzig & Süss", "shop": null, "amenity": "cafe", "office": null, "tourism": null, "leisure": null, "building": null, "opening_hours": "Mo-Fr 06:00-18:00; Sa,Su,PH 07:30-16:00", "poi_typ": "amenity", "dienstag_vormittag": true }, "geometry": { "type": "Point", "coordinates": [ 13.4219758, 52.5549666 ] } },
{ "type": "Feature", "properties": { "element": "node", "id": 5471345775, "name": "Center Apotheke", "shop": null, "amenity": "pharmacy", "office": null, "tourism": null, "leisure": null, "building": null, "opening_hours": "Mo-Fr 08:30-19:00; Sa 08:30-14:00", "poi_typ": "amenity", "dienstag_vormittag": true }, "geometry": { "type": "Point", "coordinates": [ 13.422458, 52.5609831 ] } },
{ "type": "Feature", "properties": { "element": "node", "id": 5471345776, "name": "Mäc-Geiz", "shop": "variety_store", "amenity": null, "office": null, "tourism": null, "leisure": null, "building": null, "opening_hours": "Mo-Fr 09:00-19:00; Sa 09:00-17:00", "poi_typ": "shop", "dienstag_vormittag": true }, "geometry": { "type": "Point", "coordinates": [ 13.4228952, 52.5612032 ] } },
{ "type": "Feature", "properties": { "element": "node", "id": 5480900122, "name": "Klung Klung", "shop": "furniture", "amenity": null, "office": null, "tourism": null, "leisure": null, "building": null, "opening_hours": "Mo-Fr 12:00-18:00; Sa 11:00-14:00", "poi_typ": "shop", "dienstag_vormittag": true }, "geometry": { "type": "Point", "coordinates": [ 13.4195577, 52.5349401 ] } },
{ "type": "Feature", "properties": { "element": "node", "id": 5484600138, "name": null, "shop": null, "amenity": "atm", "office": null, "tourism": null, "leisure": null, "building": null, "opening_hours": "24/7", "poi_typ": "amenity", "dienstag_vormittag": true }, "geometry": { "type": "Point", "coordinates": [ 13.4127336, 52.5437425 ] } },
{ "type": "Feature", "properties": { "element": "node", "id": 5486628642, "name": "Cheburashka", "shop": null, "amenity": "kindergarten", "office": null, "tourism": null, "leisure": null, "building": null, "opening_hours": "Mo-Fr 08:00-18:00", "poi_typ": "amenity", "dienstag_vormittag": true }, "geometry": { "type": "Point", "coordinates": [ 13.4223535, 52.5549139 ] } },
{ "type": "Feature", "properties": { "element": "node", "id": 5491405621, "name": "Brammibal's Donuts", "shop": null, "amenity": "cafe", "office": null, "tourism": null, "leisure": null, "building": null, "opening_hours": "Mo-Su,PH 10:00-20:00", "poi_typ": "amenity", "dienstag_vormittag": true }, "geometry": { "type": "Point", "coordinates": [ 13.4230138, 52.5396174 ] } },
{ "type": "Feature", "properties": { "element": "node", "id": 5514520745, "name": "Jacqueline Stolz Haare Make-Up", "shop": "hairdresser", "amenity": null, "office": null, "tourism": null, "leisure": null, "building": null, "opening_hours": "Mo-Su 09:00-21:00", "poi_typ": "shop", "dienstag_vormittag": true }, "geometry": { "type": "Point", "coordinates": [ 13.4068271, 52.5655726 ] } },
{ "type": "Feature", "properties": { "element": "node", "id": 5515324703, "name": "Goldesel", "shop": "bookmaker", "amenity": null, "office": null, "tourism": null, "leisure": null, "building": null, "opening_hours": "Mo-Fr 12:00-23:00; Sa,Su 11:00-23:00", "poi_typ": "shop", "dienstag_vormittag": true }, "geometry": { "type": "Point", "coordinates": [ 13.450767, 52.527596 ] } },
{ "type": "Feature", "properties": { "element": "node", "id": 5559462219, "name": "Cilola", "shop": "beauty", "amenity": null, "office": null, "tourism": null, "leisure": null, "building": null, "opening_hours": "Mo-Fr 10:00-20:00", "poi_typ": "shop", "dienstag_vormittag": true }, "geometry": { "type": "Point", "coordinates": [ 13.4207084, 52.5378397 ] } },
{ "type": "Feature", "properties": { "element": "node", "id": 5559463121, "name": "Tom Shot", "shop": "jewelry", "amenity": null, "office": null, "tourism": null, "leisure": null, "building": null, "opening_hours": "Mo-Fr 11:00-19:00; Sa 11:00-18:00; Su closed", "poi_typ": "shop", "dienstag_vormittag": true }, "geometry": { "type": "Point", "coordinates": [ 13.4207878, 52.5377938 ] } },
{ "type": "Feature", "properties": { "element": "node", "id": 5559499132, "name": "Bäckerei & Café Wins", "shop": "bakery", "amenity": null, "office": null, "tourism": null, "leisure": null, "building": null, "opening_hours": "Mo-Fr 06:00-16:30; Sa-Su 07:00-14:00", "poi_typ": "shop", "dienstag_vormittag": true }, "geometry": { "type": "Point", "coordinates": [ 13.4271652, 52.5355903 ] } },
{ "type": "Feature", "properties": { "element": "node", "id": 5569263934, "name": "Kensington", "shop": null, "amenity": null, "office": "estate_agent", "tourism": null, "leisure": null, "building": null, "opening_hours": "Mo-Fr 10:00-18:00", "poi_typ": "office", "dienstag_vormittag": true }, "geometry": { "type": "Point", "coordinates": [ 13.4013715, 52.5689936 ] } },
{ "type": "Feature", "properties": { "element": "node", "id": 5594074217, "name": "Seven Senders GmbH", "shop": null, "amenity": null, "office": "company", "tourism": null, "leisure": null, "building": null, "opening_hours": "Mo-Fr 09:00-18:00", "poi_typ": "office", "dienstag_vormittag": true }, "geometry": { "type": "Point", "coordinates": [ 13.4063454, 52.5376719 ] } },
{ "type": "Feature", "properties": { "element": "node", "id": 5598144261, "name": "Uslar & Rai Buchhandlung", "shop": "books", "amenity": null, "office": null, "tourism": null, "leisure": null, "building": null, "opening_hours": "Mo-Fr 10:00-19:00; Sa 10:00-18:00", "poi_typ": "shop", "dienstag_vormittag": true }, "geometry": { "type": "Point", "coordinates": [ 13.4125562, 52.5401833 ] } },
{ "type": "Feature", "properties": { "element": "node", "id": 5612031115, "name": "HFM Nordholz", "shop": "trade", "amenity": null, "office": null, "tourism": null, "leisure": null, "building": null, "opening_hours": "Mo-Fr 06:00-16:30", "poi_typ": "shop", "dienstag_vormittag": true }, "geometry": { "type": "Point", "coordinates": [ 13.380317, 52.575378 ] } },
{ "type": "Feature", "properties": { "element": "node", "id": 5617927622, "name": "Alaa's Hairstyle", "shop": "hairdresser", "amenity": null, "office": null, "tourism": null, "leisure": null, "building": null, "opening_hours": "Mo-Fr 09:00-19:00; Sa 09:00-18:00", "poi_typ": "shop", "dienstag_vormittag": true }, "geometry": { "type": "Point", "coordinates": [ 13.4273351, 52.5316854 ] } },
{ "type": "Feature", "properties": { "element": "node", "id": 5618092636, "name": "Getränke Hoffmann", "shop": "beverages", "amenity": null, "office": null, "tourism": null, "leisure": null, "building": null, "opening_hours": "Mo-Fr 09:00-20:00; Sa 09:00-18:00", "poi_typ": "shop", "dienstag_vormittag": true }, "geometry": { "type": "Point", "coordinates": [ 13.4308175, 52.547697 ] } },
{ "type": "Feature", "properties": { "element": "node", "id": 5633635290, "name": "Steinecke", "shop": "bakery", "amenity": null, "office": null, "tourism": null, "leisure": null, "building": null, "opening_hours": "Mo-Fr 06:30-18:00; Sa 06:30-16:00; Su 07:30-13:00; Jan 1,Dec 25-26 off; Dec 24,Dec 31 06:30-12:00", "poi_typ": "shop", "dienstag_vormittag": true }, "geometry": { "type": "Point", "coordinates": [ 13.4225629, 52.5448117 ] } },
{ "type": "Feature", "properties": { "element": "node", "id": 5635789713, "name": "Werbeagentur Goldweiß", "shop": null, "amenity": null, "office": "advertising_agency", "tourism": null, "leisure": null, "building": null, "opening_hours": "Mo-Fr 09:00-17:00", "poi_typ": "office", "dienstag_vormittag": true }, "geometry": { "type": "Point", "coordinates": [ 13.4243792, 52.5436816 ] } },
{ "type": "Feature", "properties": { "element": "node", "id": 5635827729, "name": "luuv", "shop": null, "amenity": "cafe", "office": null, "tourism": null, "leisure": null, "building": null, "opening_hours": "Mo-Fr 08:00-17:00; Sa-Su 09:00-17:00", "poi_typ": "amenity", "dienstag_vormittag": true }, "geometry": { "type": "Point", "coordinates": [ 13.4220906, 52.5442346 ] } },
{ "type": "Feature", "properties": { "element": "node", "id": 5655310279, "name": "Orange Coffee", "shop": null, "amenity": "cafe", "office": null, "tourism": null, "leisure": null, "building": null, "opening_hours": "Mo-Fr 08:00-18:00, Sa 09:00-18:00", "poi_typ": "amenity", "dienstag_vormittag": true }, "geometry": { "type": "Point", "coordinates": [ 13.4280431, 52.5473012 ] } },
{ "type": "Feature", "properties": { "element": "node", "id": 5677902105, "name": "BackBaron", "shop": "bakery", "amenity": null, "office": null, "tourism": null, "leisure": null, "building": null, "opening_hours": "Mo-Su,PH 05:00-21:00", "poi_typ": "shop", "dienstag_vormittag": true }, "geometry": { "type": "Point", "coordinates": [ 13.4918924, 52.6360314 ] } },
{ "type": "Feature", "properties": { "element": "node", "id": 5716675886, "name": "Der Sache Wegen", "shop": "convenience", "amenity": null, "office": null, "tourism": null, "leisure": null, "building": null, "opening_hours": "Mo-Fr 12:00-19:00; Sa 10:00-18:00", "poi_typ": "shop", "dienstag_vormittag": true }, "geometry": { "type": "Point", "coordinates": [ 13.4180039, 52.5443367 ] } },
{ "type": "Feature", "properties": { "element": "node", "id": 5777420980, "name": "Schönhauser Apotheke", "shop": null, "amenity": "pharmacy", "office": null, "tourism": null, "leisure": null, "building": null, "opening_hours": "Mo-Fr 08:00-20:00; Sa 09:30-16:30", "poi_typ": "amenity", "dienstag_vormittag": true }, "geometry": { "type": "Point", "coordinates": [ 13.4135467, 52.5409918 ] } },
{ "type": "Feature", "properties": { "element": "node", "id": 5777568654, "name": "A-Petit", "shop": null, "amenity": "restaurant", "office": null, "tourism": null, "leisure": null, "building": null, "opening_hours": "Mo-Su 11:30-23:30", "poi_typ": "amenity", "dienstag_vormittag": true }, "geometry": { "type": "Point", "coordinates": [ 13.4216991, 52.5358279 ] } },
{ "type": "Feature", "properties": { "element": "node", "id": 5784580102, "name": "Blumenstudio", "shop": "florist", "amenity": null, "office": null, "tourism": null, "leisure": null, "building": null, "opening_hours": "Mo-Fr 09:00-19:00; Sa 09:00-16:00; Su 10:00-12:00", "poi_typ": "shop", "dienstag_vormittag": true }, "geometry": { "type": "Point", "coordinates": [ 13.4337521, 52.5361772 ] } },
{ "type": "Feature", "properties": { "element": "node", "id": 5785192448, "name": "Postbank", "shop": null, "amenity": "post_office", "office": null, "tourism": null, "leisure": null, "building": null, "opening_hours": "Mo-Fr 09:30-18:30; Sa 09:30-14:00", "poi_typ": "amenity", "dienstag_vormittag": true }, "geometry": { "type": "Point", "coordinates": [ 13.4035839, 52.5698892 ] } },
{ "type": "Feature", "properties": { "element": "node", "id": 5785192449, "name": "Postbank", "shop": null, "amenity": "bank", "office": null, "tourism": null, "leisure": null, "building": null, "opening_hours": "Mo-Fr 09:30-18:30; Sa 09:30-14:00", "poi_typ": "amenity", "dienstag_vormittag": true }, "geometry": { "type": "Point", "coordinates": [ 13.4036524, 52.5699034 ] } },
{ "type": "Feature", "properties": { "element": "node", "id": 5785203531, "name": "Kiez Eck", "shop": "convenience", "amenity": null, "office": null, "tourism": null, "leisure": null, "building": null, "opening_hours": "Mo-Fr 07:00-19:00; Sa 08:00-18:00", "poi_typ": "shop", "dienstag_vormittag": true }, "geometry": { "type": "Point", "coordinates": [ 13.4331207, 52.5527368 ] } },
{ "type": "Feature", "properties": { "element": "node", "id": 5806630454, "name": "Asia-Markt", "shop": "convenience", "amenity": null, "office": null, "tourism": null, "leisure": null, "building": null, "opening_hours": "Mo-Fr 08:00-20:00; Sa 08:00-20:00", "poi_typ": "shop", "dienstag_vormittag": true }, "geometry": { "type": "Point", "coordinates": [ 13.4075727, 52.565574 ] } },
{ "type": "Feature", "properties": { "element": "node", "id": 5806630455, "name": "Flora Änderungsschneiderei", "shop": "tailor", "amenity": null, "office": null, "tourism": null, "leisure": null, "building": null, "opening_hours": "Mo-Fr 09:00-18:30; Sa 09:00-16:00", "poi_typ": "shop", "dienstag_vormittag": true }, "geometry": { "type": "Point", "coordinates": [ 13.4071789, 52.5654083 ] } },
{ "type": "Feature", "properties": { "element": "node", "id": 5806877375, "name": "Berolina Bestattungsinstitut", "shop": "funeral_directors", "amenity": null, "office": null, "tourism": null, "leisure": null, "building": null, "opening_hours": "Mo-Fr 09:00-17:00", "poi_typ": "shop", "dienstag_vormittag": true }, "geometry": { "type": "Point", "coordinates": [ 13.4227196, 52.5355249 ] } },
{ "type": "Feature", "properties": { "element": "node", "id": 5809045553, "name": "Nicolai", "shop": "pastry", "amenity": null, "office": null, "tourism": null, "leisure": null, "building": null, "opening_hours": "Mo-Fr 07:00-18:00; Sa,Su 08:00-18:00", "poi_typ": "shop", "dienstag_vormittag": true }, "geometry": { "type": "Point", "coordinates": [ 13.4227003, 52.5359257 ] } },
{ "type": "Feature", "properties": { "element": "node", "id": 5822845068, "name": "Taktiek", "shop": null, "amenity": "fast_food", "office": null, "tourism": null, "leisure": null, "building": null, "opening_hours": "Mo-Fr 11:30-22:30; Sa 13:00-22:00", "poi_typ": "amenity", "dienstag_vormittag": true }, "geometry": { "type": "Point", "coordinates": [ 13.4211133, 52.5416808 ] } },
{ "type": "Feature", "properties": { "element": "node", "id": 5825439115, "name": "RepMac", "shop": "computer", "amenity": null, "office": null, "tourism": null, "leisure": null, "building": null, "opening_hours": "Mo-Fr 11:00-18:00", "poi_typ": "shop", "dienstag_vormittag": true }, "geometry": { "type": "Point", "coordinates": [ 13.4136935, 52.5516461 ] } },
{ "type": "Feature", "properties": { "element": "node", "id": 5836976071, "name": "Maya", "shop": null, "amenity": "brothel", "office": null, "tourism": null, "leisure": null, "building": null, "opening_hours": "24/7", "poi_typ": "amenity", "dienstag_vormittag": true }, "geometry": { "type": "Point", "coordinates": [ 13.4120425, 52.5491231 ] } },
{ "type": "Feature", "properties": { "element": "node", "id": 5865796385, "name": "Throne Friseur", "shop": "hairdresser", "amenity": null, "office": null, "tourism": null, "leisure": null, "building": null, "opening_hours": "Mo-Fr 09:00-20:00; Sa 09:00-18:00; Su off", "poi_typ": "shop", "dienstag_vormittag": true }, "geometry": { "type": "Point", "coordinates": [ 13.4231896, 52.5391082 ] } },
{ "type": "Feature", "properties": { "element": "node", "id": 5869192785, "name": "das Fachgeschäft", "shop": "gift", "amenity": null, "office": null, "tourism": null, "leisure": null, "building": null, "opening_hours": "Mo-Fr 10:00-18:00; Sa 10:00-16:00", "poi_typ": "shop", "dienstag_vormittag": true }, "geometry": { "type": "Point", "coordinates": [ 13.4031428, 52.5809542 ] } },
{ "type": "Feature", "properties": { "element": "node", "id": 5886792723, "name": "Early Bird", "shop": null, "amenity": "ice_cream", "office": null, "tourism": null, "leisure": null, "building": null, "opening_hours": "Mo-Fr 07:00-18:00; Sa,Su 08:00-19:00", "poi_typ": "amenity", "dienstag_vormittag": true }, "geometry": { "type": "Point", "coordinates": [ 13.4233618, 52.5320168 ] } },
{ "type": "Feature", "properties": { "element": "node", "id": 5913425737, "name": "Schlemmer-Stübchen", "shop": null, "amenity": "restaurant", "office": null, "tourism": null, "leisure": null, "building": null, "opening_hours": "Mo-Fr 08:00-14:00", "poi_typ": "amenity", "dienstag_vormittag": true }, "geometry": { "type": "Point", "coordinates": [ 13.453941, 52.5354345 ] } },
{ "type": "Feature", "properties": { "element": "node", "id": 5913441996, "name": "Bowl Kitchen", "shop": null, "amenity": "restaurant", "office": null, "tourism": null, "leisure": null, "building": null, "opening_hours": "Mo-Fr 09:30-15:00", "poi_typ": "amenity", "dienstag_vormittag": true }, "geometry": { "type": "Point", "coordinates": [ 13.4559643, 52.5331751 ] } },
{ "type": "Feature", "properties": { "element": "node", "id": 5936269198, "name": "Naturkosmetik", "shop": "cosmetics", "amenity": null, "office": null, "tourism": null, "leisure": null, "building": null, "opening_hours": "Mo-Fr 11:00-19:00; Sa 11:00-15:30", "poi_typ": "shop", "dienstag_vormittag": true }, "geometry": { "type": "Point", "coordinates": [ 13.4225844, 52.5357017 ] } },
{ "type": "Feature", "properties": { "element": "node", "id": 5943298094, "name": "Kinderland Ferdinand", "shop": null, "amenity": "kindergarten", "office": null, "tourism": null, "leisure": null, "building": null, "opening_hours": "Mo-Fr 07:30-17:00", "poi_typ": "amenity", "dienstag_vormittag": true }, "geometry": { "type": "Point", "coordinates": [ 13.4025402, 52.5623292 ] } },
{ "type": "Feature", "properties": { "element": "node", "id": 5965720985, "name": "Dr. med. Petra Beitlich", "shop": null, "amenity": "doctors", "office": null, "tourism": null, "leisure": null, "building": null, "opening_hours": "Mo-Fr 08:00-12:30, Tu 15:00-17:00", "poi_typ": "amenity", "dienstag_vormittag": true }, "geometry": { "type": "Point", "coordinates": [ 13.4119353, 52.543439 ] } },
{ "type": "Feature", "properties": { "element": "node", "id": 5978081406, "name": "Konditorei Krautzig", "shop": "pastry", "amenity": null, "office": null, "tourism": null, "leisure": null, "building": null, "opening_hours": "Mo-Fr 06:00-18:00; Sa 06:00-14:00", "poi_typ": "shop", "dienstag_vormittag": true }, "geometry": { "type": "Point", "coordinates": [ 13.4128855, 52.5471504 ] } },
{ "type": "Feature", "properties": { "element": "node", "id": 5999284428, "name": null, "shop": null, "amenity": "charging_station", "office": null, "tourism": null, "leisure": null, "building": null, "opening_hours": "24/7", "poi_typ": "amenity", "dienstag_vormittag": true }, "geometry": { "type": "Point", "coordinates": [ 13.4058181, 52.5661683 ] } },
{ "type": "Feature", "properties": { "element": "node", "id": 6002717698, "name": "1&1 Premiumshop Berlin", "shop": "mobile_phone", "amenity": null, "office": null, "tourism": null, "leisure": null, "building": null, "opening_hours": "Mo-Fr 10:00-18:00; Sa 11:00-17:00", "poi_typ": "shop", "dienstag_vormittag": true }, "geometry": { "type": "Point", "coordinates": [ 13.411464, 52.5499598 ] } },
{ "type": "Feature", "properties": { "element": "node", "id": 6005575188, "name": "City-Garage Pankow", "shop": "car_repair", "amenity": null, "office": null, "tourism": null, "leisure": null, "building": null, "opening_hours": "Mo-Fr 08:00-18:00", "poi_typ": "shop", "dienstag_vormittag": true }, "geometry": { "type": "Point", "coordinates": [ 13.412508, 52.5702314 ] } },
{ "type": "Feature", "properties": { "element": "node", "id": 6006371223, "name": "Lorbeer-Apotheke", "shop": null, "amenity": "pharmacy", "office": null, "tourism": null, "leisure": null, "building": null, "opening_hours": "Mo-Fr 08:30-19:00; Sa 08:30-20:00; Su 10:00-20:00", "poi_typ": "amenity", "dienstag_vormittag": true }, "geometry": { "type": "Point", "coordinates": [ 13.4355276, 52.5353496 ] } },
{ "type": "Feature", "properties": { "element": "node", "id": 6024482761, "name": "Zweirad-Center Stadler", "shop": "bicycle", "amenity": null, "office": null, "tourism": null, "leisure": null, "building": null, "opening_hours": "Mo-Fr 10:00-19:30; Sa 10:00-19:00", "poi_typ": "shop", "dienstag_vormittag": true }, "geometry": { "type": "Point", "coordinates": [ 13.4631022, 52.5226915 ] } },
{ "type": "Feature", "properties": { "element": "node", "id": 6046293839, "name": "Friseur Florastraße", "shop": "hairdresser", "amenity": null, "office": null, "tourism": null, "leisure": null, "building": null, "opening_hours": "Mo-Fr 09:00-19:00", "poi_typ": "shop", "dienstag_vormittag": true }, "geometry": { "type": "Point", "coordinates": [ 13.4092597, 52.5665581 ] } },
{ "type": "Feature", "properties": { "element": "node", "id": 6088939377, "name": "AES Shop", "shop": "supermarket", "amenity": null, "office": null, "tourism": null, "leisure": null, "building": null, "opening_hours": "Mo-Fr 10:00-19:00; Sa 10:00-18:00", "poi_typ": "shop", "dienstag_vormittag": true }, "geometry": { "type": "Point", "coordinates": [ 13.4256884, 52.5345065 ] } },
{ "type": "Feature", "properties": { "element": "node", "id": 6111118985, "name": "da Lionello", "shop": null, "amenity": "fast_food", "office": null, "tourism": null, "leisure": null, "building": null, "opening_hours": "Mo-Su 11:00-22:00", "poi_typ": "amenity", "dienstag_vormittag": true }, "geometry": { "type": "Point", "coordinates": [ 13.4096631, 52.5712499 ] } },
{ "type": "Feature", "properties": { "element": "node", "id": 6111118987, "name": "Kita Pankepiraten", "shop": null, "amenity": "childcare", "office": null, "tourism": null, "leisure": null, "building": null, "opening_hours": "Mo-Fr 08:00-17:00", "poi_typ": "amenity", "dienstag_vormittag": true }, "geometry": { "type": "Point", "coordinates": [ 13.4088191, 52.5718191 ] } },
{ "type": "Feature", "properties": { "element": "node", "id": 6111818330, "name": "HandsNOW", "shop": null, "amenity": null, "office": "employment_agency", "tourism": null, "leisure": null, "building": null, "opening_hours": "Mo-Fr 08:00-18:00", "poi_typ": "office", "dienstag_vormittag": true }, "geometry": { "type": "Point", "coordinates": [ 13.4089019, 52.571654 ] } },
{ "type": "Feature", "properties": { "element": "node", "id": 6112595942, "name": "Signore Batistin", "shop": "deli", "amenity": null, "office": null, "tourism": null, "leisure": null, "building": null, "opening_hours": "Mo-Fr 10:00-20:00; Sa 10:00-16:00", "poi_typ": "shop", "dienstag_vormittag": true }, "geometry": { "type": "Point", "coordinates": [ 13.4189778, 52.5463605 ] } },
{ "type": "Feature", "properties": { "element": "node", "id": 6146370685, "name": "Georg Immobilien", "shop": null, "amenity": null, "office": "estate_agent", "tourism": null, "leisure": null, "building": null, "opening_hours": "Mo-Fr 10:00-18:00", "poi_typ": "office", "dienstag_vormittag": true }, "geometry": { "type": "Point", "coordinates": [ 13.4185595, 52.5442915 ] } },
{ "type": "Feature", "properties": { "element": "node", "id": 6203719496, "name": "Gea", "shop": "shoes", "amenity": null, "office": null, "tourism": null, "leisure": null, "building": null, "opening_hours": "Mo-Fr 11:00-19:00; Sa 10:00-17:00", "poi_typ": "shop", "dienstag_vormittag": true }, "geometry": { "type": "Point", "coordinates": [ 13.4215628, 52.5452356 ] } },
{ "type": "Feature", "properties": { "element": "node", "id": 6215597159, "name": "Geigenbauer Felix Scheit", "shop": "musical_instrument", "amenity": null, "office": null, "tourism": null, "leisure": null, "building": null, "opening_hours": "Mo-Fr 10:00-18:00", "poi_typ": "shop", "dienstag_vormittag": true }, "geometry": { "type": "Point", "coordinates": [ 13.4111279, 52.5447675 ] } },
{ "type": "Feature", "properties": { "element": "node", "id": 6268477941, "name": "Textilreinigung", "shop": "laundry", "amenity": null, "office": null, "tourism": null, "leisure": null, "building": null, "opening_hours": "Mo-Fr 10:00-15:00; Sa 10:00-15:00", "poi_typ": "shop", "dienstag_vormittag": true }, "geometry": { "type": "Point", "coordinates": [ 13.4305089, 52.5344009 ] } },
{ "type": "Feature", "properties": { "element": "node", "id": 6269962428, "name": "Kinderladen \"kribbel krabbel\"", "shop": null, "amenity": "kindergarten", "office": null, "tourism": null, "leisure": null, "building": null, "opening_hours": "Mo-Fr 08:30-16:00", "poi_typ": "amenity", "dienstag_vormittag": true }, "geometry": { "type": "Point", "coordinates": [ 13.4119971, 52.5499334 ] } },
{ "type": "Feature", "properties": { "element": "node", "id": 6283085056, "name": "Fielmann", "shop": "optician", "amenity": null, "office": null, "tourism": null, "leisure": null, "building": null, "opening_hours": "Mo-Fr 08:30-18:30; Sa 09:00-15:00", "poi_typ": "shop", "dienstag_vormittag": true }, "geometry": { "type": "Point", "coordinates": [ 13.4564719, 52.5496936 ] } },
{ "type": "Feature", "properties": { "element": "node", "id": 6291140254, "name": "Town Mouse", "shop": null, "amenity": "cafe", "office": null, "tourism": null, "leisure": null, "building": null, "opening_hours": "Mo-Fr 08:00-18:00; Sa-Su 09:00-18:00", "poi_typ": "amenity", "dienstag_vormittag": true }, "geometry": { "type": "Point", "coordinates": [ 13.4235264, 52.534948 ] } },
{ "type": "Feature", "properties": { "element": "node", "id": 6300970356, "name": "Bear Burger", "shop": null, "amenity": "restaurant", "office": null, "tourism": null, "leisure": null, "building": null, "opening_hours": "Mo-Su 11:30-23:30", "poi_typ": "amenity", "dienstag_vormittag": true }, "geometry": { "type": "Point", "coordinates": [ 13.4272249, 52.5315773 ] } },
{ "type": "Feature", "properties": { "element": "node", "id": 6313016978, "name": "Brovot & Klöss", "shop": null, "amenity": null, "office": "company", "tourism": null, "leisure": null, "building": null, "opening_hours": "Mo-Su 09:00-21:00", "poi_typ": "office", "dienstag_vormittag": true }, "geometry": { "type": "Point", "coordinates": [ 13.4125942, 52.5392626 ] } },
{ "type": "Feature", "properties": { "element": "node", "id": 6313027826, "name": "Bike Piraten", "shop": "bicycle", "amenity": null, "office": null, "tourism": null, "leisure": null, "building": null, "opening_hours": "Mo-Fr 10:30-20:00", "poi_typ": "shop", "dienstag_vormittag": true }, "geometry": { "type": "Point", "coordinates": [ 13.4125789, 52.5396694 ] } },
{ "type": "Feature", "properties": { "element": "node", "id": 6347741613, "name": "Budnikowsky", "shop": "chemist", "amenity": null, "office": null, "tourism": null, "leisure": null, "building": null, "opening_hours": "Sa 08:30-21:00; Mo-Fr 08:00-21:00", "poi_typ": "shop", "dienstag_vormittag": true }, "geometry": { "type": "Point", "coordinates": [ 13.4121507, 52.530919 ] } },
{ "type": "Feature", "properties": { "element": "node", "id": 6357891886, "name": "Acoustic Music Store", "shop": "musical_instrument", "amenity": null, "office": null, "tourism": null, "leisure": null, "building": null, "opening_hours": "Mo-Fr 10:30-19:00, Sa 10:30-15:00", "poi_typ": "shop", "dienstag_vormittag": true }, "geometry": { "type": "Point", "coordinates": [ 13.4124379, 52.5633561 ] } },
{ "type": "Feature", "properties": { "element": "node", "id": 6364199883, "name": "Carglass", "shop": "car_repair", "amenity": null, "office": null, "tourism": null, "leisure": null, "building": null, "opening_hours": "Mo-Fr 07:30-17:00", "poi_typ": "shop", "dienstag_vormittag": true }, "geometry": { "type": "Point", "coordinates": [ 13.4312044, 52.5512486 ] } },
{ "type": "Feature", "properties": { "element": "node", "id": 6381619922, "name": "Musikbrauerei", "shop": null, "amenity": "nightclub", "office": null, "tourism": null, "leisure": null, "building": null, "opening_hours": "Mo-Su 10:00-20:15", "poi_typ": "amenity", "dienstag_vormittag": true }, "geometry": { "type": "Point", "coordinates": [ 13.4286665, 52.5306542 ] } },
{ "type": "Feature", "properties": { "element": "node", "id": 6441397906, "name": "Bike Doctor", "shop": "bicycle", "amenity": null, "office": null, "tourism": null, "leisure": null, "building": null, "opening_hours": "Mo-Fr 10:00-19:00; Sa 10:00-16:00", "poi_typ": "shop", "dienstag_vormittag": true }, "geometry": { "type": "Point", "coordinates": [ 13.4287845, 52.5450001 ] } },
{ "type": "Feature", "properties": { "element": "node", "id": 6476064825, "name": "Studio Geri", "shop": "beauty", "amenity": null, "office": null, "tourism": null, "leisure": null, "building": null, "opening_hours": "Mo-Fr 10:00-19:00; Sa 10:00-17:00", "poi_typ": "shop", "dienstag_vormittag": true }, "geometry": { "type": "Point", "coordinates": [ 13.4061683, 52.5545474 ] } },
{ "type": "Feature", "properties": { "element": "node", "id": 6543282570, "name": "Elsa Bäckerei", "shop": "bakery", "amenity": null, "office": null, "tourism": null, "leisure": null, "building": null, "opening_hours": "Su 07:00-17:30; Sa 07:00-16:30; Mo-Fr 07:00-17:00", "poi_typ": "shop", "dienstag_vormittag": true }, "geometry": { "type": "Point", "coordinates": [ 13.4186249, 52.55958 ] } },
{ "type": "Feature", "properties": { "element": "node", "id": 6565966747, "name": "Der Kinderschuh im Hof", "shop": "shoes", "amenity": null, "office": null, "tourism": null, "leisure": null, "building": null, "opening_hours": "Mo-Fr 11:00-19:00; Sa 11:00-16:00", "poi_typ": "shop", "dienstag_vormittag": true }, "geometry": { "type": "Point", "coordinates": [ 13.4094311, 52.5395347 ] } },
{ "type": "Feature", "properties": { "element": "node", "id": 6605291251, "name": "Youhua Guan", "shop": "massage", "amenity": null, "office": null, "tourism": null, "leisure": null, "building": null, "opening_hours": "Mo-Fr 10:00-20:00; Sa 11:00-18:00", "poi_typ": "shop", "dienstag_vormittag": true }, "geometry": { "type": "Point", "coordinates": [ 13.4148747, 52.5528957 ] } },
{ "type": "Feature", "properties": { "element": "node", "id": 6647347360, "name": "Zu den Schnittigen", "shop": "hairdresser", "amenity": null, "office": null, "tourism": null, "leisure": null, "building": null, "opening_hours": "Mo-Fr 10:00-20:00; Sa 10:00-16:00; PH closed", "poi_typ": "shop", "dienstag_vormittag": true }, "geometry": { "type": "Point", "coordinates": [ 13.4162445, 52.5499564 ] } },
{ "type": "Feature", "properties": { "element": "node", "id": 6676597754, "name": "Änderungsschneiderei-Maßatelier Minh Vu", "shop": "tailor", "amenity": null, "office": null, "tourism": null, "leisure": null, "building": null, "opening_hours": "Mo-Fr 09:00-19:00; Sa 10:00-14:00", "poi_typ": "shop", "dienstag_vormittag": true }, "geometry": { "type": "Point", "coordinates": [ 13.4232223, 52.5382088 ] } },
{ "type": "Feature", "properties": { "element": "node", "id": 6710021096, "name": "Ossi's Bistro", "shop": null, "amenity": "fast_food", "office": null, "tourism": null, "leisure": null, "building": null, "opening_hours": "24/7", "poi_typ": "amenity", "dienstag_vormittag": true }, "geometry": { "type": "Point", "coordinates": [ 13.4659001, 52.557516 ] } },
{ "type": "Feature", "properties": { "element": "node", "id": 6736080189, "name": "AllerleiSpiel", "shop": "toys", "amenity": null, "office": null, "tourism": null, "leisure": null, "building": null, "opening_hours": "Mo-Fr 10:00-18:30; Sa 10:00-14:00", "poi_typ": "shop", "dienstag_vormittag": true }, "geometry": { "type": "Point", "coordinates": [ 13.4221402, 52.5363765 ] } },
{ "type": "Feature", "properties": { "element": "node", "id": 6743618885, "name": "Café Gold Stück", "shop": null, "amenity": "cafe", "office": null, "tourism": null, "leisure": null, "building": null, "opening_hours": "Mo-Su 10:00-17:00", "poi_typ": "amenity", "dienstag_vormittag": true }, "geometry": { "type": "Point", "coordinates": [ 13.4372178, 52.5447118 ] } },
{ "type": "Feature", "properties": { "element": "node", "id": 6757633586, "name": "Green Yoga", "shop": null, "amenity": null, "office": null, "tourism": null, "leisure": "fitness_centre", "building": null, "opening_hours": "Mo-Su 08:00-21:00", "poi_typ": "leisure", "dienstag_vormittag": true }, "geometry": { "type": "Point", "coordinates": [ 13.4027986, 52.5858073 ] } },
{ "type": "Feature", "properties": { "element": "node", "id": 6776294263, "name": "Coworking Motorwerk Berlin", "shop": null, "amenity": null, "office": "coworking", "tourism": null, "leisure": null, "building": null, "opening_hours": "Mo-Fr 09:00-18:00", "poi_typ": "office", "dienstag_vormittag": true }, "geometry": { "type": "Point", "coordinates": [ 13.4612349, 52.5634242 ] } },
{ "type": "Feature", "properties": { "element": "node", "id": 6794064753, "name": "Domino's", "shop": null, "amenity": "fast_food", "office": null, "tourism": null, "leisure": null, "building": null, "opening_hours": "Mo-Su 11:00-23:00", "poi_typ": "amenity", "dienstag_vormittag": true }, "geometry": { "type": "Point", "coordinates": [ 13.4308274, 52.5517379 ] } },
{ "type": "Feature", "properties": { "element": "node", "id": 6833378739, "name": "Fiedler Bestattungen", "shop": "funeral_directors", "amenity": null, "office": null, "tourism": null, "leisure": null, "building": null, "opening_hours": "Mo-Fr 09:00-17:00", "poi_typ": "shop", "dienstag_vormittag": true }, "geometry": { "type": "Point", "coordinates": [ 13.4026766, 52.5863281 ] } },
{ "type": "Feature", "properties": { "element": "node", "id": 6833378741, "name": "MinHoi Asian Food & Sushi", "shop": null, "amenity": "restaurant", "office": null, "tourism": null, "leisure": null, "building": null, "opening_hours": "Mo-Fr 11:00-21:30; Sa,Su,PH 12:00-21:00", "poi_typ": "amenity", "dienstag_vormittag": true }, "geometry": { "type": "Point", "coordinates": [ 13.4105345, 52.5705819 ] } },
{ "type": "Feature", "properties": { "element": "node", "id": 6841489234, "name": "Palma Kunkel", "shop": "books", "amenity": null, "office": null, "tourism": null, "leisure": null, "building": null, "opening_hours": "Mo-Fr 10:00-19:30; Sa 10:00-15:00", "poi_typ": "shop", "dienstag_vormittag": true }, "geometry": { "type": "Point", "coordinates": [ 13.4383628, 52.5411436 ] } },
{ "type": "Feature", "properties": { "element": "node", "id": 6863412625, "name": "Mo's Coffee", "shop": null, "amenity": "cafe", "office": null, "tourism": null, "leisure": null, "building": null, "opening_hours": "Mo-Fr 08:00-18:00; Sa, Su 09:00-18:00", "poi_typ": "amenity", "dienstag_vormittag": true }, "geometry": { "type": "Point", "coordinates": [ 13.4254047, 52.5435557 ] } },
{ "type": "Feature", "properties": { "element": "node", "id": 6872603387, "name": "Salon Nails", "shop": "beauty", "amenity": null, "office": null, "tourism": null, "leisure": null, "building": null, "opening_hours": "Mo-Fr 10:00-19:30; Sa 10:00-19:00", "poi_typ": "shop", "dienstag_vormittag": true }, "geometry": { "type": "Point", "coordinates": [ 13.4087306, 52.5378891 ] } },
{ "type": "Feature", "properties": { "element": "node", "id": 6877768487, "name": null, "shop": "rental", "amenity": "bicycle_rental", "office": null, "tourism": null, "leisure": null, "building": null, "opening_hours": "24/7", "poi_typ": "shop", "dienstag_vormittag": true }, "geometry": { "type": "Point", "coordinates": [ 13.4136797, 52.5401743 ] } },
{ "type": "Feature", "properties": { "element": "node", "id": 6960111285, "name": "Wertvoll", "shop": "clothes", "amenity": null, "office": null, "tourism": null, "leisure": null, "building": null, "opening_hours": "Mo-Fr 11:00-18:00; Sa 11:00-18:00", "poi_typ": "shop", "dienstag_vormittag": true }, "geometry": { "type": "Point", "coordinates": [ 13.425005, 52.5347466 ] } },
{ "type": "Feature", "properties": { "element": "node", "id": 6977266482, "name": "Café & Bäckerei die Drei Engel", "shop": null, "amenity": "cafe", "office": null, "tourism": null, "leisure": null, "building": null, "opening_hours": "Mo-Fr 07:00-17:00; Sa-Su 07:00-14:00", "poi_typ": "amenity", "dienstag_vormittag": true }, "geometry": { "type": "Point", "coordinates": [ 13.4376823, 52.5448115 ] } },
{ "type": "Feature", "properties": { "element": "node", "id": 6979263400, "name": "Jelbi-Station Landsberger Allee/Petersburger Str.", "shop": null, "amenity": "bicycle_rental", "office": null, "tourism": null, "leisure": null, "building": null, "opening_hours": "24/7", "poi_typ": "amenity", "dienstag_vormittag": true }, "geometry": { "type": "Point", "coordinates": [ 13.449303, 52.527304 ] } },
{ "type": "Feature", "properties": { "element": "node", "id": 7025879071, "name": "Café Coconut", "shop": null, "amenity": "cafe", "office": null, "tourism": null, "leisure": null, "building": null, "opening_hours": "24/7", "poi_typ": "amenity", "dienstag_vormittag": true }, "geometry": { "type": "Point", "coordinates": [ 13.436069, 52.5344101 ] } },
{ "type": "Feature", "properties": { "element": "node", "id": 7025879075, "name": "Philipps Haarpflegesalon", "shop": "hairdresser", "amenity": null, "office": null, "tourism": null, "leisure": null, "building": null, "opening_hours": "Mo-Fr 08:30-18:30; Sa 08:00-12:00", "poi_typ": "shop", "dienstag_vormittag": true }, "geometry": { "type": "Point", "coordinates": [ 13.4344907, 52.5351565 ] } },
{ "type": "Feature", "properties": { "element": "node", "id": 7025879082, "name": "Postfiliale 554", "shop": null, "amenity": "post_office", "office": null, "tourism": null, "leisure": null, "building": null, "opening_hours": "Mo-Fr 08:00-20:00; Sa 09:00-20:00", "poi_typ": "amenity", "dienstag_vormittag": true }, "geometry": { "type": "Point", "coordinates": [ 13.4334429, 52.5356705 ] } },
{ "type": "Feature", "properties": { "element": "node", "id": 7025879194, "name": "panta rhei vital Kosmetikstudio", "shop": "beauty", "amenity": null, "office": null, "tourism": null, "leisure": null, "building": null, "opening_hours": "Mo-Fr 11:30-18:30", "poi_typ": "shop", "dienstag_vormittag": true }, "geometry": { "type": "Point", "coordinates": [ 13.4349217, 52.5356272 ] } },
{ "type": "Feature", "properties": { "element": "node", "id": 7025879208, "name": "Luft & Liebe", "shop": "bicycle", "amenity": null, "office": null, "tourism": null, "leisure": null, "building": null, "opening_hours": "Mo-Fr 10:00-18:00; Sa 10:00-16:00", "poi_typ": "shop", "dienstag_vormittag": true }, "geometry": { "type": "Point", "coordinates": [ 13.4369397, 52.534667 ] } },
{ "type": "Feature", "properties": { "element": "node", "id": 7025879209, "name": "Kleenroyal Textilpflege", "shop": "dry_cleaning", "amenity": null, "office": null, "tourism": null, "leisure": null, "building": null, "opening_hours": "Mo-Fr 07:30-19:00; Sa 08:00-13:00", "poi_typ": "shop", "dienstag_vormittag": true }, "geometry": { "type": "Point", "coordinates": [ 13.4379232, 52.5341925 ] } },
{ "type": "Feature", "properties": { "element": "node", "id": 7044634910, "name": "Borowsky - der Ankleider", "shop": "clothes", "amenity": null, "office": null, "tourism": null, "leisure": null, "building": null, "opening_hours": "Mo-Fr 10:00-19:00; Sa 10:00-16:00", "poi_typ": "shop", "dienstag_vormittag": true }, "geometry": { "type": "Point", "coordinates": [ 13.4287064, 52.53199 ] } },
{ "type": "Feature", "properties": { "element": "node", "id": 7069825844, "name": "Smikalla", "shop": "clothes", "amenity": null, "office": null, "tourism": null, "leisure": null, "building": null, "opening_hours": "Mo-Fr 10:00-15:00", "poi_typ": "shop", "dienstag_vormittag": true }, "geometry": { "type": "Point", "coordinates": [ 13.4346099, 52.5322095 ] } },
{ "type": "Feature", "properties": { "element": "node", "id": 7069825846, "name": "Wasserkontor", "shop": "water", "amenity": null, "office": null, "tourism": null, "leisure": null, "building": null, "opening_hours": "Mo-Fr 10:00-13:00,14:00-19:00; Sa 10:00-18:00", "poi_typ": "shop", "dienstag_vormittag": true }, "geometry": { "type": "Point", "coordinates": [ 13.4339316, 52.5316982 ] } },
{ "type": "Feature", "properties": { "element": "node", "id": 7069825852, "name": "MaRue Café", "shop": null, "amenity": "cafe", "office": null, "tourism": null, "leisure": null, "building": null, "opening_hours": "Mo-Fr 08:00-18:00; Sa,Su 09:00-18:00", "poi_typ": "amenity", "dienstag_vormittag": true }, "geometry": { "type": "Point", "coordinates": [ 13.4325335, 52.5318263 ] } },
{ "type": "Feature", "properties": { "element": "node", "id": 7069825857, "name": "Lotti Klein", "shop": "fabric", "amenity": null, "office": null, "tourism": null, "leisure": null, "building": null, "opening_hours": "Mo-Fr 10:00-18:00; Sa 10:00-17:00", "poi_typ": "shop", "dienstag_vormittag": true }, "geometry": { "type": "Point", "coordinates": [ 13.4321763, 52.5319817 ] } },
{ "type": "Feature", "properties": { "element": "node", "id": 7069825859, "name": "Bronco", "shop": null, "amenity": "cafe", "office": null, "tourism": null, "leisure": null, "building": null, "opening_hours": "Mo-Fr 08:30-16:30; Sa,Su 09:30-16:00", "poi_typ": "amenity", "dienstag_vormittag": true }, "geometry": { "type": "Point", "coordinates": [ 13.4313754, 52.5323376 ] } },
{ "type": "Feature", "properties": { "element": "node", "id": 7069825867, "name": "Kimi Nails", "shop": "beauty", "amenity": null, "office": null, "tourism": null, "leisure": null, "building": null, "opening_hours": "Mo-Fr 09:30-19:00; Sa 10:00-17:00; Su off", "poi_typ": "shop", "dienstag_vormittag": true }, "geometry": { "type": "Point", "coordinates": [ 13.429563, 52.5327948 ] } },
{ "type": "Feature", "properties": { "element": "node", "id": 7069825878, "name": "Kleiner Knorsh", "shop": "clothes", "amenity": null, "office": null, "tourism": null, "leisure": null, "building": null, "opening_hours": "Mo-Fr 11:00-18:00; Sa 11:00-16:00", "poi_typ": "shop", "dienstag_vormittag": true }, "geometry": { "type": "Point", "coordinates": [ 13.4326999, 52.5314338 ] } },
{ "type": "Feature", "properties": { "element": "node", "id": 7069825879, "name": "Kleine Schritte", "shop": "shoes", "amenity": null, "office": null, "tourism": null, "leisure": null, "building": null, "opening_hours": "Mo-Fr 10:00-19:00; Sa 10:00-16:00", "poi_typ": "shop", "dienstag_vormittag": true }, "geometry": { "type": "Point", "coordinates": [ 13.4328329, 52.5313681 ] } },
{ "type": "Feature", "properties": { "element": "node", "id": 7090340085, "name": "Schnell", "shop": "bakery", "amenity": null, "office": null, "tourism": null, "leisure": null, "building": null, "opening_hours": "Mo-Fr 06:00-18:00; Sa 07:00-16:00; Su 08:00-17:00", "poi_typ": "shop", "dienstag_vormittag": true }, "geometry": { "type": "Point", "coordinates": [ 13.4347459, 52.553472 ] } },
{ "type": "Feature", "properties": { "element": "node", "id": 7093679841, "name": "Reseda-Apotheke", "shop": null, "amenity": "pharmacy", "office": null, "tourism": null, "leisure": null, "building": null, "opening_hours": "Mo-Fr 08:30-18:30; Sa 09:00-13:00", "poi_typ": "amenity", "dienstag_vormittag": true }, "geometry": { "type": "Point", "coordinates": [ 13.4343492, 52.5533211 ] } },
{ "type": "Feature", "properties": { "element": "node", "id": 7095778276, "name": "Kosmetikstudio Silvia Weller", "shop": "cosmetics", "amenity": null, "office": null, "tourism": null, "leisure": null, "building": null, "opening_hours": "Mo-Fr 10:00-18:00", "poi_typ": "shop", "dienstag_vormittag": true }, "geometry": { "type": "Point", "coordinates": [ 13.4319051, 52.5340797 ] } },
{ "type": "Feature", "properties": { "element": "node", "id": 7095890386, "name": "Tipico", "shop": "bookmaker", "amenity": null, "office": null, "tourism": null, "leisure": null, "building": null, "opening_hours": "Mo-Su 11:00-22:00", "poi_typ": "shop", "dienstag_vormittag": true }, "geometry": { "type": "Point", "coordinates": [ 13.4329539, 52.5356983 ] } },
{ "type": "Feature", "properties": { "element": "node", "id": 7095890389, "name": "Ballonhelden", "shop": "party", "amenity": null, "office": null, "tourism": null, "leisure": null, "building": null, "opening_hours": "Mo-Fr 11:00-19:00; Sa 11:00-19:00", "poi_typ": "shop", "dienstag_vormittag": true }, "geometry": { "type": "Point", "coordinates": [ 13.4339533, 52.5365505 ] } },
{ "type": "Feature", "properties": { "element": "node", "id": 7122918326, "name": "Maß- & Änderungsschneiderei", "shop": "tailor", "amenity": null, "office": null, "tourism": null, "leisure": null, "building": null, "opening_hours": "Mo-Fr 10:00-18:00; Sa 11:00-16:00", "poi_typ": "shop", "dienstag_vormittag": true }, "geometry": { "type": "Point", "coordinates": [ 13.4113455, 52.528632 ] } },
{ "type": "Feature", "properties": { "element": "node", "id": 7144930838, "name": "Walter's Werkstatt", "shop": "car_repair", "amenity": null, "office": null, "tourism": null, "leisure": null, "building": null, "opening_hours": "Mo-Fr 08:00-17:00", "poi_typ": "shop", "dienstag_vormittag": true }, "geometry": { "type": "Point", "coordinates": [ 13.445373, 52.5340626 ] } },
{ "type": "Feature", "properties": { "element": "node", "id": 7169300377, "name": "Kosmetikinstitut Nina Pinger", "shop": "cosmetics", "amenity": null, "office": null, "tourism": null, "leisure": null, "building": null, "opening_hours": "Mo-Fr 09:30-20:00; Sa 10:00-17:00", "poi_typ": "shop", "dienstag_vormittag": true }, "geometry": { "type": "Point", "coordinates": [ 13.4403277, 52.5323198 ] } },
{ "type": "Feature", "properties": { "element": "node", "id": 7176333083, "name": "Textilreinigung Worm", "shop": "dry_cleaning", "amenity": null, "office": null, "tourism": null, "leisure": null, "building": null, "opening_hours": "Mo-Fr 08:00-18:00; Sa 09:00-13:00", "poi_typ": "shop", "dienstag_vormittag": true }, "geometry": { "type": "Point", "coordinates": [ 13.4168823, 52.5405672 ] } },
{ "type": "Feature", "properties": { "element": "node", "id": 7200997911, "name": "Garten- und Landschaftsarchitekt  Siegmar Gurth", "shop": null, "amenity": null, "office": "architect", "tourism": null, "leisure": null, "building": null, "opening_hours": "Mo-Fr 09:00-17:00", "poi_typ": "office", "dienstag_vormittag": true }, "geometry": { "type": "Point", "coordinates": [ 13.4615563, 52.5493167 ] } },
{ "type": "Feature", "properties": { "element": "node", "id": 7211080880, "name": "Seeger", "shop": "medical_supply", "amenity": null, "office": null, "tourism": null, "leisure": null, "building": null, "opening_hours": "Mo-Fr 09:00-18:00; Sa 10:00-14:00", "poi_typ": "shop", "dienstag_vormittag": true }, "geometry": { "type": "Point", "coordinates": [ 13.430735, 52.5346238 ] } },
{ "type": "Feature", "properties": { "element": "node", "id": 7211080882, "name": "O2", "shop": "mobile_phone", "amenity": null, "office": null, "tourism": null, "leisure": null, "building": null, "opening_hours": "Mo-Fr 10:00-19:00; Sa 10:00-15:00", "poi_typ": "shop", "dienstag_vormittag": true }, "geometry": { "type": "Point", "coordinates": [ 13.4304346, 52.5343433 ] } },
{ "type": "Feature", "properties": { "element": "node", "id": 7211080883, "name": "Café á Gogo", "shop": null, "amenity": "cafe", "office": null, "tourism": null, "leisure": null, "building": null, "opening_hours": "Mo-Fr 09:00-15:00; Sa,Su 10:00-15:00", "poi_typ": "amenity", "dienstag_vormittag": true }, "geometry": { "type": "Point", "coordinates": [ 13.430367, 52.5342806 ] } },
{ "type": "Feature", "properties": { "element": "node", "id": 7211094987, "name": "Skate & Glide", "shop": "sports", "amenity": null, "office": null, "tourism": null, "leisure": null, "building": null, "opening_hours": "Mo-Fr 11:00-13:30,14:00-19:00; Sa 10:00-16:00", "poi_typ": "shop", "dienstag_vormittag": true }, "geometry": { "type": "Point", "coordinates": [ 13.4298458, 52.5338742 ] } },
{ "type": "Feature", "properties": { "element": "node", "id": 7211094990, "name": "Dêrik", "shop": "mobile_phone", "amenity": null, "office": null, "tourism": null, "leisure": null, "building": null, "opening_hours": "Mo-Fr 10:00-14:00,15:00-19:00; Sa 10:00-18:00", "poi_typ": "shop", "dienstag_vormittag": true }, "geometry": { "type": "Point", "coordinates": [ 13.4294946, 52.5335387 ] } },
{ "type": "Feature", "properties": { "element": "node", "id": 7211094992, "name": "Rex Tierarztpraxis", "shop": null, "amenity": "veterinary", "office": null, "tourism": null, "leisure": null, "building": null, "opening_hours": "Mo-Fr 08:00-20:00; Sa 09:00-16:00", "poi_typ": "amenity", "dienstag_vormittag": true }, "geometry": { "type": "Point", "coordinates": [ 13.4292251, 52.5333026 ] } },
{ "type": "Feature", "properties": { "element": "node", "id": 7211094996, "name": "Hpy Bet", "shop": "bookmaker", "amenity": null, "office": null, "tourism": null, "leisure": null, "building": null, "opening_hours": "Mo-Su 09:00-22:00", "poi_typ": "shop", "dienstag_vormittag": true }, "geometry": { "type": "Point", "coordinates": [ 13.4301837, 52.5332818 ] } },
{ "type": "Feature", "properties": { "element": "node", "id": 7233554304, "name": "Lichthaus Achterberg", "shop": "lighting", "amenity": null, "office": null, "tourism": null, "leisure": null, "building": null, "opening_hours": "Mo-Fr 10:00-18:00; Sa 10:00-13:00", "poi_typ": "shop", "dienstag_vormittag": true }, "geometry": { "type": "Point", "coordinates": [ 13.4382961, 52.5410889 ] } },
{ "type": "Feature", "properties": { "element": "node", "id": 7233554305, "name": "Änderungsschneiderei", "shop": "tailor", "amenity": null, "office": null, "tourism": null, "leisure": null, "building": null, "opening_hours": "Mo-Fr 10:00-13:00,15:00-18:30; Sa 10:00-13:00", "poi_typ": "shop", "dienstag_vormittag": true }, "geometry": { "type": "Point", "coordinates": [ 13.4393471, 52.5420083 ] } },
{ "type": "Feature", "properties": { "element": "node", "id": 7233554311, "name": "Bestattungshaus Simonis", "shop": "funeral_directors", "amenity": null, "office": null, "tourism": null, "leisure": null, "building": null, "opening_hours": "Mo-Fr 10:00-16:00", "poi_typ": "shop", "dienstag_vormittag": true }, "geometry": { "type": "Point", "coordinates": [ 13.4397304, 52.5423194 ] } },
{ "type": "Feature", "properties": { "element": "node", "id": 7233554312, "name": "City-Bestattungen", "shop": "funeral_directors", "amenity": null, "office": null, "tourism": null, "leisure": null, "building": null, "opening_hours": "Mo-Fr 09:00-17:00", "poi_typ": "shop", "dienstag_vormittag": true }, "geometry": { "type": "Point", "coordinates": [ 13.4399173, 52.5424836 ] } },
{ "type": "Feature", "properties": { "element": "node", "id": 7233554318, "name": "Double X Bar 2", "shop": null, "amenity": "bar", "office": null, "tourism": null, "leisure": null, "building": null, "opening_hours": "24/7", "poi_typ": "amenity", "dienstag_vormittag": true }, "geometry": { "type": "Point", "coordinates": [ 13.4403864, 52.5428964 ] } },
{ "type": "Feature", "properties": { "element": "node", "id": 7233554319, "name": "The Hair Style", "shop": "hairdresser", "amenity": null, "office": null, "tourism": null, "leisure": null, "building": null, "opening_hours": "Mo-Fr 10:00-19:00; Sa 10:00-18:00", "poi_typ": "shop", "dienstag_vormittag": true }, "geometry": { "type": "Point", "coordinates": [ 13.4404329, 52.5429393 ] } },
{ "type": "Feature", "properties": { "element": "node", "id": 7233554320, "name": "Lynn Tea & Coffee", "shop": null, "amenity": "cafe", "office": null, "tourism": null, "leisure": null, "building": null, "opening_hours": "Mo-Fr 11:00-20:00; Sa-Su 12:00-20:00", "poi_typ": "amenity", "dienstag_vormittag": true }, "geometry": { "type": "Point", "coordinates": [ 13.4406366, 52.543108 ] } },
{ "type": "Feature", "properties": { "element": "node", "id": 7233554325, "name": "Juwelier Medin", "shop": "jewelry", "amenity": null, "office": null, "tourism": null, "leisure": null, "building": null, "opening_hours": "Mo-Fr 10:00-18:00; Sa 10:00-16:00", "poi_typ": "shop", "dienstag_vormittag": true }, "geometry": { "type": "Point", "coordinates": [ 13.4423789, 52.5435648 ] } },
{ "type": "Feature", "properties": { "element": "node", "id": 7233554326, "name": "Ernsting's family", "shop": "clothes", "amenity": null, "office": null, "tourism": null, "leisure": null, "building": null, "opening_hours": "Mo-Fr 09:00-20:00; Sa 09:00-18:00", "poi_typ": "shop", "dienstag_vormittag": true }, "geometry": { "type": "Point", "coordinates": [ 13.4427328, 52.5437103 ] } },
{ "type": "Feature", "properties": { "element": "node", "id": 7233554327, "name": "Hörpartner", "shop": "hearing_aids", "amenity": null, "office": null, "tourism": null, "leisure": null, "building": null, "opening_hours": "Mo-Fr 09:00-18:00", "poi_typ": "shop", "dienstag_vormittag": true }, "geometry": { "type": "Point", "coordinates": [ 13.4429272, 52.5436451 ] } },
{ "type": "Feature", "properties": { "element": "node", "id": 7233554328, "name": "Maxi Express", "shop": "locksmith", "amenity": null, "office": null, "tourism": null, "leisure": null, "building": null, "opening_hours": "Mo-Fr 10:00-14:00, Sa 10:00-18:00, Mo-Fr 15:00-19:00", "poi_typ": "shop", "dienstag_vormittag": true }, "geometry": { "type": "Point", "coordinates": [ 13.4429945, 52.5435617 ] } },
{ "type": "Feature", "properties": { "element": "node", "id": 7233554331, "name": "Bäcker Feihl", "shop": "bakery", "amenity": null, "office": null, "tourism": null, "leisure": null, "building": null, "opening_hours": "Mo-Fr 07:00-18:00; Sa 07:00-17:00", "poi_typ": "shop", "dienstag_vormittag": true }, "geometry": { "type": "Point", "coordinates": [ 13.4427129, 52.5434511 ] } },
{ "type": "Feature", "properties": { "element": "node", "id": 7233554334, "name": "Reiseland", "shop": "travel_agency", "amenity": null, "office": null, "tourism": null, "leisure": null, "building": null, "opening_hours": "Mo-Fr 10:00-18:00", "poi_typ": "shop", "dienstag_vormittag": true }, "geometry": { "type": "Point", "coordinates": [ 13.4424138, 52.5432404 ] } },
{ "type": "Feature", "properties": { "element": "node", "id": 7233554335, "name": "Il Centro", "shop": null, "amenity": "ice_cream", "office": null, "tourism": null, "leisure": null, "building": null, "opening_hours": "Mo-Fr 09:00-19:30; Sa 09:00-18:00", "poi_typ": "amenity", "dienstag_vormittag": true }, "geometry": { "type": "Point", "coordinates": [ 13.4424886, 52.5434738 ] } },
{ "type": "Feature", "properties": { "element": "node", "id": 7233554336, "name": "Pro Kopf Style", "shop": "hairdresser", "amenity": null, "office": null, "tourism": null, "leisure": null, "building": null, "opening_hours": "Mo-Fr 09:00-20:00; Sa 09:00-18:00", "poi_typ": "shop", "dienstag_vormittag": true }, "geometry": { "type": "Point", "coordinates": [ 13.4422444, 52.5434844 ] } },
{ "type": "Feature", "properties": { "element": "node", "id": 7249782635, "name": "DHL", "shop": null, "amenity": "post_office", "office": null, "tourism": null, "leisure": null, "building": null, "opening_hours": "Mo-Fr 09:00-18:00; Sa 09:00-13:00", "poi_typ": "amenity", "dienstag_vormittag": true }, "geometry": { "type": "Point", "coordinates": [ 13.4428902, 52.5435809 ] } },
{ "type": "Feature", "properties": { "element": "node", "id": 7249782636, "name": "Ricky", "shop": "tailor", "amenity": null, "office": null, "tourism": null, "leisure": null, "building": null, "opening_hours": "Mo-Fr 10:00-20:00; Sa 10:00-18:00", "poi_typ": "shop", "dienstag_vormittag": true }, "geometry": { "type": "Point", "coordinates": [ 13.4427708, 52.5433761 ] } },
{ "type": "Feature", "properties": { "element": "node", "id": 7249782637, "name": "Little Presents", "shop": "kiosk", "amenity": null, "office": null, "tourism": null, "leisure": null, "building": null, "opening_hours": "Mo-Fr 08:00-20:00; Sa 09:00-18:00", "poi_typ": "shop", "dienstag_vormittag": true }, "geometry": { "type": "Point", "coordinates": [ 13.4425388, 52.5433962 ] } },
{ "type": "Feature", "properties": { "element": "node", "id": 7249782646, "name": "Centro Italia", "shop": "supermarket", "amenity": null, "office": null, "tourism": null, "leisure": null, "building": null, "opening_hours": "Mo-Fr 10:00-19:00, Sa 10:00-16:00", "poi_typ": "shop", "dienstag_vormittag": true }, "geometry": { "type": "Point", "coordinates": [ 13.4386786, 52.5391376 ] } },
{ "type": "Feature", "properties": { "element": "node", "id": 7249782647, "name": "Rollerdealer Prenzl'berg", "shop": "motorcycle", "amenity": null, "office": null, "tourism": null, "leisure": null, "building": null, "opening_hours": "Mo-Fr 10:00-18:00; Sa 09:00-13:00", "poi_typ": "shop", "dienstag_vormittag": true }, "geometry": { "type": "Point", "coordinates": [ 13.4388655, 52.5390677 ] } },
{ "type": "Feature", "properties": { "element": "node", "id": 7272720758, "name": "Formwandler", "shop": null, "amenity": null, "office": null, "tourism": null, "leisure": "fitness_centre", "building": null, "opening_hours": "Mo-Fr 08:00-21:00; Sa-Su 10:00-15:00; PH off", "poi_typ": "leisure", "dienstag_vormittag": true }, "geometry": { "type": "Point", "coordinates": [ 13.4223608, 52.5439907 ] } },
{ "type": "Feature", "properties": { "element": "node", "id": 7274447383, "name": "Kajumi", "shop": null, "amenity": "cafe", "office": null, "tourism": null, "leisure": null, "building": null, "opening_hours": "Mo-Fr 07:30-17:00; Sa-Su 09:00-18:00", "poi_typ": "amenity", "dienstag_vormittag": true }, "geometry": { "type": "Point", "coordinates": [ 13.4220194, 52.5441717 ] } },
{ "type": "Feature", "properties": { "element": "node", "id": 7274999617, "name": "Lila Lämmchen Schuhe", "shop": "shoes", "amenity": null, "office": null, "tourism": null, "leisure": null, "building": null, "opening_hours": "Mo-Fr 10:00-18:30; Sa 10:00-16:00", "poi_typ": "shop", "dienstag_vormittag": true }, "geometry": { "type": "Point", "coordinates": [ 13.4213783, 52.5434657 ] } },
{ "type": "Feature", "properties": { "element": "node", "id": 7275393157, "name": "Weinwinkel", "shop": "wine", "amenity": null, "office": null, "tourism": null, "leisure": null, "building": null, "opening_hours": "Mo-Fr 12:00-20:00; Sa 10:00-19:00", "poi_typ": "shop", "dienstag_vormittag": true }, "geometry": { "type": "Point", "coordinates": [ 13.419532, 52.5408506 ] } },
{ "type": "Feature", "properties": { "element": "node", "id": 7280700048, "name": "Beauty and Cure", "shop": "beauty", "amenity": null, "office": null, "tourism": null, "leisure": null, "building": null, "opening_hours": "Mo-Fr 10:00-19:00; Sa 11:00-18:00", "poi_typ": "shop", "dienstag_vormittag": true }, "geometry": { "type": "Point", "coordinates": [ 13.4181778, 52.5440698 ] } },
{ "type": "Feature", "properties": { "element": "node", "id": 7281027896, "name": "Beauty Isn't Makeup", "shop": "beauty", "amenity": null, "office": null, "tourism": null, "leisure": null, "building": null, "opening_hours": "Mo-Fr 10:00-19:00; Sa 12:00-18:00", "poi_typ": "shop", "dienstag_vormittag": true }, "geometry": { "type": "Point", "coordinates": [ 13.4163315, 52.5424212 ] } },
{ "type": "Feature", "properties": { "element": "node", "id": 7281048995, "name": "Herbert + Kohlmeyer Immobilien", "shop": null, "amenity": null, "office": "estate_agent", "tourism": null, "leisure": null, "building": null, "opening_hours": "Mo-Fr 09:00-17:00", "poi_typ": "office", "dienstag_vormittag": true }, "geometry": { "type": "Point", "coordinates": [ 13.4148051, 52.5410342 ] } },
{ "type": "Feature", "properties": { "element": "node", "id": 7287769131, "name": "Wood Lock", "shop": "shoes", "amenity": null, "office": null, "tourism": null, "leisure": null, "building": null, "opening_hours": "Mo-Fr 14:00-19:00; Sa 11:00-16:00", "poi_typ": "shop", "dienstag_vormittag": true }, "geometry": { "type": "Point", "coordinates": [ 13.4150076, 52.5416519 ] } },
{ "type": "Feature", "properties": { "element": "node", "id": 7288911375, "name": "Ambivalenz", "shop": "furniture", "amenity": null, "office": null, "tourism": null, "leisure": null, "building": null, "opening_hours": "Mo-Fr 09:00-18:00", "poi_typ": "shop", "dienstag_vormittag": true }, "geometry": { "type": "Point", "coordinates": [ 13.423099, 52.5417109 ] } },
{ "type": "Feature", "properties": { "element": "node", "id": 7288960422, "name": "MedienPoint", "shop": "books", "amenity": null, "office": null, "tourism": null, "leisure": null, "building": null, "opening_hours": "Mo-Fr 09:00-17:00", "poi_typ": "shop", "dienstag_vormittag": true }, "geometry": { "type": "Point", "coordinates": [ 13.4236654, 52.5430081 ] } },
{ "type": "Feature", "properties": { "element": "node", "id": 7289663688, "name": "Avocado Kosmetik", "shop": "beauty", "amenity": null, "office": null, "tourism": null, "leisure": null, "building": null, "opening_hours": "Mo-Fr 10:00-18:00; Sa 11:00-14:00; Su off", "poi_typ": "shop", "dienstag_vormittag": true }, "geometry": { "type": "Point", "coordinates": [ 13.4217698, 52.5400606 ] } },
{ "type": "Feature", "properties": { "element": "node", "id": 7291195187, "name": "Moby Dick", "shop": "books", "amenity": null, "office": null, "tourism": null, "leisure": null, "building": null, "opening_hours": "Mo-Fr 10:00-19:00; Sa 10:00-16:00", "poi_typ": "shop", "dienstag_vormittag": true }, "geometry": { "type": "Point", "coordinates": [ 13.4194659, 52.5461483 ] } },
{ "type": "Feature", "properties": { "element": "node", "id": 7292317454, "name": "Moloko", "shop": null, "amenity": "cafe", "office": null, "tourism": null, "leisure": null, "building": null, "opening_hours": "Mo-Su 10:00-22:00", "poi_typ": "amenity", "dienstag_vormittag": true }, "geometry": { "type": "Point", "coordinates": [ 13.4190738, 52.5434839 ] } },
{ "type": "Feature", "properties": { "element": "node", "id": 7308437146, "name": "Tilda", "shop": null, "amenity": "cafe", "office": null, "tourism": null, "leisure": null, "building": null, "opening_hours": "Mo-Fr 08:30-17:00; Sa 09:30-17:00", "poi_typ": "amenity", "dienstag_vormittag": true }, "geometry": { "type": "Point", "coordinates": [ 13.4178048, 52.5429404 ] } },
{ "type": "Feature", "properties": { "element": "node", "id": 7310109791, "name": "Solarent", "shop": "beauty", "amenity": null, "office": null, "tourism": null, "leisure": null, "building": null, "opening_hours": "Mo-Su 09:00-22:00", "poi_typ": "shop", "dienstag_vormittag": true }, "geometry": { "type": "Point", "coordinates": [ 13.4266272, 52.5441041 ] } },
{ "type": "Feature", "properties": { "element": "node", "id": 7310118044, "name": "Wonder", "shop": null, "amenity": "coworking_space", "office": null, "tourism": null, "leisure": null, "building": null, "opening_hours": "Mo-Fr 09:30-16:00", "poi_typ": "amenity", "dienstag_vormittag": true }, "geometry": { "type": "Point", "coordinates": [ 13.4253802, 52.5418663 ] } },
{ "type": "Feature", "properties": { "element": "node", "id": 7310123918, "name": "Der andere Spieleladen", "shop": "games", "amenity": null, "office": null, "tourism": null, "leisure": null, "building": null, "opening_hours": "Mo-Fr 10:00-19:00; Sa 10:00-16:00", "poi_typ": "shop", "dienstag_vormittag": true }, "geometry": { "type": "Point", "coordinates": [ 13.4243646, 52.5401006 ] } },
{ "type": "Feature", "properties": { "element": "node", "id": 7310137555, "name": "Tsinapari", "shop": "wine", "amenity": null, "office": null, "tourism": null, "leisure": null, "building": null, "opening_hours": "Mo-Fr 14:00-19:00; Sa 11:00-16:00", "poi_typ": "shop", "dienstag_vormittag": true }, "geometry": { "type": "Point", "coordinates": [ 13.4244696, 52.5402788 ] } },
{ "type": "Feature", "properties": { "element": "node", "id": 7310174846, "name": "Ooomm", "shop": "massage", "amenity": null, "office": null, "tourism": null, "leisure": null, "building": null, "opening_hours": "Mo-Fr 10:00-17:00", "poi_typ": "shop", "dienstag_vormittag": true }, "geometry": { "type": "Point", "coordinates": [ 13.424532, 52.5403918 ] } },
{ "type": "Feature", "properties": { "element": "node", "id": 7310543612, "name": "Lan Nagelstudio", "shop": "beauty", "amenity": null, "office": null, "tourism": null, "leisure": null, "building": null, "opening_hours": "Mo-Fr 09:30-19:00; Sa 09:30-18:00", "poi_typ": "shop", "dienstag_vormittag": true }, "geometry": { "type": "Point", "coordinates": [ 13.4170965, 52.5405296 ] } },
{ "type": "Feature", "properties": { "element": "node", "id": 7310584350, "name": "Spreeläufer", "shop": "shoes", "amenity": null, "office": null, "tourism": null, "leisure": null, "building": null, "opening_hours": "Mo-Fr 10:00-19:00; Sa 10:00-16:00", "poi_typ": "shop", "dienstag_vormittag": true }, "geometry": { "type": "Point", "coordinates": [ 13.4182744, 52.5403493 ] } },
{ "type": "Feature", "properties": { "element": "node", "id": 7310701581, "name": "Prenzl Zahnärzte", "shop": null, "amenity": "dentist", "office": null, "tourism": null, "leisure": null, "building": null, "opening_hours": "Mo-Fr 07:30-19:30", "poi_typ": "amenity", "dienstag_vormittag": true }, "geometry": { "type": "Point", "coordinates": [ 13.4216142, 52.5398339 ] } },
{ "type": "Feature", "properties": { "element": "node", "id": 7310701596, "name": "Performance", "shop": "hairdresser", "amenity": null, "office": null, "tourism": null, "leisure": null, "building": null, "opening_hours": "Mo-Fr 10:00-19:00; Sa 10:00-17:00", "poi_typ": "shop", "dienstag_vormittag": true }, "geometry": { "type": "Point", "coordinates": [ 13.4196611, 52.5401367 ] } },
{ "type": "Feature", "properties": { "element": "node", "id": 7310705460, "name": "Heipl Berlin", "shop": "interior_decoration", "amenity": null, "office": null, "tourism": null, "leisure": null, "building": null, "opening_hours": "Mo-Fr 11:00-19:00; Sa 11:00-18:00", "poi_typ": "shop", "dienstag_vormittag": true }, "geometry": { "type": "Point", "coordinates": [ 13.4213529, 52.5398714 ] } },
{ "type": "Feature", "properties": { "element": "node", "id": 7311268311, "name": "Milano Nails", "shop": "beauty", "amenity": null, "office": null, "tourism": null, "leisure": null, "building": null, "opening_hours": "Mo-Fr 09:30-19:00; Sa 09:30-18:00", "poi_typ": "shop", "dienstag_vormittag": true }, "geometry": { "type": "Point", "coordinates": [ 13.4229064, 52.5396305 ] } },
{ "type": "Feature", "properties": { "element": "node", "id": 7345554890, "name": "Spurtreu", "shop": "bicycle", "amenity": null, "office": null, "tourism": null, "leisure": null, "building": null, "opening_hours": "Mo-Fr 11:00-19:00; Sa 11:00-18:00", "poi_typ": "shop", "dienstag_vormittag": true }, "geometry": { "type": "Point", "coordinates": [ 13.4222794, 52.540825 ] } },
{ "type": "Feature", "properties": { "element": "node", "id": 7345567665, "name": "Le Berg", "shop": null, "amenity": null, "office": "company", "tourism": null, "leisure": null, "building": null, "opening_hours": "Mo-Fr 09:00-18:00", "poi_typ": "office", "dienstag_vormittag": true }, "geometry": { "type": "Point", "coordinates": [ 13.4220957, 52.5405325 ] } },
{ "type": "Feature", "properties": { "element": "node", "id": 7446841170, "name": "Café Jasmino", "shop": null, "amenity": "cafe", "office": null, "tourism": null, "leisure": null, "building": null, "opening_hours": "Mo-Fr 09:00-18:00; Su,PH 10:00-18:00", "poi_typ": "amenity", "dienstag_vormittag": true }, "geometry": { "type": "Point", "coordinates": [ 13.4128476, 52.5656447 ] } },
{ "type": "Feature", "properties": { "element": "node", "id": 7526793582, "name": "Atelier der Schönheit", "shop": "beauty", "amenity": null, "office": null, "tourism": null, "leisure": null, "building": null, "opening_hours": "Mo-Fr 10:00-18:00", "poi_typ": "shop", "dienstag_vormittag": true }, "geometry": { "type": "Point", "coordinates": [ 13.4382777, 52.5412824 ] } },
{ "type": "Feature", "properties": { "element": "node", "id": 7617687673, "name": "Bamya", "shop": "deli", "amenity": null, "office": null, "tourism": null, "leisure": null, "building": null, "opening_hours": "Mo-Fr 08:30-19:30; Sa 08:30-17:30", "poi_typ": "shop", "dienstag_vormittag": true }, "geometry": { "type": "Point", "coordinates": [ 13.4088098, 52.5488469 ] } },
{ "type": "Feature", "properties": { "element": "node", "id": 7623970717, "name": "Haarprofis Barbershop by Pasa & Kadiz", "shop": "hairdresser", "amenity": null, "office": null, "tourism": null, "leisure": null, "building": null, "opening_hours": "Mo-Fr 09:00-19:00; Sa 09:00-18:00", "poi_typ": "shop", "dienstag_vormittag": true }, "geometry": { "type": "Point", "coordinates": [ 13.470519, 52.6151611 ] } },
{ "type": "Feature", "properties": { "element": "node", "id": 7623970718, "name": "Unterwegs", "shop": "travel_agency", "amenity": null, "office": null, "tourism": null, "leisure": null, "building": null, "opening_hours": "Mo-Fr 10:00-18:00", "poi_typ": "shop", "dienstag_vormittag": true }, "geometry": { "type": "Point", "coordinates": [ 13.4705924, 52.615228 ] } },
{ "type": "Feature", "properties": { "element": "node", "id": 7623970719, "name": "Burger Karow Pizza", "shop": null, "amenity": "fast_food", "office": null, "tourism": null, "leisure": null, "building": null, "opening_hours": "Mo-Su,PH 10:00-22:00", "poi_typ": "amenity", "dienstag_vormittag": true }, "geometry": { "type": "Point", "coordinates": [ 13.4706867, 52.6153063 ] } },
{ "type": "Feature", "properties": { "element": "node", "id": 7649805876, "name": null, "shop": null, "amenity": "parcel_locker", "office": null, "tourism": null, "leisure": null, "building": null, "opening_hours": "24/7", "poi_typ": "amenity", "dienstag_vormittag": true }, "geometry": { "type": "Point", "coordinates": [ 13.4458502, 52.5346071 ] } },
{ "type": "Feature", "properties": { "element": "node", "id": 7660542423, "name": "TotalEnergies", "shop": null, "amenity": "fuel", "office": null, "tourism": null, "leisure": null, "building": null, "opening_hours": "Mo-Fr 05:00-22:00; Sa-Su 06:00-22:00", "poi_typ": "amenity", "dienstag_vormittag": true }, "geometry": { "type": "Point", "coordinates": [ 13.4045194, 52.5829768 ] } },
{ "type": "Feature", "properties": { "element": "node", "id": 7684406743, "name": null, "shop": null, "amenity": "bicycle_rental", "office": null, "tourism": null, "leisure": null, "building": null, "opening_hours": "24/7", "poi_typ": "amenity", "dienstag_vormittag": true }, "geometry": { "type": "Point", "coordinates": [ 13.4431812, 52.5427167 ] } },
{ "type": "Feature", "properties": { "element": "node", "id": 7716439207, "name": "Lucky's Bier Bar", "shop": null, "amenity": "bar", "office": null, "tourism": null, "leisure": null, "building": null, "opening_hours": "24/7", "poi_typ": "amenity", "dienstag_vormittag": true }, "geometry": { "type": "Point", "coordinates": [ 13.4228433, 52.5389849 ] } },
{ "type": "Feature", "properties": { "element": "node", "id": 7736018486, "name": "Stefanie Bumann und Team", "shop": "hairdresser", "amenity": null, "office": null, "tourism": null, "leisure": null, "building": null, "opening_hours": "Mo-Fr 09:00-18:00", "poi_typ": "shop", "dienstag_vormittag": true }, "geometry": { "type": "Point", "coordinates": [ 13.4105645, 52.5287751 ] } },
{ "type": "Feature", "properties": { "element": "node", "id": 7746191692, "name": "Holtz", "shop": null, "amenity": null, "office": "estate_agent", "tourism": null, "leisure": null, "building": null, "opening_hours": "Mo-Fr 08:00-18:00", "poi_typ": "office", "dienstag_vormittag": true }, "geometry": { "type": "Point", "coordinates": [ 13.3666051, 52.5849515 ] } },
{ "type": "Feature", "properties": { "element": "node", "id": 7746191694, "name": "Pankebären", "shop": null, "amenity": "childcare", "office": null, "tourism": null, "leisure": null, "building": null, "opening_hours": "Mo-Fr 07:00-17:00", "poi_typ": "amenity", "dienstag_vormittag": true }, "geometry": { "type": "Point", "coordinates": [ 13.3655333, 52.5835082 ] } },
{ "type": "Feature", "properties": { "element": "node", "id": 7746983176, "name": "Spülenshop 24", "shop": "kitchen", "amenity": null, "office": null, "tourism": null, "leisure": null, "building": null, "opening_hours": "Mo-Fr 08:00-16:00", "poi_typ": "shop", "dienstag_vormittag": true }, "geometry": { "type": "Point", "coordinates": [ 13.3822415, 52.5930375 ] } },
{ "type": "Feature", "properties": { "element": "node", "id": 7747010738, "name": "Tabak & Lotto-Laden Karabey", "shop": "newsagent", "amenity": null, "office": null, "tourism": null, "leisure": null, "building": null, "opening_hours": "Mo-Fr 06:30-20:00; Sa 07:00-20:00; PH,Su off", "poi_typ": "shop", "dienstag_vormittag": true }, "geometry": { "type": "Point", "coordinates": [ 13.38284, 52.591471 ] } },
{ "type": "Feature", "properties": { "element": "node", "id": 7747244644, "name": "Steppke … wunderbares Spielzeug", "shop": "toys", "amenity": null, "office": null, "tourism": null, "leisure": null, "building": null, "opening_hours": "Mo-Fr 10:00-18:00; Sa 10:00-14:00", "poi_typ": "shop", "dienstag_vormittag": true }, "geometry": { "type": "Point", "coordinates": [ 13.4082873, 52.5717877 ] } },
{ "type": "Feature", "properties": { "element": "node", "id": 7749873429, "name": "T.R.A. Reisebüro", "shop": null, "amenity": null, "office": "travel_agent", "tourism": null, "leisure": null, "building": null, "opening_hours": "Mo-Fr 11:00-15:00", "poi_typ": "office", "dienstag_vormittag": true }, "geometry": { "type": "Point", "coordinates": [ 13.3753537, 52.5819294 ] } },
{ "type": "Feature", "properties": { "element": "node", "id": 7781733049, "name": "EuroShop", "shop": "variety_store", "amenity": null, "office": null, "tourism": null, "leisure": null, "building": null, "opening_hours": "Mo-Fr 09:30-19:00; Sa 09:30-16:00", "poi_typ": "shop", "dienstag_vormittag": true }, "geometry": { "type": "Point", "coordinates": [ 13.427211, 52.5452748 ] } },
{ "type": "Feature", "properties": { "element": "node", "id": 7788393649, "name": null, "shop": null, "amenity": "charging_station", "office": null, "tourism": null, "leisure": null, "building": null, "opening_hours": "24/7", "poi_typ": "amenity", "dienstag_vormittag": true }, "geometry": { "type": "Point", "coordinates": [ 13.405608, 52.5468349 ] } },
{ "type": "Feature", "properties": { "element": "node", "id": 7804549785, "name": "Blumenladen", "shop": "florist", "amenity": null, "office": null, "tourism": null, "leisure": null, "building": null, "opening_hours": "Apr-Sep Mo-Su 08:00-20:00; Oct-Mar Mo-Su 08:30-19:00", "poi_typ": "shop", "dienstag_vormittag": true }, "geometry": { "type": "Point", "coordinates": [ 13.4438602, 52.5526368 ] } },
{ "type": "Feature", "properties": { "element": "node", "id": 7830584554, "name": null, "shop": null, "amenity": "charging_station", "office": null, "tourism": null, "leisure": null, "building": null, "opening_hours": "24/7", "poi_typ": "amenity", "dienstag_vormittag": true }, "geometry": { "type": "Point", "coordinates": [ 13.4082354, 52.5507033 ] } },
{ "type": "Feature", "properties": { "element": "node", "id": 7836880350, "name": "Natas Berlin", "shop": null, "amenity": "cafe", "office": null, "tourism": null, "leisure": null, "building": null, "opening_hours": "Mo-Su 09:00-18:00", "poi_typ": "amenity", "dienstag_vormittag": true }, "geometry": { "type": "Point", "coordinates": [ 13.4508736, 52.5524769 ] } },
{ "type": "Feature", "properties": { "element": "node", "id": 7836880351, "name": "Blumen Galerie Mini Flora", "shop": "florist", "amenity": null, "office": null, "tourism": null, "leisure": null, "building": null, "opening_hours": "Mo-Fr 09:00-17:00; Sa 09:00-13:00", "poi_typ": "shop", "dienstag_vormittag": true }, "geometry": { "type": "Point", "coordinates": [ 13.449338, 52.553174 ] } },
{ "type": "Feature", "properties": { "element": "node", "id": 7837163185, "name": "Mogwa", "shop": "books", "amenity": null, "office": null, "tourism": null, "leisure": null, "building": null, "opening_hours": "Mo-Fr 11:00-19:00; Sa 10:00-18:00", "poi_typ": "shop", "dienstag_vormittag": true }, "geometry": { "type": "Point", "coordinates": [ 13.4205281, 52.5336138 ] } },
{ "type": "Feature", "properties": { "element": "node", "id": 7837163285, "name": "Engel & Völkers", "shop": null, "amenity": null, "office": "estate_agent", "tourism": null, "leisure": null, "building": null, "opening_hours": "Mo-Fr 14:00-18:00; Sa 11:00-15:00", "poi_typ": "office", "dienstag_vormittag": true }, "geometry": { "type": "Point", "coordinates": [ 13.4196989, 52.5339675 ] } },
{ "type": "Feature", "properties": { "element": "node", "id": 7855046574, "name": "Rasch Moto", "shop": "motorcycle", "amenity": null, "office": null, "tourism": null, "leisure": null, "building": null, "opening_hours": "Mo-Fr 09:00-13:00,14:00-18:00; Sa,Su,PH off", "poi_typ": "shop", "dienstag_vormittag": true }, "geometry": { "type": "Point", "coordinates": [ 13.43876, 52.5690447 ] } },
{ "type": "Feature", "properties": { "element": "node", "id": 7867631180, "name": "Amerika Reisen", "shop": "travel_agency", "amenity": null, "office": null, "tourism": null, "leisure": null, "building": null, "opening_hours": "Mo-Fr 10:00-18:30", "poi_typ": "shop", "dienstag_vormittag": true }, "geometry": { "type": "Point", "coordinates": [ 13.424708, 52.5387267 ] } },
{ "type": "Feature", "properties": { "element": "node", "id": 7867810048, "name": "Mrs. Sporty", "shop": null, "amenity": null, "office": null, "tourism": null, "leisure": "fitness_centre", "building": null, "opening_hours": "Mo-Su 06:00-22:00 \"Trainingszeiten für Mitglieder\"", "poi_typ": "leisure", "dienstag_vormittag": true }, "geometry": { "type": "Point", "coordinates": [ 13.4277953, 52.536809 ] } },
{ "type": "Feature", "properties": { "element": "node", "id": 7867810054, "name": "Vinh Greengrocery and more", "shop": "greengrocer", "amenity": null, "office": null, "tourism": null, "leisure": null, "building": null, "opening_hours": "Mo-Fr 09:30-19:00; Sa 09:30-18:00", "poi_typ": "shop", "dienstag_vormittag": true }, "geometry": { "type": "Point", "coordinates": [ 13.4260501, 52.5349104 ] } },
{ "type": "Feature", "properties": { "element": "node", "id": 7871627251, "name": "Jolu Naturkosmetik Produkte", "shop": "cosmetics", "amenity": null, "office": null, "tourism": null, "leisure": null, "building": null, "opening_hours": "Mo-Fr 10:00-19:00, Sa 11:00-15:00", "poi_typ": "shop", "dienstag_vormittag": true }, "geometry": { "type": "Point", "coordinates": [ 13.4262617, 52.5346351 ] } },
{ "type": "Feature", "properties": { "element": "node", "id": 7890952388, "name": "Vokuhila", "shop": "hairdresser", "amenity": null, "office": null, "tourism": null, "leisure": null, "building": null, "opening_hours": "Mo-Fr 09:00-21:00; Sa 10:00-18:00; Su off", "poi_typ": "shop", "dienstag_vormittag": true }, "geometry": { "type": "Point", "coordinates": [ 13.4092421, 52.5383667 ] } },
{ "type": "Feature", "properties": { "element": "node", "id": 7916299169, "name": "Oxfam", "shop": "charity", "amenity": null, "office": null, "tourism": null, "leisure": null, "building": null, "opening_hours": "Mo-Fr 10:00-18:00; Sa 11:00-15:00", "poi_typ": "shop", "dienstag_vormittag": true }, "geometry": { "type": "Point", "coordinates": [ 13.4547315, 52.5493016 ] } },
{ "type": "Feature", "properties": { "element": "node", "id": 7934076096, "name": "HIT-IN.TV", "shop": "clothes", "amenity": null, "office": null, "tourism": null, "leisure": null, "building": null, "opening_hours": "Mo-Fr 11:00-19:00; Sa 11:00-18:00", "poi_typ": "shop", "dienstag_vormittag": true }, "geometry": { "type": "Point", "coordinates": [ 13.4051828, 52.5400478 ] } },
{ "type": "Feature", "properties": { "element": "node", "id": 7960890342, "name": null, "shop": null, "amenity": "charging_station", "office": null, "tourism": null, "leisure": null, "building": null, "opening_hours": "24/7", "poi_typ": "amenity", "dienstag_vormittag": true }, "geometry": { "type": "Point", "coordinates": [ 13.4162771, 52.5604463 ] } },
{ "type": "Feature", "properties": { "element": "node", "id": 8009959583, "name": null, "shop": null, "amenity": "pub", "office": null, "tourism": null, "leisure": null, "building": null, "opening_hours": "Mo-Fr 13:00-19:00; Sa,Su 10:00-17:00", "poi_typ": "amenity", "dienstag_vormittag": true }, "geometry": { "type": "Point", "coordinates": [ 13.4478093, 52.5316982 ] } },
{ "type": "Feature", "properties": { "element": "node", "id": 8058788491, "name": "Barbershop Mr. Orient", "shop": "hairdresser", "amenity": null, "office": null, "tourism": null, "leisure": null, "building": null, "opening_hours": "Mo-Fr 09:00-20:00; Sa 09:00-19:00", "poi_typ": "shop", "dienstag_vormittag": true }, "geometry": { "type": "Point", "coordinates": [ 13.4099387, 52.5668847 ] } },
{ "type": "Feature", "properties": { "element": "node", "id": 8066147155, "name": "Ready Set Move – Personal Training Berlin", "shop": null, "amenity": null, "office": null, "tourism": null, "leisure": "fitness_centre", "building": null, "opening_hours": "Mo-Fr 08:00-20:00", "poi_typ": "leisure", "dienstag_vormittag": true }, "geometry": { "type": "Point", "coordinates": [ 13.4118011, 52.5444176 ] } },
{ "type": "Feature", "properties": { "element": "node", "id": 8091571001, "name": "Euronet", "shop": null, "amenity": "atm", "office": null, "tourism": null, "leisure": null, "building": null, "opening_hours": "24/7", "poi_typ": "amenity", "dienstag_vormittag": true }, "geometry": { "type": "Point", "coordinates": [ 13.410507, 52.5334954 ] } },
{ "type": "Feature", "properties": { "element": "node", "id": 8091633298, "name": "Premium Bikeshop", "shop": "bicycle", "amenity": null, "office": null, "tourism": null, "leisure": null, "building": null, "opening_hours": "Mar-Sep: Mo-Fr 10:00-19:00; Mar-Sep: Sa 10:00-14:00; Oct-Feb: Mo-Fr 10:00-18:00; Oct-Feb: Sa 10:00-14:00", "poi_typ": "shop", "dienstag_vormittag": true }, "geometry": { "type": "Point", "coordinates": [ 13.3974664, 52.5801783 ] } },
{ "type": "Feature", "properties": { "element": "node", "id": 8144181964, "name": "Ihr Fischladen", "shop": "seafood", "amenity": null, "office": null, "tourism": null, "leisure": null, "building": null, "opening_hours": "Mo-Fr 10:00-16:00", "poi_typ": "shop", "dienstag_vormittag": true }, "geometry": { "type": "Point", "coordinates": [ 13.4473341, 52.5499047 ] } },
{ "type": "Feature", "properties": { "element": "node", "id": 8245782776, "name": "Viet Food", "shop": null, "amenity": "restaurant", "office": null, "tourism": null, "leisure": null, "building": null, "opening_hours": "Mo-Fr 11:00-22:00; Sa-Su 12:00-22:00", "poi_typ": "amenity", "dienstag_vormittag": true }, "geometry": { "type": "Point", "coordinates": [ 13.4560716, 52.5495884 ] } },
{ "type": "Feature", "properties": { "element": "node", "id": 8318800266, "name": "North Andes Coffee", "shop": null, "amenity": "cafe", "office": null, "tourism": null, "leisure": null, "building": null, "opening_hours": "Mo-Fr 07:30-18:00; Sa,Su 09:00-17:00", "poi_typ": "amenity", "dienstag_vormittag": true }, "geometry": { "type": "Point", "coordinates": [ 13.4077642, 52.553163 ] } },
{ "type": "Feature", "properties": { "element": "node", "id": 8325878243, "name": "JOHNs", "shop": "bakery", "amenity": null, "office": null, "tourism": null, "leisure": null, "building": null, "opening_hours": "Mo-Fr 06:00-18:00; Sa 07:00-12:00", "poi_typ": "shop", "dienstag_vormittag": true }, "geometry": { "type": "Point", "coordinates": [ 13.4139361, 52.5596352 ] } },
{ "type": "Feature", "properties": { "element": "node", "id": 8325958697, "name": "Becon", "shop": "clothes", "amenity": null, "office": null, "tourism": null, "leisure": null, "building": null, "opening_hours": "Mo-Fr 11:00-19:00", "poi_typ": "shop", "dienstag_vormittag": true }, "geometry": { "type": "Point", "coordinates": [ 13.4659148, 52.5203762 ] } },
{ "type": "Feature", "properties": { "element": "node", "id": 8348759993, "name": "Asia Street Food", "shop": null, "amenity": "fast_food", "office": null, "tourism": null, "leisure": null, "building": null, "opening_hours": "Mo-Fr 11:30-21:00", "poi_typ": "amenity", "dienstag_vormittag": true }, "geometry": { "type": "Point", "coordinates": [ 13.4132114, 52.5333422 ] } },
{ "type": "Feature", "properties": { "element": "node", "id": 8388004499, "name": "gaetan-data GmbH", "shop": null, "amenity": null, "office": "company", "tourism": null, "leisure": null, "building": null, "opening_hours": "Mo-Fr 08:00-17:00", "poi_typ": "office", "dienstag_vormittag": true }, "geometry": { "type": "Point", "coordinates": [ 13.4512745, 52.5373479 ] } },
{ "type": "Feature", "properties": { "element": "node", "id": 8398361579, "name": "Jet", "shop": null, "amenity": "fuel", "office": null, "tourism": null, "leisure": null, "building": null, "opening_hours": "24/7", "poi_typ": "amenity", "dienstag_vormittag": true }, "geometry": { "type": "Point", "coordinates": [ 13.4324571, 52.6036442 ] } },
{ "type": "Feature", "properties": { "element": "node", "id": 8444695209, "name": "Steinecke", "shop": "bakery", "amenity": null, "office": null, "tourism": null, "leisure": null, "building": null, "opening_hours": "Mo-Fr 06:30-18:30; Sa 07:00-18:00; Su 07:00-12:00", "poi_typ": "shop", "dienstag_vormittag": true }, "geometry": { "type": "Point", "coordinates": [ 13.4568828, 52.52334 ] } },
{ "type": "Feature", "properties": { "element": "node", "id": 8485324725, "name": "Espresso & Co – Fragasso", "shop": "appliance", "amenity": null, "office": null, "tourism": null, "leisure": null, "building": null, "opening_hours": "Mo-Fr 10:00-18:00; Sa 11:00-16:30", "poi_typ": "shop", "dienstag_vormittag": true }, "geometry": { "type": "Point", "coordinates": [ 13.4280146, 52.5322461 ] } },
{ "type": "Feature", "properties": { "element": "node", "id": 8491464858, "name": "Blumen Holm", "shop": "florist", "amenity": null, "office": null, "tourism": null, "leisure": null, "building": null, "opening_hours": "Mo-Fr 08:00-18:00; Sa 08:00-14:00", "poi_typ": "shop", "dienstag_vormittag": true }, "geometry": { "type": "Point", "coordinates": [ 13.4578376, 52.5503582 ] } },
{ "type": "Feature", "properties": { "element": "node", "id": 8544194909, "name": "Campingcenter am Wasserturm", "shop": "outdoor", "amenity": null, "office": null, "tourism": null, "leisure": null, "building": null, "opening_hours": "Mo-Fr 10:00-18:00", "poi_typ": "shop", "dienstag_vormittag": true }, "geometry": { "type": "Point", "coordinates": [ 13.4394613, 52.5671491 ] } },
{ "type": "Feature", "properties": { "element": "node", "id": 8579073017, "name": "Serhat Döner", "shop": null, "amenity": "restaurant", "office": null, "tourism": null, "leisure": null, "building": null, "opening_hours": "24/7", "poi_typ": "amenity", "dienstag_vormittag": true }, "geometry": { "type": "Point", "coordinates": [ 13.4767547, 52.5531601 ] } },
{ "type": "Feature", "properties": { "element": "node", "id": 8621664469, "name": "Fitbox", "shop": null, "amenity": null, "office": null, "tourism": null, "leisure": "fitness_centre", "building": null, "opening_hours": "Mo-Fr 09:00-20:00; Sa 09:00-16:00", "poi_typ": "leisure", "dienstag_vormittag": true }, "geometry": { "type": "Point", "coordinates": [ 13.4225943, 52.5371215 ] } },
{ "type": "Feature", "properties": { "element": "node", "id": 8621664470, "name": "Schlüsseldienst G. Rogawski", "shop": "locksmith", "amenity": null, "office": null, "tourism": null, "leisure": null, "building": null, "opening_hours": "Mo-Fr 10:00-13:00,15:00-18:00", "poi_typ": "shop", "dienstag_vormittag": true }, "geometry": { "type": "Point", "coordinates": [ 13.4223479, 52.5366938 ] } },
{ "type": "Feature", "properties": { "element": "node", "id": 8648185186, "name": null, "shop": null, "amenity": "charging_station", "office": null, "tourism": null, "leisure": null, "building": null, "opening_hours": "24/7", "poi_typ": "amenity", "dienstag_vormittag": true }, "geometry": { "type": "Point", "coordinates": [ 13.4571288, 52.5340093 ] } },
{ "type": "Feature", "properties": { "element": "node", "id": 8658890772, "name": null, "shop": null, "amenity": "charging_station", "office": null, "tourism": null, "leisure": null, "building": null, "opening_hours": "24/7", "poi_typ": "amenity", "dienstag_vormittag": true }, "geometry": { "type": "Point", "coordinates": [ 13.4303357, 52.5472987 ] } },
{ "type": "Feature", "properties": { "element": "node", "id": 8658890773, "name": null, "shop": null, "amenity": "charging_station", "office": null, "tourism": null, "leisure": null, "building": null, "opening_hours": "24/7", "poi_typ": "amenity", "dienstag_vormittag": true }, "geometry": { "type": "Point", "coordinates": [ 13.4258168, 52.5486944 ] } },
{ "type": "Feature", "properties": { "element": "node", "id": 8658890774, "name": null, "shop": null, "amenity": "charging_station", "office": null, "tourism": null, "leisure": null, "building": null, "opening_hours": "24/7", "poi_typ": "amenity", "dienstag_vormittag": true }, "geometry": { "type": "Point", "coordinates": [ 13.4240701, 52.553211 ] } },
{ "type": "Feature", "properties": { "element": "node", "id": 8664715574, "name": null, "shop": null, "amenity": "vending_machine", "office": null, "tourism": null, "leisure": null, "building": null, "opening_hours": "24/7", "poi_typ": "amenity", "dienstag_vormittag": true }, "geometry": { "type": "Point", "coordinates": [ 13.4290862, 52.5482913 ] } },
{ "type": "Feature", "properties": { "element": "node", "id": 8668129617, "name": "Rialto", "shop": null, "amenity": "pharmacy", "office": null, "tourism": null, "leisure": null, "building": null, "opening_hours": "Mo-Fr 08:00-18:30; Sa 08:00-14:00", "poi_typ": "amenity", "dienstag_vormittag": true }, "geometry": { "type": "Point", "coordinates": [ 13.4286748, 52.5486969 ] } },
{ "type": "Feature", "properties": { "element": "node", "id": 8704670909, "name": "SVEDA", "shop": null, "amenity": "restaurant", "office": null, "tourism": null, "leisure": null, "building": null, "opening_hours": "Mo-Fr 09:00-18:30; Sa-Su 10:00-18:30", "poi_typ": "amenity", "dienstag_vormittag": true }, "geometry": { "type": "Point", "coordinates": [ 13.4011426, 52.5476464 ] } },
{ "type": "Feature", "properties": { "element": "node", "id": 8722198358, "name": null, "shop": null, "amenity": "recycling", "office": null, "tourism": null, "leisure": null, "building": null, "opening_hours": "24/7", "poi_typ": "amenity", "dienstag_vormittag": true }, "geometry": { "type": "Point", "coordinates": [ 13.412877, 52.5293206 ] } },
{ "type": "Feature", "properties": { "element": "node", "id": 8746886342, "name": "Prokommunal", "shop": null, "amenity": null, "office": "it", "tourism": null, "leisure": null, "building": null, "opening_hours": "Mo-Fr 07:00-18:00", "poi_typ": "office", "dienstag_vormittag": true }, "geometry": { "type": "Point", "coordinates": [ 13.4067997, 52.5695911 ] } },
{ "type": "Feature", "properties": { "element": "node", "id": 8775336717, "name": "MMD Paketshop", "shop": null, "amenity": "post_office", "office": null, "tourism": null, "leisure": null, "building": null, "opening_hours": "Mo-Fr 10:00-12:30, 13:30-18:00", "poi_typ": "amenity", "dienstag_vormittag": true }, "geometry": { "type": "Point", "coordinates": [ 13.4394161, 52.5934068 ] } },
{ "type": "Feature", "properties": { "element": "node", "id": 8844721918, "name": "Am Schlosspark", "shop": null, "amenity": "veterinary", "office": null, "tourism": null, "leisure": null, "building": null, "opening_hours": "Mo-Fr 10:00-12:00,16:00-19:00; Sa 10:00-12:00", "poi_typ": "amenity", "dienstag_vormittag": true }, "geometry": { "type": "Point", "coordinates": [ 13.40387, 52.5826045 ] } },
{ "type": "Feature", "properties": { "element": "node", "id": 8851293917, "name": null, "shop": null, "amenity": "toilets", "office": null, "tourism": null, "leisure": null, "building": null, "opening_hours": "24/7", "poi_typ": "amenity", "dienstag_vormittag": true }, "geometry": { "type": "Point", "coordinates": [ 13.4005773, 52.543873 ] } },
{ "type": "Feature", "properties": { "element": "node", "id": 8880479836, "name": "avec", "shop": "convenience", "amenity": null, "office": null, "tourism": null, "leisure": null, "building": null, "opening_hours": "Mo-Fr 05:00-20:00; Sa 06:00-20:00; Su 07:00-20:00", "poi_typ": "shop", "dienstag_vormittag": true }, "geometry": { "type": "Point", "coordinates": [ 13.4106966, 52.5664796 ] } },
{ "type": "Feature", "properties": { "element": "node", "id": 8917346317, "name": "Von Poll Immobilien", "shop": null, "amenity": null, "office": "estate_agent", "tourism": null, "leisure": null, "building": null, "opening_hours": "Mo-Fr 10:00-18:00", "poi_typ": "office", "dienstag_vormittag": true }, "geometry": { "type": "Point", "coordinates": [ 13.3959721, 52.56577 ] } },
{ "type": "Feature", "properties": { "element": "node", "id": 8959272418, "name": "berlinmac - Apple Schulung und Support", "shop": null, "amenity": null, "office": "company", "tourism": null, "leisure": null, "building": null, "opening_hours": "Mo-Fr 09:30-17:30", "poi_typ": "office", "dienstag_vormittag": true }, "geometry": { "type": "Point", "coordinates": [ 13.4286929, 52.5368773 ] } },
{ "type": "Feature", "properties": { "element": "node", "id": 9028680173, "name": null, "shop": null, "amenity": "charging_station", "office": null, "tourism": null, "leisure": null, "building": null, "opening_hours": "24/7", "poi_typ": "amenity", "dienstag_vormittag": true }, "geometry": { "type": "Point", "coordinates": [ 13.4493843, 52.5272368 ] } },
{ "type": "Feature", "properties": { "element": "node", "id": 9028680174, "name": null, "shop": null, "amenity": "charging_station", "office": null, "tourism": null, "leisure": null, "building": null, "opening_hours": "24/7", "poi_typ": "amenity", "dienstag_vormittag": true }, "geometry": { "type": "Point", "coordinates": [ 13.4493555, 52.5272798 ] } },
{ "type": "Feature", "properties": { "element": "node", "id": 9028680189, "name": null, "shop": null, "amenity": "charging_station", "office": null, "tourism": null, "leisure": null, "building": null, "opening_hours": "24/7", "poi_typ": "amenity", "dienstag_vormittag": true }, "geometry": { "type": "Point", "coordinates": [ 13.4494511, 52.5271532 ] } },
{ "type": "Feature", "properties": { "element": "node", "id": 9029174217, "name": "44 Brekkie", "shop": null, "amenity": "cafe", "office": null, "tourism": null, "leisure": null, "building": null, "opening_hours": "Mo-Su 09:00-16:00", "poi_typ": "amenity", "dienstag_vormittag": true }, "geometry": { "type": "Point", "coordinates": [ 13.4204938, 52.5367612 ] } },
{ "type": "Feature", "properties": { "element": "node", "id": 9047895780, "name": "Kita CampusSterne", "shop": null, "amenity": "kindergarten", "office": null, "tourism": null, "leisure": null, "building": null, "opening_hours": "Mo-Fr 06:00-18:00", "poi_typ": "amenity", "dienstag_vormittag": true }, "geometry": { "type": "Point", "coordinates": [ 13.5045691, 52.6274748 ] } },
{ "type": "Feature", "properties": { "element": "node", "id": 9073418331, "name": "Pizza & Burger Bulls", "shop": null, "amenity": "fast_food", "office": null, "tourism": null, "leisure": null, "building": null, "opening_hours": "Mo-Su 11:00-23:00", "poi_typ": "amenity", "dienstag_vormittag": true }, "geometry": { "type": "Point", "coordinates": [ 13.4458013, 52.5500066 ] } },
{ "type": "Feature", "properties": { "element": "node", "id": 9073464785, "name": "Tchibo", "shop": "coffee", "amenity": null, "office": null, "tourism": null, "leisure": null, "building": null, "opening_hours": "Mo-Fr 09:30-18:30; Sa 09:30-15:00", "poi_typ": "shop", "dienstag_vormittag": true }, "geometry": { "type": "Point", "coordinates": [ 13.4549663, 52.5493528 ] } },
{ "type": "Feature", "properties": { "element": "node", "id": 9073822324, "name": "loan nails", "shop": "beauty", "amenity": null, "office": null, "tourism": null, "leisure": null, "building": null, "opening_hours": "Mo-Fr 09:30-19:00; Sa 10:00-16:00", "poi_typ": "shop", "dienstag_vormittag": true }, "geometry": { "type": "Point", "coordinates": [ 13.466428, 52.5521402 ] } },
{ "type": "Feature", "properties": { "element": "node", "id": 9073823860, "name": "Bäckerei & Cafe - Leo", "shop": "convenience", "amenity": null, "office": null, "tourism": null, "leisure": null, "building": null, "opening_hours": "Mo-Fr 06:00-18:00; Sa,Su 07:00-14:00", "poi_typ": "shop", "dienstag_vormittag": true }, "geometry": { "type": "Point", "coordinates": [ 13.4662136, 52.5518023 ] } },
{ "type": "Feature", "properties": { "element": "node", "id": 9073947337, "name": "Sommerregen", "shop": null, "amenity": "cafe", "office": null, "tourism": null, "leisure": null, "building": null, "opening_hours": "Mo-Fr 06:00-16:00; Sa-Su 08:00-16:00", "poi_typ": "amenity", "dienstag_vormittag": true }, "geometry": { "type": "Point", "coordinates": [ 13.466745, 52.5598462 ] } },
{ "type": "Feature", "properties": { "element": "node", "id": 9073975195, "name": "Familien Bistro II", "shop": null, "amenity": "fast_food", "office": null, "tourism": null, "leisure": null, "building": null, "opening_hours": "Mo-Su 10:00-24:00", "poi_typ": "amenity", "dienstag_vormittag": true }, "geometry": { "type": "Point", "coordinates": [ 13.4589615, 52.5499204 ] } },
{ "type": "Feature", "properties": { "element": "node", "id": 9073979950, "name": "Tabak Börse", "shop": "newsagent", "amenity": null, "office": null, "tourism": null, "leisure": null, "building": null, "opening_hours": "Mo-Fr 08:00-18:00; Sa 08:00-14:00; Su off", "poi_typ": "shop", "dienstag_vormittag": true }, "geometry": { "type": "Point", "coordinates": [ 13.4522934, 52.5484117 ] } },
{ "type": "Feature", "properties": { "element": "node", "id": 9074219497, "name": null, "shop": null, "amenity": "recycling", "office": null, "tourism": null, "leisure": null, "building": null, "opening_hours": "24/7", "poi_typ": "amenity", "dienstag_vormittag": true }, "geometry": { "type": "Point", "coordinates": [ 13.4385769, 52.5425316 ] } },
{ "type": "Feature", "properties": { "element": "node", "id": 9074493439, "name": "Angel's Nails & Lashes", "shop": "beauty", "amenity": null, "office": null, "tourism": null, "leisure": null, "building": null, "opening_hours": "Mo-Fr 09:30-19:30; Sa 09:30-18:30", "poi_typ": "shop", "dienstag_vormittag": true }, "geometry": { "type": "Point", "coordinates": [ 13.4185913, 52.5461972 ] } },
{ "type": "Feature", "properties": { "element": "node", "id": 9074522999, "name": "Van den Berg", "shop": "hairdresser", "amenity": null, "office": null, "tourism": null, "leisure": null, "building": null, "opening_hours": "Mo-Fr 10:00-20:00; Sa 09:00-17:00", "poi_typ": "shop", "dienstag_vormittag": true }, "geometry": { "type": "Point", "coordinates": [ 13.4217558, 52.5448197 ] } },
{ "type": "Feature", "properties": { "element": "node", "id": 9160600487, "name": "ServiceStore DB", "shop": "kiosk", "amenity": "fast_food", "office": null, "tourism": null, "leisure": null, "building": null, "opening_hours": "Mo-Fr 05:00-20:00", "poi_typ": "shop", "dienstag_vormittag": true }, "geometry": { "type": "Point", "coordinates": [ 13.3977442, 52.554596 ] } },
{ "type": "Feature", "properties": { "element": "node", "id": 9160600491, "name": null, "shop": null, "amenity": "smoking_area", "office": null, "tourism": null, "leisure": null, "building": null, "opening_hours": "24/7", "poi_typ": "amenity", "dienstag_vormittag": true }, "geometry": { "type": "Point", "coordinates": [ 13.3976247, 52.5550945 ] } },
{ "type": "Feature", "properties": { "element": "node", "id": 9160651387, "name": "ServiceStore DB", "shop": "kiosk", "amenity": "fast_food", "office": null, "tourism": null, "leisure": null, "building": null, "opening_hours": "Mo-Fr 05:00-20:00", "poi_typ": "shop", "dienstag_vormittag": true }, "geometry": { "type": "Point", "coordinates": [ 13.3980107, 52.554609 ] } },
{ "type": "Feature", "properties": { "element": "node", "id": 9166121507, "name": "DHL Packstation 219", "shop": null, "amenity": "parcel_locker", "office": null, "tourism": null, "leisure": null, "building": null, "opening_hours": "24/7", "poi_typ": "amenity", "dienstag_vormittag": true }, "geometry": { "type": "Point", "coordinates": [ 13.4136732, 52.5607734 ] } },
{ "type": "Feature", "properties": { "element": "node", "id": 9167450331, "name": null, "shop": null, "amenity": "post_box", "office": null, "tourism": null, "leisure": null, "building": null, "opening_hours": "24/7", "poi_typ": "amenity", "dienstag_vormittag": true }, "geometry": { "type": "Point", "coordinates": [ 13.4429772, 52.5464582 ] } },
{ "type": "Feature", "properties": { "element": "node", "id": 9216901684, "name": "Miu Sushi", "shop": null, "amenity": "restaurant", "office": null, "tourism": null, "leisure": null, "building": null, "opening_hours": "Mo-Su 11:00-22:00", "poi_typ": "amenity", "dienstag_vormittag": true }, "geometry": { "type": "Point", "coordinates": [ 13.4111665, 52.571525 ] } },
{ "type": "Feature", "properties": { "element": "node", "id": 9225259022, "name": "Jet", "shop": null, "amenity": "fuel", "office": null, "tourism": null, "leisure": null, "building": null, "opening_hours": "24/7", "poi_typ": "amenity", "dienstag_vormittag": true }, "geometry": { "type": "Point", "coordinates": [ 13.4287521, 52.5596259 ] } },
{ "type": "Feature", "properties": { "element": "node", "id": 9274605335, "name": null, "shop": null, "amenity": "atm", "office": null, "tourism": null, "leisure": null, "building": null, "opening_hours": "24/7", "poi_typ": "amenity", "dienstag_vormittag": true }, "geometry": { "type": "Point", "coordinates": [ 13.4318375, 52.5355329 ] } },
{ "type": "Feature", "properties": { "element": "node", "id": 9274605336, "name": null, "shop": null, "amenity": "atm", "office": null, "tourism": null, "leisure": null, "building": null, "opening_hours": "24/7", "poi_typ": "amenity", "dienstag_vormittag": true }, "geometry": { "type": "Point", "coordinates": [ 13.4249057, 52.5332254 ] } },
{ "type": "Feature", "properties": { "element": "node", "id": 9274660167, "name": "Amazon Hub Locker", "shop": null, "amenity": "parcel_locker", "office": null, "tourism": null, "leisure": null, "building": null, "opening_hours": "24/7", "poi_typ": "amenity", "dienstag_vormittag": true }, "geometry": { "type": "Point", "coordinates": [ 13.4385972, 52.5312937 ] } },
{ "type": "Feature", "properties": { "element": "node", "id": 9279662350, "name": "Apollo-Optik", "shop": "optician", "amenity": null, "office": null, "tourism": null, "leisure": null, "building": null, "opening_hours": "Mo-Fr 10:00-19:00; Sa 10:00-15:00", "poi_typ": "shop", "dienstag_vormittag": true }, "geometry": { "type": "Point", "coordinates": [ 13.4559736, 52.5492031 ] } },
{ "type": "Feature", "properties": { "element": "node", "id": 9279662351, "name": "Sandeck-Schuhe", "shop": "shoes", "amenity": null, "office": null, "tourism": null, "leisure": null, "building": null, "opening_hours": "Mo-Fr 10:00-18:30; Sa 10:00-14:00", "poi_typ": "shop", "dienstag_vormittag": true }, "geometry": { "type": "Point", "coordinates": [ 13.4555407, 52.5491088 ] } },
{ "type": "Feature", "properties": { "element": "node", "id": 9359321644, "name": "Nachbarschaftshaus Alte Apotheke", "shop": null, "amenity": "community_centre", "office": null, "tourism": null, "leisure": null, "building": null, "opening_hours": "Mo-Fr 11:00-16:00", "poi_typ": "amenity", "dienstag_vormittag": true }, "geometry": { "type": "Point", "coordinates": [ 13.4379135, 52.572021 ] } },
{ "type": "Feature", "properties": { "element": "node", "id": 9389606069, "name": "Daimi Bäckerei & Café", "shop": null, "amenity": "cafe", "office": null, "tourism": null, "leisure": null, "building": null, "opening_hours": "Mo-Fr 05:00-19:00; Sa-Su 05:00-18:00", "poi_typ": "amenity", "dienstag_vormittag": true }, "geometry": { "type": "Point", "coordinates": [ 13.4044958, 52.5652937 ] } },
{ "type": "Feature", "properties": { "element": "node", "id": 9389672812, "name": null, "shop": null, "amenity": "parcel_locker", "office": null, "tourism": null, "leisure": null, "building": null, "opening_hours": "24/7", "poi_typ": "amenity", "dienstag_vormittag": true }, "geometry": { "type": "Point", "coordinates": [ 13.398475, 52.5739491 ] } },
{ "type": "Feature", "properties": { "element": "node", "id": 9391870288, "name": "Alphi's Eis", "shop": null, "amenity": "ice_cream", "office": null, "tourism": null, "leisure": null, "building": null, "opening_hours": "Mo-Su,PH 11:30-20:00; We off; Nov-Mar off", "poi_typ": "amenity", "dienstag_vormittag": true }, "geometry": { "type": "Point", "coordinates": [ 13.4027943, 52.5652422 ] } },
{ "type": "Feature", "properties": { "element": "node", "id": 9392597343, "name": null, "shop": null, "amenity": "vending_machine", "office": null, "tourism": null, "leisure": null, "building": null, "opening_hours": "24/7", "poi_typ": "amenity", "dienstag_vormittag": true }, "geometry": { "type": "Point", "coordinates": [ 13.4175895, 52.5468353 ] } },
{ "type": "Feature", "properties": { "element": "node", "id": 9403702568, "name": "Fahrschule Ehlers", "shop": null, "amenity": "driving_school", "office": null, "tourism": null, "leisure": null, "building": null, "opening_hours": "Mo-Fr 17:00-18:30, Tu,Th 09:45-11:00", "poi_typ": "amenity", "dienstag_vormittag": true }, "geometry": { "type": "Point", "coordinates": [ 13.4006029, 52.5698408 ] } },
{ "type": "Feature", "properties": { "element": "node", "id": 9404809256, "name": "Yellow Pizza", "shop": null, "amenity": "fast_food", "office": null, "tourism": null, "leisure": null, "building": null, "opening_hours": "Mo-Fr 11:00-23:45; Sa 16:00-23:00; Su 12:00-23:00", "poi_typ": "amenity", "dienstag_vormittag": true }, "geometry": { "type": "Point", "coordinates": [ 13.4640173, 52.5501621 ] } },
{ "type": "Feature", "properties": { "element": "node", "id": 9404916532, "name": "Herder Perfektion", "shop": "hairdresser", "amenity": null, "office": null, "tourism": null, "leisure": null, "building": null, "opening_hours": "Mo-Fr 09:00-19:00; Sa 09:00-16:00", "poi_typ": "shop", "dienstag_vormittag": true }, "geometry": { "type": "Point", "coordinates": [ 13.465415, 52.550459 ] } },
{ "type": "Feature", "properties": { "element": "node", "id": 9420254271, "name": "Kleine Schritte", "shop": "shoes", "amenity": null, "office": null, "tourism": null, "leisure": null, "building": null, "opening_hours": "Jul-Aug: Mo-Fr 11:00-18:00; Jul-Aug: Sa 10:00-14:00", "poi_typ": "shop", "dienstag_vormittag": true }, "geometry": { "type": "Point", "coordinates": [ 13.4569828, 52.5494386 ] } },
{ "type": "Feature", "properties": { "element": "node", "id": 9420290286, "name": "Walter-Fach-Kraft", "shop": null, "amenity": null, "office": "company", "tourism": null, "leisure": null, "building": null, "opening_hours": "Mo-Fr 08:00-17:00", "poi_typ": "office", "dienstag_vormittag": true }, "geometry": { "type": "Point", "coordinates": [ 13.4571488, 52.5492539 ] } },
{ "type": "Feature", "properties": { "element": "node", "id": 9420337068, "name": "Dreetz & Firchau", "shop": "appliance", "amenity": null, "office": null, "tourism": null, "leisure": null, "building": null, "opening_hours": "Mo-Fr 10:00-13:00,14:00-18:00", "poi_typ": "shop", "dienstag_vormittag": true }, "geometry": { "type": "Point", "coordinates": [ 13.4567716, 52.5493924 ] } },
{ "type": "Feature", "properties": { "element": "node", "id": 9420613002, "name": "Mandy's Frizer", "shop": "hairdresser", "amenity": null, "office": null, "tourism": null, "leisure": null, "building": null, "opening_hours": "Mo-Fr 08:30-18:30", "poi_typ": "shop", "dienstag_vormittag": true }, "geometry": { "type": "Point", "coordinates": [ 13.4583209, 52.5496591 ] } },
{ "type": "Feature", "properties": { "element": "node", "id": 9420737110, "name": "M&N Textilien", "shop": "clothes", "amenity": null, "office": null, "tourism": null, "leisure": null, "building": null, "opening_hours": "Mo-Fr 09:30-18:00; Sa 09:30-13:00", "poi_typ": "shop", "dienstag_vormittag": true }, "geometry": { "type": "Point", "coordinates": [ 13.4554373, 52.5490962 ] } },
{ "type": "Feature", "properties": { "element": "node", "id": 9420743647, "name": "Fendis Barber", "shop": "hairdresser", "amenity": null, "office": null, "tourism": null, "leisure": null, "building": null, "opening_hours": "Mo-Fr 10:00-19:00", "poi_typ": "shop", "dienstag_vormittag": true }, "geometry": { "type": "Point", "coordinates": [ 13.455728, 52.5487928 ] } },
{ "type": "Feature", "properties": { "element": "node", "id": 9423018372, "name": "Leon Tattoo & Piercing", "shop": "tattoo", "amenity": null, "office": null, "tourism": null, "leisure": null, "building": null, "opening_hours": "Mo-Fr 11:00-18:00; Sa \"mit Termin\"", "poi_typ": "shop", "dienstag_vormittag": true }, "geometry": { "type": "Point", "coordinates": [ 13.4551068, 52.5490373 ] } },
{ "type": "Feature", "properties": { "element": "node", "id": 9423579074, "name": "O2", "shop": "mobile_phone", "amenity": null, "office": null, "tourism": null, "leisure": null, "building": null, "opening_hours": "Mo-Fr 09:30-18:30; Sa 09:00-14:00", "poi_typ": "shop", "dienstag_vormittag": true }, "geometry": { "type": "Point", "coordinates": [ 13.4537908, 52.5487452 ] } },
{ "type": "Feature", "properties": { "element": "node", "id": 9423579629, "name": "TEDi", "shop": "variety_store", "amenity": null, "office": null, "tourism": null, "leisure": null, "building": null, "opening_hours": "Mo-Fr 09:00-20:00; Sa 09:00-18:00", "poi_typ": "shop", "dienstag_vormittag": true }, "geometry": { "type": "Point", "coordinates": [ 13.4545425, 52.548888 ] } },
{ "type": "Feature", "properties": { "element": "node", "id": 9423579699, "name": "Schreib Art", "shop": "stationery", "amenity": null, "office": null, "tourism": null, "leisure": null, "building": null, "opening_hours": "Mo-Fr 09:00-19:00; Sa 10:00-14:00", "poi_typ": "shop", "dienstag_vormittag": true }, "geometry": { "type": "Point", "coordinates": [ 13.4532698, 52.5486325 ] } },
{ "type": "Feature", "properties": { "element": "node", "id": 9423580883, "name": "Haus des Dampfes", "shop": "e-cigarette", "amenity": null, "office": null, "tourism": null, "leisure": null, "building": null, "opening_hours": "Mo-Fr 10:00-20:00; Sa 10:00-20:00", "poi_typ": "shop", "dienstag_vormittag": true }, "geometry": { "type": "Point", "coordinates": [ 13.4538814, 52.5487623 ] } },
{ "type": "Feature", "properties": { "element": "node", "id": 9423581400, "name": "Quán Chè", "shop": null, "amenity": "restaurant", "office": null, "tourism": null, "leisure": null, "building": null, "opening_hours": "Mo-Su 11:00-21:00", "poi_typ": "amenity", "dienstag_vormittag": true }, "geometry": { "type": "Point", "coordinates": [ 13.4536952, 52.5487133 ] } },
{ "type": "Feature", "properties": { "element": "node", "id": 9423601028, "name": "Mäc-Geiz", "shop": "variety_store", "amenity": null, "office": null, "tourism": null, "leisure": null, "building": null, "opening_hours": "Mo-Fr 09:00-18:00; Sa 09:00-15:00", "poi_typ": "shop", "dienstag_vormittag": true }, "geometry": { "type": "Point", "coordinates": [ 13.4534308, 52.5486666 ] } },
{ "type": "Feature", "properties": { "element": "node", "id": 9429088494, "name": "Dertour Reisebüro", "shop": "travel_agency", "amenity": null, "office": null, "tourism": null, "leisure": null, "building": null, "opening_hours": "Mo-Fr 10:00-18:00", "poi_typ": "shop", "dienstag_vormittag": true }, "geometry": { "type": "Point", "coordinates": [ 13.4524862, 52.5488073 ] } },
{ "type": "Feature", "properties": { "element": "node", "id": 9431417940, "name": "Ditsch", "shop": "bakery", "amenity": null, "office": null, "tourism": null, "leisure": null, "building": null, "opening_hours": "Mo-Fr 05:00-20:00; Sa,Su,PH 09:00-17:00", "poi_typ": "shop", "dienstag_vormittag": true }, "geometry": { "type": "Point", "coordinates": [ 13.4393253, 52.5400814 ] } },
{ "type": "Feature", "properties": { "element": "node", "id": 9431583525, "name": "Linden Markt", "shop": "bakery", "amenity": null, "office": null, "tourism": null, "leisure": null, "building": null, "opening_hours": "Mo-Fr 07:00-19:00; Sa 07:00-16:00; Su 07:00-13:00", "poi_typ": "shop", "dienstag_vormittag": true }, "geometry": { "type": "Point", "coordinates": [ 13.4626297, 52.5499454 ] } },
{ "type": "Feature", "properties": { "element": "node", "id": 9431615644, "name": "Seeweißchen", "shop": "clothes", "amenity": null, "office": null, "tourism": null, "leisure": null, "building": null, "opening_hours": "Mo-Fr 10:00-18:00", "poi_typ": "shop", "dienstag_vormittag": true }, "geometry": { "type": "Point", "coordinates": [ 13.4625859, 52.5500391 ] } },
{ "type": "Feature", "properties": { "element": "node", "id": 9431702313, "name": "Turkish Cut", "shop": "hairdresser", "amenity": null, "office": null, "tourism": null, "leisure": null, "building": null, "opening_hours": "Mo-Fr 09:00-19:00; Sa 09:00-17:30", "poi_typ": "shop", "dienstag_vormittag": true }, "geometry": { "type": "Point", "coordinates": [ 13.4599327, 52.5501511 ] } },
{ "type": "Feature", "properties": { "element": "node", "id": 9431775959, "name": "Fitbox", "shop": null, "amenity": null, "office": null, "tourism": null, "leisure": "fitness_centre", "building": null, "opening_hours": "Mo-Fr 10:00-21:00; Sa 10:00-16:00", "poi_typ": "leisure", "dienstag_vormittag": true }, "geometry": { "type": "Point", "coordinates": [ 13.4596077, 52.5500839 ] } },
{ "type": "Feature", "properties": { "element": "node", "id": 9431809852, "name": "Hörpartner", "shop": "hearing_aids", "amenity": null, "office": null, "tourism": null, "leisure": null, "building": null, "opening_hours": "Mo-Fr 08:30-12:00, Tu 13:00-19:30, Mo,We-Fr 13:00-17:00", "poi_typ": "shop", "dienstag_vormittag": true }, "geometry": { "type": "Point", "coordinates": [ 13.4591597, 52.5499866 ] } },
{ "type": "Feature", "properties": { "element": "node", "id": 9434102527, "name": "AXA", "shop": null, "amenity": null, "office": "insurance", "tourism": null, "leisure": null, "building": null, "opening_hours": "Mo-Fr 09:00-19:00", "poi_typ": "office", "dienstag_vormittag": true }, "geometry": { "type": "Point", "coordinates": [ 13.4129937, 52.5659808 ] } },
{ "type": "Feature", "properties": { "element": "node", "id": 9434102528, "name": "Tin - Blumen & Pflanzen", "shop": "florist", "amenity": null, "office": null, "tourism": null, "leisure": null, "building": null, "opening_hours": "Mo-Fr 08:00-19:00; Sa 08:30-17:00; Su 10:00-16:00", "poi_typ": "shop", "dienstag_vormittag": true }, "geometry": { "type": "Point", "coordinates": [ 13.4128408, 52.5656918 ] } },
{ "type": "Feature", "properties": { "element": "node", "id": 9436932417, "name": "Signature Cosmetic", "shop": "beauty", "amenity": null, "office": null, "tourism": null, "leisure": null, "building": null, "opening_hours": "Mo-Fr 10:00-18:00", "poi_typ": "shop", "dienstag_vormittag": true }, "geometry": { "type": "Point", "coordinates": [ 13.4193425, 52.5671371 ] } },
{ "type": "Feature", "properties": { "element": "node", "id": 9441917810, "name": "Thuy Tien", "shop": "florist", "amenity": null, "office": null, "tourism": null, "leisure": null, "building": null, "opening_hours": "Mo-Fr 08:30-18:00; Sa 09:00-17:00", "poi_typ": "shop", "dienstag_vormittag": true }, "geometry": { "type": "Point", "coordinates": [ 13.4652767, 52.5516829 ] } },
{ "type": "Feature", "properties": { "element": "node", "id": 9444761320, "name": "Das Futterhaus", "shop": "pet", "amenity": null, "office": null, "tourism": null, "leisure": null, "building": null, "opening_hours": "Mo-Fr 09:00-20:00; Sa 09:00-19:00", "poi_typ": "shop", "dienstag_vormittag": true }, "geometry": { "type": "Point", "coordinates": [ 13.4306805, 52.6078654 ] } },
{ "type": "Feature", "properties": { "element": "node", "id": 9464534857, "name": "Chickify Imbiss", "shop": null, "amenity": "fast_food", "office": null, "tourism": null, "leisure": null, "building": null, "opening_hours": "Mo-Su 10:00-22:00", "poi_typ": "amenity", "dienstag_vormittag": true }, "geometry": { "type": "Point", "coordinates": [ 13.4371192, 52.554859 ] } },
{ "type": "Feature", "properties": { "element": "node", "id": 9492136446, "name": "Backwerk", "shop": "bakery", "amenity": null, "office": null, "tourism": null, "leisure": null, "building": null, "opening_hours": "Mo-Fr 06:30-18:00; Sa-Su 07:00-17:00", "poi_typ": "shop", "dienstag_vormittag": true }, "geometry": { "type": "Point", "coordinates": [ 13.4529966, 52.5485687 ] } },
{ "type": "Feature", "properties": { "element": "node", "id": 9503200464, "name": "Schlagzeugunterricht Berlin MIOtrommelwerkstatt", "shop": null, "amenity": "music_school", "office": null, "tourism": null, "leisure": null, "building": null, "opening_hours": "Mo-Fr 10:00-20:00", "poi_typ": "amenity", "dienstag_vormittag": true }, "geometry": { "type": "Point", "coordinates": [ 13.4613446, 52.5636875 ] } },
{ "type": "Feature", "properties": { "element": "node", "id": 9504241931, "name": "Balsam Kosmetik", "shop": "cosmetics", "amenity": null, "office": null, "tourism": null, "leisure": null, "building": null, "opening_hours": "Mo-Fr 10:00-19:00", "poi_typ": "shop", "dienstag_vormittag": true }, "geometry": { "type": "Point", "coordinates": [ 13.4594063, 52.5484961 ] } },
{ "type": "Feature", "properties": { "element": "node", "id": 9504263793, "name": "Zahnärztin Berlin Weissensee", "shop": null, "amenity": "dentist", "office": null, "tourism": null, "leisure": null, "building": null, "opening_hours": "Mo-Fr 09:00-18:00", "poi_typ": "amenity", "dienstag_vormittag": true }, "geometry": { "type": "Point", "coordinates": [ 13.4589888, 52.548494 ] } },
{ "type": "Feature", "properties": { "element": "node", "id": 9516304097, "name": "Cafe im Familienzentrum", "shop": null, "amenity": "cafe", "office": null, "tourism": null, "leisure": null, "building": null, "opening_hours": "Mo-Fr 10:00-15:30", "poi_typ": "amenity", "dienstag_vormittag": true }, "geometry": { "type": "Point", "coordinates": [ 13.4526674, 52.548235 ] } },
{ "type": "Feature", "properties": { "element": "node", "id": 9558984029, "name": "DönerKebabHaus", "shop": null, "amenity": "fast_food", "office": null, "tourism": null, "leisure": null, "building": null, "opening_hours": "Mo-Fr 11:00-23:00, Sa-Su 10:45-23:00", "poi_typ": "amenity", "dienstag_vormittag": true }, "geometry": { "type": "Point", "coordinates": [ 13.3841182, 52.5920275 ] } },
{ "type": "Feature", "properties": { "element": "node", "id": 9580780603, "name": "Farben Wittich", "shop": "paint", "amenity": null, "office": null, "tourism": null, "leisure": null, "building": null, "opening_hours": "Mo-Fr 09:00-18:00", "poi_typ": "shop", "dienstag_vormittag": true }, "geometry": { "type": "Point", "coordinates": [ 13.4407583, 52.5678652 ] } },
{ "type": "Feature", "properties": { "element": "node", "id": 9581267418, "name": "Most Wanted Tattoo", "shop": "tattoo", "amenity": null, "office": null, "tourism": null, "leisure": null, "building": null, "opening_hours": "Mo-Fr 11:30-18:30; Sa 11:00-19:00", "poi_typ": "shop", "dienstag_vormittag": true }, "geometry": { "type": "Point", "coordinates": [ 13.4350789, 52.5536254 ] } },
{ "type": "Feature", "properties": { "element": "node", "id": 9600044964, "name": "Der Kiosk", "shop": "kiosk", "amenity": null, "office": null, "tourism": null, "leisure": null, "building": null, "opening_hours": "Mo-Fr 08:00-18:00; Sa 10:00-18:00", "poi_typ": "shop", "dienstag_vormittag": true }, "geometry": { "type": "Point", "coordinates": [ 13.4489621, 52.5492293 ] } },
{ "type": "Feature", "properties": { "element": "node", "id": 9698565770, "name": null, "shop": null, "amenity": "recycling", "office": null, "tourism": null, "leisure": null, "building": null, "opening_hours": "24/7", "poi_typ": "amenity", "dienstag_vormittag": true }, "geometry": { "type": "Point", "coordinates": [ 13.4138074, 52.56892 ] } },
{ "type": "Feature", "properties": { "element": "node", "id": 9738001228, "name": null, "shop": null, "amenity": "charging_station", "office": null, "tourism": null, "leisure": null, "building": null, "opening_hours": "24/7", "poi_typ": "amenity", "dienstag_vormittag": true }, "geometry": { "type": "Point", "coordinates": [ 13.4196413, 52.5376255 ] } },
{ "type": "Feature", "properties": { "element": "node", "id": 9766265724, "name": "Beauty Nails", "shop": "beauty", "amenity": null, "office": null, "tourism": null, "leisure": null, "building": null, "opening_hours": "Mo-Fr 09:30-19:00; Sa 09:30-17:00", "poi_typ": "shop", "dienstag_vormittag": true }, "geometry": { "type": "Point", "coordinates": [ 13.4866603, 52.6181816 ] } },
{ "type": "Feature", "properties": { "element": "node", "id": 9766265725, "name": "Lotto", "shop": "newsagent", "amenity": null, "office": null, "tourism": null, "leisure": null, "building": null, "opening_hours": "Mo-Fr 07:00-19:00; Sa 07:00-13:00", "poi_typ": "shop", "dienstag_vormittag": true }, "geometry": { "type": "Point", "coordinates": [ 13.4863036, 52.6185674 ] } },
{ "type": "Feature", "properties": { "element": "node", "id": 9766265727, "name": "Märkisch Edel", "shop": "bakery", "amenity": null, "office": null, "tourism": null, "leisure": null, "building": null, "opening_hours": "Mo-Fr 07:00-18:00; Sa 07:00-14:00", "poi_typ": "shop", "dienstag_vormittag": true }, "geometry": { "type": "Point", "coordinates": [ 13.486457, 52.6184934 ] } },
{ "type": "Feature", "properties": { "element": "node", "id": 9767908894, "name": "Ernsting's family", "shop": "clothes", "amenity": null, "office": null, "tourism": null, "leisure": null, "building": null, "opening_hours": "Mo-Fr 09:00-19:30; Sa 09:00-16:00", "poi_typ": "shop", "dienstag_vormittag": true }, "geometry": { "type": "Point", "coordinates": [ 13.4882893, 52.6181284 ] } },
{ "type": "Feature", "properties": { "element": "node", "id": 9786591353, "name": "Kiosk Basilikum", "shop": "kiosk", "amenity": null, "office": null, "tourism": null, "leisure": null, "building": null, "opening_hours": "Mo-Fr 10:00-20:00; Sa 12:00-20:00", "poi_typ": "shop", "dienstag_vormittag": true }, "geometry": { "type": "Point", "coordinates": [ 13.4019928, 52.5871897 ] } },
{ "type": "Feature", "properties": { "element": "node", "id": 9793035107, "name": "Wasch Max Haushaltsgeräte", "shop": "appliance", "amenity": null, "office": null, "tourism": null, "leisure": null, "building": null, "opening_hours": "Mo-Fr 10:00-19:00; Sa 10:00-18:00", "poi_typ": "shop", "dienstag_vormittag": true }, "geometry": { "type": "Point", "coordinates": [ 13.4142626, 52.5543317 ] } },
{ "type": "Feature", "properties": { "element": "node", "id": 9793667517, "name": "Büro", "shop": null, "amenity": "cafe", "office": null, "tourism": null, "leisure": null, "building": null, "opening_hours": "Mo-Fr 08:00-17:00; Sa,Su 09:00-18:00", "poi_typ": "amenity", "dienstag_vormittag": true }, "geometry": { "type": "Point", "coordinates": [ 13.417617, 52.5468857 ] } },
{ "type": "Feature", "properties": { "element": "node", "id": 9833347811, "name": "SSF Ingenieure", "shop": null, "amenity": null, "office": "architect", "tourism": null, "leisure": null, "building": null, "opening_hours": "Mo-Fr 09:00-16:00", "poi_typ": "office", "dienstag_vormittag": true }, "geometry": { "type": "Point", "coordinates": [ 13.4118015, 52.5389482 ] } },
{ "type": "Feature", "properties": { "element": "node", "id": 9850613802, "name": "Telekom Shop", "shop": "telecommunication", "amenity": null, "office": null, "tourism": null, "leisure": null, "building": null, "opening_hours": "Mo-Fr 10:00-18:30; Sa 10:00-15:00; Su", "poi_typ": "shop", "dienstag_vormittag": true }, "geometry": { "type": "Point", "coordinates": [ 13.406319, 52.5704172 ] } },
{ "type": "Feature", "properties": { "element": "node", "id": 9880326889, "name": "Apprime", "shop": null, "amenity": null, "office": "it", "tourism": null, "leisure": null, "building": null, "opening_hours": "Mo-Fr 09:00-19:00", "poi_typ": "office", "dienstag_vormittag": true }, "geometry": { "type": "Point", "coordinates": [ 13.4205307, 52.5268886 ] } },
{ "type": "Feature", "properties": { "element": "node", "id": 9885033525, "name": "World of Pizza", "shop": null, "amenity": "fast_food", "office": null, "tourism": null, "leisure": null, "building": null, "opening_hours": "Mo-Su,PH 11:00-23:00", "poi_typ": "amenity", "dienstag_vormittag": true }, "geometry": { "type": "Point", "coordinates": [ 13.4293739, 52.53844 ] } },
{ "type": "Feature", "properties": { "element": "node", "id": 9885033557, "name": "Prawa 2 Traditional Thaimassage", "shop": "massage", "amenity": null, "office": null, "tourism": null, "leisure": null, "building": null, "opening_hours": "Mo-Su 10:00-20:00", "poi_typ": "shop", "dienstag_vormittag": true }, "geometry": { "type": "Point", "coordinates": [ 13.4270042, 52.5337352 ] } },
{ "type": "Feature", "properties": { "element": "node", "id": 9915108113, "name": "Vodafone", "shop": "mobile_phone", "amenity": null, "office": null, "tourism": null, "leisure": null, "building": null, "opening_hours": "Mo-Fr 09:00-18:00; Sa 09:00-14:00; Su off", "poi_typ": "shop", "dienstag_vormittag": true }, "geometry": { "type": "Point", "coordinates": [ 13.4562727, 52.5496317 ] } },
{ "type": "Feature", "properties": { "element": "node", "id": 9915108114, "name": "Schliessanlagenbau Banser e.K.", "shop": "locksmith", "amenity": null, "office": null, "tourism": null, "leisure": null, "building": null, "opening_hours": "Mo-Fr 09:30-18:00", "poi_typ": "shop", "dienstag_vormittag": true }, "geometry": { "type": "Point", "coordinates": [ 13.4559792, 52.5495612 ] } },
{ "type": "Feature", "properties": { "element": "node", "id": 9963977597, "name": "Botan Shop", "shop": "convenience", "amenity": null, "office": null, "tourism": null, "leisure": null, "building": null, "opening_hours": "Mo-Fr 09:00-23:00; Sa 10:00-23:00", "poi_typ": "shop", "dienstag_vormittag": true }, "geometry": { "type": "Point", "coordinates": [ 13.4350349, 52.5533981 ] } },
{ "type": "Feature", "properties": { "element": "node", "id": 9974739317, "name": "Link Hair", "shop": "hairdresser", "amenity": null, "office": null, "tourism": null, "leisure": null, "building": null, "opening_hours": "Mo-Fr 09:00-19:00; Sa 09:00-16:00", "poi_typ": "shop", "dienstag_vormittag": true }, "geometry": { "type": "Point", "coordinates": [ 13.418349, 52.5293165 ] } },
{ "type": "Feature", "properties": { "element": "node", "id": 9975006617, "name": "Küchenkultur Berlin Einbauküchen", "shop": "kitchen", "amenity": null, "office": null, "tourism": null, "leisure": null, "building": null, "opening_hours": "Mo-Fr 10:00-18:30; Sa 10:00-14:00", "poi_typ": "shop", "dienstag_vormittag": true }, "geometry": { "type": "Point", "coordinates": [ 13.4213562, 52.5336259 ] } },
{ "type": "Feature", "properties": { "element": "node", "id": 9975037317, "name": "Backerei Brede", "shop": "musical_instrument", "amenity": null, "office": null, "tourism": null, "leisure": null, "building": null, "opening_hours": "Mo-Fr 09:00-18:00; Sa 11:00-14:00", "poi_typ": "shop", "dienstag_vormittag": true }, "geometry": { "type": "Point", "coordinates": [ 13.422043, 52.5347914 ] } },
{ "type": "Feature", "properties": { "element": "node", "id": 9982145517, "name": "Luxury Nails & Spa", "shop": "beauty", "amenity": null, "office": null, "tourism": null, "leisure": null, "building": null, "opening_hours": "Mo-Fr 09:30-19:00; Sa 09:30-18:00", "poi_typ": "shop", "dienstag_vormittag": true }, "geometry": { "type": "Point", "coordinates": [ 13.4231892, 52.5367424 ] } },
{ "type": "Feature", "properties": { "element": "node", "id": 9990504117, "name": "Back Mühle & Bistro Sari", "shop": "bakery", "amenity": null, "office": null, "tourism": null, "leisure": null, "building": null, "opening_hours": "Mo-Fr 05:30-17:00; Sa 06:00-15:00; Su 07:00-16:00", "poi_typ": "shop", "dienstag_vormittag": true }, "geometry": { "type": "Point", "coordinates": [ 13.4033543, 52.5807159 ] } },
{ "type": "Feature", "properties": { "element": "node", "id": 9992185529, "name": null, "shop": null, "amenity": "charging_station", "office": null, "tourism": null, "leisure": null, "building": null, "opening_hours": "24/7", "poi_typ": "amenity", "dienstag_vormittag": true }, "geometry": { "type": "Point", "coordinates": [ 13.4204824, 52.5359569 ] } },
{ "type": "Feature", "properties": { "element": "node", "id": 9992795020, "name": "Loops", "shop": "wool", "amenity": null, "office": null, "tourism": null, "leisure": null, "building": null, "opening_hours": "Mo-Fr 11:00-19:00; Sa 11:00-17:00", "poi_typ": "shop", "dienstag_vormittag": true }, "geometry": { "type": "Point", "coordinates": [ 13.4206049, 52.535847 ] } },
{ "type": "Feature", "properties": { "element": "node", "id": 9994132459, "name": "Klaus Blancke", "shop": null, "amenity": null, "office": "lawyer", "tourism": null, "leisure": null, "building": null, "opening_hours": "Mo-Fr 09:00-14:00", "poi_typ": "office", "dienstag_vormittag": true }, "geometry": { "type": "Point", "coordinates": [ 13.415653, 52.5472574 ] } },
{ "type": "Feature", "properties": { "element": "node", "id": 9994201286, "name": "Hokey Pokey Boutique", "shop": "confectionery", "amenity": null, "office": null, "tourism": null, "leisure": null, "building": null, "opening_hours": "PH,Mo-Su 10:00-19:00", "poi_typ": "shop", "dienstag_vormittag": true }, "geometry": { "type": "Point", "coordinates": [ 13.4174997, 52.5469294 ] } },
{ "type": "Feature", "properties": { "element": "node", "id": 9998946659, "name": null, "shop": null, "amenity": "parcel_locker", "office": null, "tourism": null, "leisure": null, "building": null, "opening_hours": "24/7", "poi_typ": "amenity", "dienstag_vormittag": true }, "geometry": { "type": "Point", "coordinates": [ 13.4933483, 52.6357381 ] } },
{ "type": "Feature", "properties": { "element": "node", "id": 9998995765, "name": null, "shop": null, "amenity": "parcel_locker", "office": null, "tourism": null, "leisure": null, "building": null, "opening_hours": "24/7", "poi_typ": "amenity", "dienstag_vormittag": true }, "geometry": { "type": "Point", "coordinates": [ 13.4782155, 52.6077913 ] } },
{ "type": "Feature", "properties": { "element": "node", "id": 9998999976, "name": null, "shop": null, "amenity": "parcel_locker", "office": null, "tourism": null, "leisure": null, "building": null, "opening_hours": "24/7", "poi_typ": "amenity", "dienstag_vormittag": true }, "geometry": { "type": "Point", "coordinates": [ 13.4710716, 52.6160798 ] } },
{ "type": "Feature", "properties": { "element": "node", "id": 10004140873, "name": "Victoria Nail & Beauty", "shop": "beauty", "amenity": null, "office": null, "tourism": null, "leisure": null, "building": null, "opening_hours": "Mo-Fr 10:00-20:00; Sa 10:00-13:00", "poi_typ": "shop", "dienstag_vormittag": true }, "geometry": { "type": "Point", "coordinates": [ 13.422295, 52.5372652 ] } },
{ "type": "Feature", "properties": { "element": "node", "id": 10006487273, "name": "Blanche Fleur", "shop": "florist", "amenity": null, "office": null, "tourism": null, "leisure": null, "building": null, "opening_hours": "Mo-Fr 10:00-18:30; Sa 09:30-17:00", "poi_typ": "shop", "dienstag_vormittag": true }, "geometry": { "type": "Point", "coordinates": [ 13.4214318, 52.5351784 ] } },
{ "type": "Feature", "properties": { "element": "node", "id": 10011020942, "name": null, "shop": null, "amenity": "parcel_locker", "office": null, "tourism": null, "leisure": null, "building": null, "opening_hours": "24/7", "poi_typ": "amenity", "dienstag_vormittag": true }, "geometry": { "type": "Point", "coordinates": [ 13.4325244, 52.5583873 ] } },
{ "type": "Feature", "properties": { "element": "node", "id": 10011023592, "name": null, "shop": null, "amenity": "atm", "office": null, "tourism": null, "leisure": null, "building": null, "opening_hours": "24/7", "poi_typ": "amenity", "dienstag_vormittag": true }, "geometry": { "type": "Point", "coordinates": [ 13.4065847, 52.5544466 ] } },
{ "type": "Feature", "properties": { "element": "node", "id": 10011023593, "name": null, "shop": null, "amenity": "parcel_locker", "office": null, "tourism": null, "leisure": null, "building": null, "opening_hours": "24/7", "poi_typ": "amenity", "dienstag_vormittag": true }, "geometry": { "type": "Point", "coordinates": [ 13.4066223, 52.5544431 ] } },
{ "type": "Feature", "properties": { "element": "node", "id": 10015764559, "name": "Swag Hair Studio", "shop": "hairdresser", "amenity": null, "office": null, "tourism": null, "leisure": null, "building": null, "opening_hours": "Mo-Fr 10:00-20:00; Sa 10:00-17:00", "poi_typ": "shop", "dienstag_vormittag": true }, "geometry": { "type": "Point", "coordinates": [ 13.4253726, 52.5336915 ] } },
{ "type": "Feature", "properties": { "element": "node", "id": 10031493881, "name": null, "shop": null, "amenity": "parcel_locker", "office": null, "tourism": null, "leisure": null, "building": null, "opening_hours": "24/7", "poi_typ": "amenity", "dienstag_vormittag": true }, "geometry": { "type": "Point", "coordinates": [ 13.4230939, 52.5280501 ] } },
{ "type": "Feature", "properties": { "element": "node", "id": 10033057617, "name": "Buchholzer Apotheke", "shop": null, "amenity": "pharmacy", "office": null, "tourism": null, "leisure": null, "building": null, "opening_hours": "Mo-Fr 08:00-19:00; Sa 08:00-13:00", "poi_typ": "amenity", "dienstag_vormittag": true }, "geometry": { "type": "Point", "coordinates": [ 13.4323738, 52.6052569 ] } },
{ "type": "Feature", "properties": { "element": "node", "id": 10034883094, "name": "Schlüsseldienst Lisowski", "shop": "locksmith", "amenity": null, "office": null, "tourism": null, "leisure": null, "building": null, "opening_hours": "24/7", "poi_typ": "shop", "dienstag_vormittag": true }, "geometry": { "type": "Point", "coordinates": [ 13.4270064, 52.5340736 ] } },
{ "type": "Feature", "properties": { "element": "node", "id": 10035691660, "name": "Schönhauser Music", "shop": "music", "amenity": null, "office": null, "tourism": null, "leisure": null, "building": null, "opening_hours": "Mo-Fr 11:00-18:30; Sa 11:00-18:00", "poi_typ": "shop", "dienstag_vormittag": true }, "geometry": { "type": "Point", "coordinates": [ 13.4135915, 52.5469016 ] } },
{ "type": "Feature", "properties": { "element": "node", "id": 10035697960, "name": "Aura Spa", "shop": "beauty", "amenity": null, "office": null, "tourism": null, "leisure": null, "building": null, "opening_hours": "Mo-Fr 09:30-19:30; Sa 09:30-18:30", "poi_typ": "shop", "dienstag_vormittag": true }, "geometry": { "type": "Point", "coordinates": [ 13.4136231, 52.5469922 ] } },
{ "type": "Feature", "properties": { "element": "node", "id": 10035731480, "name": "Tipwin", "shop": "bookmaker", "amenity": null, "office": null, "tourism": null, "leisure": null, "building": null, "opening_hours": "Mo-Su 11:00-23:00", "poi_typ": "shop", "dienstag_vormittag": true }, "geometry": { "type": "Point", "coordinates": [ 13.4135075, 52.5465913 ] } },
{ "type": "Feature", "properties": { "element": "node", "id": 10035793371, "name": "Tiaré Naturkosmetik", "shop": "cosmetics", "amenity": null, "office": null, "tourism": null, "leisure": null, "building": null, "opening_hours": "Mo-Fr 11:00-19:30; Sa 11:00-18:00", "poi_typ": "shop", "dienstag_vormittag": true }, "geometry": { "type": "Point", "coordinates": [ 13.4132017, 52.5455044 ] } },
{ "type": "Feature", "properties": { "element": "node", "id": 10035799727, "name": null, "shop": null, "amenity": "atm", "office": null, "tourism": null, "leisure": null, "building": null, "opening_hours": "24/7", "poi_typ": "amenity", "dienstag_vormittag": true }, "geometry": { "type": "Point", "coordinates": [ 13.413249, 52.5457404 ] } },
{ "type": "Feature", "properties": { "element": "node", "id": 10035807925, "name": null, "shop": null, "amenity": "photo_booth", "office": null, "tourism": null, "leisure": null, "building": null, "opening_hours": "24/7", "poi_typ": "amenity", "dienstag_vormittag": true }, "geometry": { "type": "Point", "coordinates": [ 13.4132848, 52.5458713 ] } },
{ "type": "Feature", "properties": { "element": "node", "id": 10035807928, "name": "Die wilden Schwäne", "shop": "toys", "amenity": null, "office": null, "tourism": null, "leisure": null, "building": null, "opening_hours": "Mo-Fr 10:30-19:00; Sa 10:30-18:00", "poi_typ": "shop", "dienstag_vormittag": true }, "geometry": { "type": "Point", "coordinates": [ 13.4132919, 52.5458047 ] } },
{ "type": "Feature", "properties": { "element": "node", "id": 10035818736, "name": "Asgard Bestattungen", "shop": "funeral_directors", "amenity": null, "office": null, "tourism": null, "leisure": null, "building": null, "opening_hours": "Mo-Fr 09:00-17:00", "poi_typ": "shop", "dienstag_vormittag": true }, "geometry": { "type": "Point", "coordinates": [ 13.4127101, 52.5433291 ] } },
{ "type": "Feature", "properties": { "element": "node", "id": 10035829819, "name": "Lilou Nails and Lashes", "shop": "beauty", "amenity": null, "office": null, "tourism": null, "leisure": null, "building": null, "opening_hours": "Mo-Fr 09:30-19:30; Sa 10:00-17:00", "poi_typ": "shop", "dienstag_vormittag": true }, "geometry": { "type": "Point", "coordinates": [ 13.4129686, 52.5444989 ] } },
{ "type": "Feature", "properties": { "element": "node", "id": 10035842242, "name": "Future Fit", "shop": null, "amenity": null, "office": null, "tourism": null, "leisure": "fitness_centre", "building": null, "opening_hours": "Mo-Fr 09:00-19:00, Sa by arrangement", "poi_typ": "leisure", "dienstag_vormittag": true }, "geometry": { "type": "Point", "coordinates": [ 13.4127951, 52.5438448 ] } },
{ "type": "Feature", "properties": { "element": "node", "id": 10035859798, "name": "1998 Beauty Nails & Lashes", "shop": "beauty", "amenity": null, "office": null, "tourism": null, "leisure": null, "building": null, "opening_hours": "Mo-Fr 09:30-16:30; Sa 09:30-18:00", "poi_typ": "shop", "dienstag_vormittag": true }, "geometry": { "type": "Point", "coordinates": [ 13.4126549, 52.5426122 ] } },
{ "type": "Feature", "properties": { "element": "node", "id": 10035890557, "name": null, "shop": null, "amenity": "atm", "office": null, "tourism": null, "leisure": null, "building": null, "opening_hours": "24/7", "poi_typ": "amenity", "dienstag_vormittag": true }, "geometry": { "type": "Point", "coordinates": [ 13.4125921, 52.5424069 ] } },
{ "type": "Feature", "properties": { "element": "node", "id": 10035991556, "name": "Edeka Marienburger Straße", "shop": "supermarket", "amenity": null, "office": null, "tourism": null, "leisure": null, "building": null, "opening_hours": "Mo-Fr 07:00-24:00, Sa 07:00-23:30; PH off", "poi_typ": "shop", "dienstag_vormittag": true }, "geometry": { "type": "Point", "coordinates": [ 13.4261824, 52.5339932 ] } },
{ "type": "Feature", "properties": { "element": "node", "id": 10039635354, "name": "Khuvilai Nyandag", "shop": null, "amenity": null, "office": "physician", "tourism": null, "leisure": null, "building": null, "opening_hours": "Mo-Fr 08:00-12:00; Mo,Th 14:00-17:00", "poi_typ": "office", "dienstag_vormittag": true }, "geometry": { "type": "Point", "coordinates": [ 13.4095424, 52.5463737 ] } },
{ "type": "Feature", "properties": { "element": "node", "id": 10042504838, "name": "Nuad Thai Traditionelle Thai Massage", "shop": "massage", "amenity": null, "office": null, "tourism": null, "leisure": null, "building": null, "opening_hours": "Mo-Su 11:00-19:30", "poi_typ": "shop", "dienstag_vormittag": true }, "geometry": { "type": "Point", "coordinates": [ 13.4122027, 52.5287191 ] } },
{ "type": "Feature", "properties": { "element": "node", "id": 10045257321, "name": "O2", "shop": "mobile_phone", "amenity": null, "office": null, "tourism": null, "leisure": null, "building": null, "opening_hours": "Mo-Fr 10:00-12:30,13:00-19:00", "poi_typ": "shop", "dienstag_vormittag": true }, "geometry": { "type": "Point", "coordinates": [ 13.4272568, 52.5453752 ] } },
{ "type": "Feature", "properties": { "element": "node", "id": 10049168060, "name": null, "shop": null, "amenity": "vending_machine", "office": null, "tourism": null, "leisure": null, "building": null, "opening_hours": "24/7", "poi_typ": "amenity", "dienstag_vormittag": true }, "geometry": { "type": "Point", "coordinates": [ 13.4092539, 52.5324054 ] } },
{ "type": "Feature", "properties": { "element": "node", "id": 10056315464, "name": "Vodafone", "shop": "mobile_phone", "amenity": null, "office": null, "tourism": null, "leisure": null, "building": null, "opening_hours": "Mo-Fr 11:00-19:00; Sa 11:00-15:30", "poi_typ": "shop", "dienstag_vormittag": true }, "geometry": { "type": "Point", "coordinates": [ 13.4119543, 52.5436477 ] } },
{ "type": "Feature", "properties": { "element": "node", "id": 10056334168, "name": "SieMatic", "shop": "kitchen", "amenity": null, "office": null, "tourism": null, "leisure": null, "building": null, "opening_hours": "Mo-Fr 10:00-19:00; Sa 10:00-14:00", "poi_typ": "shop", "dienstag_vormittag": true }, "geometry": { "type": "Point", "coordinates": [ 13.4119366, 52.5433695 ] } },
{ "type": "Feature", "properties": { "element": "node", "id": 10058736660, "name": "Telekom Shop", "shop": "mobile_phone", "amenity": null, "office": null, "tourism": null, "leisure": null, "building": null, "opening_hours": "Mo-Fr 10:00-19:00; Sa 10:00-16:00", "poi_typ": "shop", "dienstag_vormittag": true }, "geometry": { "type": "Point", "coordinates": [ 13.4217957, 52.535817 ] } },
{ "type": "Feature", "properties": { "element": "node", "id": 10069305828, "name": "InKlangArt", "shop": null, "amenity": "music_school", "office": null, "tourism": null, "leisure": null, "building": null, "opening_hours": "Mo-Fr 10:00-18:00", "poi_typ": "amenity", "dienstag_vormittag": true }, "geometry": { "type": "Point", "coordinates": [ 13.4281638, 52.5363534 ] } },
{ "type": "Feature", "properties": { "element": "node", "id": 10075100457, "name": "Dr. med. Georgi Wassilew", "shop": null, "amenity": "doctors", "office": null, "tourism": null, "leisure": null, "building": null, "opening_hours": "Mo-Fr 09:00-13:00; Sa 10:00-13:00", "poi_typ": "amenity", "dienstag_vormittag": true }, "geometry": { "type": "Point", "coordinates": [ 13.4121924, 52.545906 ] } },
{ "type": "Feature", "properties": { "element": "node", "id": 10083871528, "name": null, "shop": null, "amenity": "give_box", "office": null, "tourism": null, "leisure": null, "building": null, "opening_hours": "Mo-Fr 09:30-18:00; Sa,Su 12:15-18:00", "poi_typ": "amenity", "dienstag_vormittag": true }, "geometry": { "type": "Point", "coordinates": [ 13.4361381, 52.5302263 ] } },
{ "type": "Feature", "properties": { "element": "node", "id": 10092355835, "name": "Café Melon", "shop": null, "amenity": "cafe", "office": null, "tourism": null, "leisure": null, "building": null, "opening_hours": "Mo-Fr 09:30-17:00; Sa-Su 09:30-16:00", "poi_typ": "amenity", "dienstag_vormittag": true }, "geometry": { "type": "Point", "coordinates": [ 13.426766, 52.531181 ] } },
{ "type": "Feature", "properties": { "element": "node", "id": 10103282850, "name": null, "shop": null, "amenity": "atm", "office": null, "tourism": null, "leisure": null, "building": null, "opening_hours": "24/7", "poi_typ": "amenity", "dienstag_vormittag": true }, "geometry": { "type": "Point", "coordinates": [ 13.4244684, 52.5327186 ] } },
{ "type": "Feature", "properties": { "element": "node", "id": 10103314875, "name": "Bestattungshaus Hagen Preißler", "shop": "funeral_directors", "amenity": null, "office": null, "tourism": null, "leisure": null, "building": null, "opening_hours": "Mo-Fr 09:00-16:00", "poi_typ": "shop", "dienstag_vormittag": true }, "geometry": { "type": "Point", "coordinates": [ 13.4280817, 52.5323291 ] } },
{ "type": "Feature", "properties": { "element": "node", "id": 10132369775, "name": "Änderungsatelier Moda", "shop": "tailor", "amenity": null, "office": null, "tourism": null, "leisure": null, "building": null, "opening_hours": "Mo-Fr 10:00-18:30; Mo-Fr 13:00-14:00 off \"Mittagspause\"; Sa 10:00-14:30; We off; PH off", "poi_typ": "shop", "dienstag_vormittag": true }, "geometry": { "type": "Point", "coordinates": [ 13.4152951, 52.552583 ] } },
{ "type": "Feature", "properties": { "element": "node", "id": 10151703495, "name": "Bogan", "shop": null, "amenity": "driving_school", "office": null, "tourism": null, "leisure": null, "building": null, "opening_hours": "Mo-Fr 08:00-18:00", "poi_typ": "amenity", "dienstag_vormittag": true }, "geometry": { "type": "Point", "coordinates": [ 13.4197976, 52.5396176 ] } },
{ "type": "Feature", "properties": { "element": "node", "id": 10159641337, "name": "Goldschmiede Ersay", "shop": "jewelry", "amenity": null, "office": null, "tourism": null, "leisure": null, "building": null, "opening_hours": "Mo-Fr 10:00-18:00", "poi_typ": "shop", "dienstag_vormittag": true }, "geometry": { "type": "Point", "coordinates": [ 13.4045929, 52.5813934 ] } },
{ "type": "Feature", "properties": { "element": "node", "id": 10168193409, "name": null, "shop": null, "amenity": "atm", "office": null, "tourism": null, "leisure": null, "building": null, "opening_hours": "24/7", "poi_typ": "amenity", "dienstag_vormittag": true }, "geometry": { "type": "Point", "coordinates": [ 13.4212633, 52.5419574 ] } },
{ "type": "Feature", "properties": { "element": "node", "id": 10219769033, "name": "Blank", "shop": "cosmetics", "amenity": null, "office": null, "tourism": null, "leisure": null, "building": null, "opening_hours": "Mo-Fr 10:00-20:00; Sa 10:00-18:00", "poi_typ": "shop", "dienstag_vormittag": true }, "geometry": { "type": "Point", "coordinates": [ 13.4184229, 52.5469329 ] } },
{ "type": "Feature", "properties": { "element": "node", "id": 10292188833, "name": "Späti Festo", "shop": "convenience", "amenity": null, "office": null, "tourism": null, "leisure": null, "building": null, "opening_hours": "24/7", "poi_typ": "shop", "dienstag_vormittag": true }, "geometry": { "type": "Point", "coordinates": [ 13.4428238, 52.5509128 ] } },
{ "type": "Feature", "properties": { "element": "node", "id": 10295658991, "name": "Provisorischer Bücherschrank", "shop": null, "amenity": "public_bookcase", "office": null, "tourism": null, "leisure": null, "building": null, "opening_hours": "24/7", "poi_typ": "amenity", "dienstag_vormittag": true }, "geometry": { "type": "Point", "coordinates": [ 13.4531893, 52.5929256 ] } },
{ "type": "Feature", "properties": { "element": "node", "id": 10314356479, "name": "Backshop Metropol", "shop": "bakery", "amenity": null, "office": null, "tourism": null, "leisure": null, "building": null, "opening_hours": "Mo-Fr 07:00-18:00", "poi_typ": "shop", "dienstag_vormittag": true }, "geometry": { "type": "Point", "coordinates": [ 13.4323392, 52.539697 ] } },
{ "type": "Feature", "properties": { "element": "node", "id": 10314410078, "name": "My", "shop": "beauty", "amenity": null, "office": null, "tourism": null, "leisure": null, "building": null, "opening_hours": "Mo-Fr 09:30-20:00; Sa 09:30-17:00", "poi_typ": "shop", "dienstag_vormittag": true }, "geometry": { "type": "Point", "coordinates": [ 13.4250895, 52.5413672 ] } },
{ "type": "Feature", "properties": { "element": "node", "id": 10554433324, "name": "Blumen", "shop": "florist", "amenity": null, "office": null, "tourism": null, "leisure": null, "building": null, "opening_hours": "Mo-Fr 08:00-20:00; Sa 08:00-18:00", "poi_typ": "shop", "dienstag_vormittag": true }, "geometry": { "type": "Point", "coordinates": [ 13.4171701, 52.5495276 ] } },
{ "type": "Feature", "properties": { "element": "node", "id": 10556441623, "name": null, "shop": null, "amenity": "atm", "office": null, "tourism": null, "leisure": null, "building": null, "opening_hours": "24/7", "poi_typ": "amenity", "dienstag_vormittag": true }, "geometry": { "type": "Point", "coordinates": [ 13.4228537, 52.539623 ] } },
{ "type": "Feature", "properties": { "element": "node", "id": 10572296309, "name": "Enterprise", "shop": null, "amenity": "car_rental", "office": null, "tourism": null, "leisure": null, "building": null, "opening_hours": "Mo-Fr 08:00-18:00; Sa 09:00-12:00", "poi_typ": "amenity", "dienstag_vormittag": true }, "geometry": { "type": "Point", "coordinates": [ 13.4393291, 52.5526754 ] } },
{ "type": "Feature", "properties": { "element": "node", "id": 10586330605, "name": "PIRÜ-PAK Teppichreinigung/Hali Yikama", "shop": "dry_cleaning", "amenity": null, "office": null, "tourism": null, "leisure": null, "building": null, "opening_hours": "Mo-Fr 09:00-16:00; Sa 09:00-14:00", "poi_typ": "shop", "dienstag_vormittag": true }, "geometry": { "type": "Point", "coordinates": [ 13.4089096, 52.5640871 ] } },
{ "type": "Feature", "properties": { "element": "node", "id": 10589202553, "name": "ecocode", "shop": null, "amenity": null, "office": "it", "tourism": null, "leisure": null, "building": null, "opening_hours": "Mo-Fr 09:00-17:00; Sa,Su off", "poi_typ": "office", "dienstag_vormittag": true }, "geometry": { "type": "Point", "coordinates": [ 13.4256491, 52.537939 ] } },
{ "type": "Feature", "properties": { "element": "node", "id": 10595423352, "name": "Amazon Hub Locker", "shop": null, "amenity": "parcel_locker", "office": null, "tourism": null, "leisure": null, "building": null, "opening_hours": "24/7", "poi_typ": "amenity", "dienstag_vormittag": true }, "geometry": { "type": "Point", "coordinates": [ 13.432987, 52.5489368 ] } },
{ "type": "Feature", "properties": { "element": "node", "id": 10595463220, "name": "Küche & Co", "shop": "kitchen", "amenity": null, "office": null, "tourism": null, "leisure": null, "building": null, "opening_hours": "Mo-Fr 10:00-18:30", "poi_typ": "shop", "dienstag_vormittag": true }, "geometry": { "type": "Point", "coordinates": [ 13.4290123, 52.5519343 ] } },
{ "type": "Feature", "properties": { "element": "node", "id": 10595707064, "name": "Xelo Media An- und Verkauf", "shop": "second_hand", "amenity": null, "office": null, "tourism": null, "leisure": null, "building": null, "opening_hours": "Mo-Fr 10:00-13:00,14:00-18:00", "poi_typ": "shop", "dienstag_vormittag": true }, "geometry": { "type": "Point", "coordinates": [ 13.4233688, 52.5390722 ] } },
{ "type": "Feature", "properties": { "element": "node", "id": 10595712932, "name": null, "shop": null, "amenity": "parcel_locker", "office": null, "tourism": null, "leisure": null, "building": null, "opening_hours": "24/7", "poi_typ": "amenity", "dienstag_vormittag": true }, "geometry": { "type": "Point", "coordinates": [ 13.4163913, 52.5537893 ] } },
{ "type": "Feature", "properties": { "element": "node", "id": 10600390836, "name": "Fahrschule Asma", "shop": null, "amenity": "driving_school", "office": null, "tourism": null, "leisure": null, "building": null, "opening_hours": "Mo-Fr 08:00-18:00; Sa 10:00-15:00", "poi_typ": "amenity", "dienstag_vormittag": true }, "geometry": { "type": "Point", "coordinates": [ 13.4596575, 52.560093 ] } },
{ "type": "Feature", "properties": { "element": "node", "id": 10603039975, "name": "Lichtblick Optik", "shop": "optician", "amenity": null, "office": null, "tourism": null, "leisure": null, "building": null, "opening_hours": "Mo-Fr 09:00-18:00; Sa 10:00-13:00", "poi_typ": "shop", "dienstag_vormittag": true }, "geometry": { "type": "Point", "coordinates": [ 13.4327512, 52.5526216 ] } },
{ "type": "Feature", "properties": { "element": "node", "id": 10605844206, "name": "Modellbahn und Zubehör", "shop": "toys", "amenity": null, "office": null, "tourism": null, "leisure": null, "building": null, "opening_hours": "Mo-Fr 10:00-19:00", "poi_typ": "shop", "dienstag_vormittag": true }, "geometry": { "type": "Point", "coordinates": [ 13.4367636, 52.5531186 ] } },
{ "type": "Feature", "properties": { "element": "node", "id": 10606742894, "name": "Lenz Reisen", "shop": "travel_agency", "amenity": null, "office": null, "tourism": null, "leisure": null, "building": null, "opening_hours": "Mo-Fr 09:00-18:00", "poi_typ": "shop", "dienstag_vormittag": true }, "geometry": { "type": "Point", "coordinates": [ 13.4014763, 52.5693736 ] } },
{ "type": "Feature", "properties": { "element": "node", "id": 10607828504, "name": "Amazon Hub Locker", "shop": null, "amenity": "parcel_locker", "office": null, "tourism": null, "leisure": null, "building": null, "opening_hours": "24/7", "poi_typ": "amenity", "dienstag_vormittag": true }, "geometry": { "type": "Point", "coordinates": [ 13.4142288, 52.5550266 ] } },
{ "type": "Feature", "properties": { "element": "node", "id": 10609414482, "name": null, "shop": null, "amenity": "vending_machine", "office": null, "tourism": null, "leisure": null, "building": null, "opening_hours": "24/7", "poi_typ": "amenity", "dienstag_vormittag": true }, "geometry": { "type": "Point", "coordinates": [ 13.4120172, 52.543067 ] } },
{ "type": "Feature", "properties": { "element": "node", "id": 10633496658, "name": "Liebevoll Bestattungen", "shop": "funeral_directors", "amenity": null, "office": null, "tourism": null, "leisure": null, "building": null, "opening_hours": "24/7", "poi_typ": "shop", "dienstag_vormittag": true }, "geometry": { "type": "Point", "coordinates": [ 13.4307891, 52.6132856 ] } },
{ "type": "Feature", "properties": { "element": "node", "id": 10666236050, "name": "gazing Nails", "shop": "beauty", "amenity": null, "office": null, "tourism": null, "leisure": null, "building": null, "opening_hours": "Mo-Fr 09:00-19:00; Sa 09:00-17:00", "poi_typ": "shop", "dienstag_vormittag": true }, "geometry": { "type": "Point", "coordinates": [ 13.4569093, 52.5497687 ] } },
{ "type": "Feature", "properties": { "element": "node", "id": 10688182967, "name": "Minimarkt 39", "shop": "convenience", "amenity": null, "office": null, "tourism": null, "leisure": null, "building": null, "opening_hours": "Mo-Fr 08:30-20:00", "poi_typ": "shop", "dienstag_vormittag": true }, "geometry": { "type": "Point", "coordinates": [ 13.4342272, 52.5477226 ] } },
{ "type": "Feature", "properties": { "element": "node", "id": 10690053905, "name": "Seidel Bestattungshaus Berlin", "shop": "funeral_directors", "amenity": null, "office": null, "tourism": null, "leisure": null, "building": null, "opening_hours": "Mo-Fr 09:00-16:00", "poi_typ": "shop", "dienstag_vormittag": true }, "geometry": { "type": "Point", "coordinates": [ 13.4124836, 52.5629896 ] } },
{ "type": "Feature", "properties": { "element": "node", "id": 10698856450, "name": "Rialda", "shop": "bakery", "amenity": null, "office": null, "tourism": null, "leisure": null, "building": null, "opening_hours": "Mo-Fr 06:00-23:30; Sa 07:30-23:30; Su 07:00-23:30", "poi_typ": "shop", "dienstag_vormittag": true }, "geometry": { "type": "Point", "coordinates": [ 13.4184986, 52.5511264 ] } },
{ "type": "Feature", "properties": { "element": "node", "id": 10718562447, "name": "Weinhandel Terra Vinaria", "shop": "wine", "amenity": null, "office": null, "tourism": null, "leisure": null, "building": null, "opening_hours": "Mo-Fr 14:00-19:00; Sa 11:00-16:00", "poi_typ": "shop", "dienstag_vormittag": true }, "geometry": { "type": "Point", "coordinates": [ 13.4532671, 52.5473258 ] } },
{ "type": "Feature", "properties": { "element": "node", "id": 10733646939, "name": "digitastic", "shop": null, "amenity": null, "office": "it", "tourism": null, "leisure": null, "building": null, "opening_hours": "Mo-Fr 09:00-17:30", "poi_typ": "office", "dienstag_vormittag": true }, "geometry": { "type": "Point", "coordinates": [ 13.4244333, 52.5381028 ] } },
{ "type": "Feature", "properties": { "element": "node", "id": 10739277229, "name": "KEYZO – Film & Animation", "shop": null, "amenity": null, "office": "company", "tourism": null, "leisure": null, "building": null, "opening_hours": "Mo-Fr 09:00-18:00", "poi_typ": "office", "dienstag_vormittag": true }, "geometry": { "type": "Point", "coordinates": [ 13.4221231, 52.5405557 ] } },
{ "type": "Feature", "properties": { "element": "node", "id": 10748272743, "name": "Buch Barber Shop", "shop": "hairdresser", "amenity": null, "office": null, "tourism": null, "leisure": null, "building": null, "opening_hours": "Mo-Fr 09:00-20:00; Sa 09:00-19:00", "poi_typ": "shop", "dienstag_vormittag": true }, "geometry": { "type": "Point", "coordinates": [ 13.4963446, 52.6349564 ] } },
{ "type": "Feature", "properties": { "element": "node", "id": 10788214205, "name": "Ironhack Berlin", "shop": null, "amenity": "school", "office": null, "tourism": null, "leisure": null, "building": null, "opening_hours": "Mo-Fr 09:00-18:00", "poi_typ": "amenity", "dienstag_vormittag": true }, "geometry": { "type": "Point", "coordinates": [ 13.453285, 52.5329551 ] } },
{ "type": "Feature", "properties": { "element": "node", "id": 10796992898, "name": "Schindler Umzüge", "shop": null, "amenity": null, "office": "moving_company", "tourism": null, "leisure": null, "building": null, "opening_hours": "Mo-Fr 09:00-18:00", "poi_typ": "office", "dienstag_vormittag": true }, "geometry": { "type": "Point", "coordinates": [ 13.4050129, 52.5511253 ] } },
{ "type": "Feature", "properties": { "element": "node", "id": 10824443196, "name": null, "shop": null, "amenity": "parcel_locker", "office": null, "tourism": null, "leisure": null, "building": null, "opening_hours": "24/7", "poi_typ": "amenity", "dienstag_vormittag": true }, "geometry": { "type": "Point", "coordinates": [ 13.4149686, 52.5562419 ] } },
{ "type": "Feature", "properties": { "element": "node", "id": 10866950663, "name": "Familiengericht Pankow", "shop": null, "amenity": "courthouse", "office": null, "tourism": null, "leisure": null, "building": null, "opening_hours": "Mo-Fr 09:00-13:00, Th 15:00-18:00", "poi_typ": "amenity", "dienstag_vormittag": true }, "geometry": { "type": "Point", "coordinates": [ 13.415688, 52.5662347 ] } },
{ "type": "Feature", "properties": { "element": "node", "id": 10880165849, "name": "Kalea Hair & Beauty", "shop": "hairdresser", "amenity": null, "office": null, "tourism": null, "leisure": null, "building": null, "opening_hours": "Mo-Fr 08:00-20:00; Sa 08:00-15:00", "poi_typ": "shop", "dienstag_vormittag": true }, "geometry": { "type": "Point", "coordinates": [ 13.4493961, 52.5478294 ] } },
{ "type": "Feature", "properties": { "element": "node", "id": 10931274033, "name": "Patina Designklassiker", "shop": "furniture", "amenity": null, "office": null, "tourism": null, "leisure": null, "building": null, "opening_hours": "Mo-Fr 09:00-16:00", "poi_typ": "shop", "dienstag_vormittag": true }, "geometry": { "type": "Point", "coordinates": [ 13.4228232, 52.5328428 ] } },
{ "type": "Feature", "properties": { "element": "node", "id": 10931303324, "name": "Nabil Falafel Schawarma", "shop": null, "amenity": "fast_food", "office": null, "tourism": null, "leisure": null, "building": null, "opening_hours": "Mo-Su 11:00-22:00", "poi_typ": "amenity", "dienstag_vormittag": true }, "geometry": { "type": "Point", "coordinates": [ 13.4226445, 52.5499975 ] } },
{ "type": "Feature", "properties": { "element": "node", "id": 10944328711, "name": "TreeHaus", "shop": null, "amenity": "kindergarten", "office": null, "tourism": null, "leisure": null, "building": null, "opening_hours": "Mo-Fr 08:00-17:00", "poi_typ": "amenity", "dienstag_vormittag": true }, "geometry": { "type": "Point", "coordinates": [ 13.3673369, 52.5866079 ] } },
{ "type": "Feature", "properties": { "element": "node", "id": 10983763104, "name": "Der Elektrochirurg", "shop": "mobile_phone", "amenity": null, "office": null, "tourism": null, "leisure": null, "building": null, "opening_hours": "Mo-Fr 10:00-20:00; Sa 10:00-18:00", "poi_typ": "shop", "dienstag_vormittag": true }, "geometry": { "type": "Point", "coordinates": [ 13.4137399, 52.540675 ] } },
{ "type": "Feature", "properties": { "element": "node", "id": 10983763550, "name": "Weltladen", "shop": "clothes", "amenity": null, "office": null, "tourism": null, "leisure": null, "building": null, "opening_hours": "Mo-Fr 11:00-20:00; Sa 10:00-19:00", "poi_typ": "shop", "dienstag_vormittag": true }, "geometry": { "type": "Point", "coordinates": [ 13.4137945, 52.5406668 ] } },
{ "type": "Feature", "properties": { "element": "node", "id": 10992437874, "name": "Broke + Schön", "shop": "fashion_accessories", "amenity": null, "office": null, "tourism": null, "leisure": null, "building": null, "opening_hours": "Mo-Fr 11:00-20:00; Sa 10:30-20:00", "poi_typ": "shop", "dienstag_vormittag": true }, "geometry": { "type": "Point", "coordinates": [ 13.4090213, 52.5381803 ] } },
{ "type": "Feature", "properties": { "element": "node", "id": 10992647875, "name": null, "shop": null, "amenity": "parcel_locker", "office": null, "tourism": null, "leisure": null, "building": null, "opening_hours": "24/7", "poi_typ": "amenity", "dienstag_vormittag": true }, "geometry": { "type": "Point", "coordinates": [ 13.3718207, 52.597188 ] } },
{ "type": "Feature", "properties": { "element": "node", "id": 11008692158, "name": "Packstation 284", "shop": null, "amenity": "parcel_locker", "office": null, "tourism": null, "leisure": null, "building": null, "opening_hours": "24/7", "poi_typ": "amenity", "dienstag_vormittag": true }, "geometry": { "type": "Point", "coordinates": [ 13.4921779, 52.6287524 ] } },
{ "type": "Feature", "properties": { "element": "node", "id": 11010271941, "name": "Clever fit", "shop": null, "amenity": null, "office": null, "tourism": null, "leisure": "fitness_centre", "building": null, "opening_hours": "Mo-Fr 06:00-23:00; Sa-Su 09:00-20:00", "poi_typ": "leisure", "dienstag_vormittag": true }, "geometry": { "type": "Point", "coordinates": [ 13.4966691, 52.6340691 ] } },
{ "type": "Feature", "properties": { "element": "node", "id": 11010271942, "name": "JYSK", "shop": "furniture", "amenity": null, "office": null, "tourism": null, "leisure": null, "building": null, "opening_hours": "Mo-Fr 10:00-19:00; Sa 09:30-18:00", "poi_typ": "shop", "dienstag_vormittag": true }, "geometry": { "type": "Point", "coordinates": [ 13.4966074, 52.634192 ] } },
{ "type": "Feature", "properties": { "element": "node", "id": 11019589774, "name": "Praxis Vineta", "shop": null, "amenity": "doctors", "office": null, "tourism": null, "leisure": null, "building": null, "opening_hours": "Mo-Fr 08:00-13:00, Mo 14:00-16:00, Tu,Th 15:00-18:00", "poi_typ": "amenity", "dienstag_vormittag": true }, "geometry": { "type": "Point", "coordinates": [ 13.4127206, 52.5604111 ] } },
{ "type": "Feature", "properties": { "element": "node", "id": 11026581859, "name": "Dart Centrale Berlin", "shop": "sports", "amenity": null, "office": null, "tourism": null, "leisure": null, "building": null, "opening_hours": "Mo-Fr 10:00-18:00; Sa 10:00-13:00", "poi_typ": "shop", "dienstag_vormittag": true }, "geometry": { "type": "Point", "coordinates": [ 13.39829, 52.5674183 ] } },
{ "type": "Feature", "properties": { "element": "node", "id": 11026596011, "name": "SB-Waschsalon", "shop": "laundry", "amenity": null, "office": null, "tourism": null, "leisure": null, "building": null, "opening_hours": "Mo-Su 06:00-22:00", "poi_typ": "shop", "dienstag_vormittag": true }, "geometry": { "type": "Point", "coordinates": [ 13.3948401, 52.5650859 ] } },
{ "type": "Feature", "properties": { "element": "node", "id": 11026623688, "name": "Multi Game Spielautomaten", "shop": "wholesale", "amenity": null, "office": null, "tourism": null, "leisure": null, "building": null, "opening_hours": "Mo-Fr 10:00-18:00; Sa 10:00-13:00", "poi_typ": "shop", "dienstag_vormittag": true }, "geometry": { "type": "Point", "coordinates": [ 13.3983572, 52.5674761 ] } },
{ "type": "Feature", "properties": { "element": "node", "id": 11034356297, "name": null, "shop": null, "amenity": "atm", "office": null, "tourism": null, "leisure": null, "building": null, "opening_hours": "24/7", "poi_typ": "amenity", "dienstag_vormittag": true }, "geometry": { "type": "Point", "coordinates": [ 13.414383, 52.5508462 ] } },
{ "type": "Feature", "properties": { "element": "node", "id": 11035164029, "name": "Änderungsatelier", "shop": "tailor", "amenity": null, "office": null, "tourism": null, "leisure": null, "building": null, "opening_hours": "Mo-Fr 09:00-19:00; Sa 10:00-16:00", "poi_typ": "shop", "dienstag_vormittag": true }, "geometry": { "type": "Point", "coordinates": [ 13.4035546, 52.5689739 ] } },
{ "type": "Feature", "properties": { "element": "node", "id": 11040108143, "name": "American Auto Service", "shop": "car_repair", "amenity": null, "office": null, "tourism": null, "leisure": null, "building": null, "opening_hours": "Mo-Fr 08:00-12:00,13:00-18:00", "poi_typ": "shop", "dienstag_vormittag": true }, "geometry": { "type": "Point", "coordinates": [ 13.4104253, 52.5839463 ] } },
{ "type": "Feature", "properties": { "element": "node", "id": 11044699459, "name": "Kleine Glückspilze", "shop": null, "amenity": "kindergarten", "office": null, "tourism": null, "leisure": null, "building": null, "opening_hours": "Mo-Fr 06:00-17:30", "poi_typ": "amenity", "dienstag_vormittag": true }, "geometry": { "type": "Point", "coordinates": [ 13.4895786, 52.6519276 ] } },
{ "type": "Feature", "properties": { "element": "node", "id": 11049831837, "name": "Savanne Imbiss", "shop": null, "amenity": "restaurant", "office": null, "tourism": null, "leisure": null, "building": null, "opening_hours": "Mo-Su 11:30-22:30", "poi_typ": "amenity", "dienstag_vormittag": true }, "geometry": { "type": "Point", "coordinates": [ 13.4283487, 52.5317209 ] } },
{ "type": "Feature", "properties": { "element": "node", "id": 11050892852, "name": null, "shop": null, "amenity": "charging_station", "office": null, "tourism": null, "leisure": null, "building": null, "opening_hours": "24/7", "poi_typ": "amenity", "dienstag_vormittag": true }, "geometry": { "type": "Point", "coordinates": [ 13.4913839, 52.6362536 ] } },
{ "type": "Feature", "properties": { "element": "node", "id": 11051521509, "name": "freenet", "shop": "telecommunication", "amenity": null, "office": null, "tourism": null, "leisure": null, "building": null, "opening_hours": "Mo-Fr 09:30-18:30; Sa 09:30-15:00", "poi_typ": "shop", "dienstag_vormittag": true }, "geometry": { "type": "Point", "coordinates": [ 13.4057795, 52.5702931 ] } },
{ "type": "Feature", "properties": { "element": "node", "id": 11056478546, "name": null, "shop": null, "amenity": "toilets", "office": null, "tourism": null, "leisure": null, "building": null, "opening_hours": "24/7", "poi_typ": "amenity", "dienstag_vormittag": true }, "geometry": { "type": "Point", "coordinates": [ 13.395542, 52.6053144 ] } },
{ "type": "Feature", "properties": { "element": "node", "id": 11058081913, "name": "Quarkbällchen", "shop": null, "amenity": "fast_food", "office": null, "tourism": null, "leisure": null, "building": null, "opening_hours": "Mo-Fr 11:00-19:00; Sa-Su 11:00-18:00", "poi_typ": "amenity", "dienstag_vormittag": true }, "geometry": { "type": "Point", "coordinates": [ 13.42677, 52.5441657 ] } },
{ "type": "Feature", "properties": { "element": "node", "id": 11059038031, "name": "Parktoilette", "shop": null, "amenity": "toilets", "office": null, "tourism": null, "leisure": null, "building": null, "opening_hours": "24/7", "poi_typ": "amenity", "dienstag_vormittag": true }, "geometry": { "type": "Point", "coordinates": [ 13.4619518, 52.533689 ] } },
{ "type": "Feature", "properties": { "element": "node", "id": 11077550173, "name": "Coffee Circle", "shop": null, "amenity": "cafe", "office": null, "tourism": null, "leisure": null, "building": null, "opening_hours": "Mo-Fr 08:30-18:00; Sa-Su 09:30-18:00", "poi_typ": "amenity", "dienstag_vormittag": true }, "geometry": { "type": "Point", "coordinates": [ 13.4100352, 52.5290567 ] } },
{ "type": "Feature", "properties": { "element": "node", "id": 11090477845, "name": "Lärchenbad", "shop": null, "amenity": null, "office": null, "tourism": null, "leisure": "swimming_pool", "building": null, "opening_hours": "Mo-Fr 08:00-22:00; Sa-Su 09:00-20:00; \"booking required\"", "poi_typ": "leisure", "dienstag_vormittag": true }, "geometry": { "type": "Point", "coordinates": [ 13.400992, 52.5886514 ] } },
{ "type": "Feature", "properties": { "element": "node", "id": 11148637496, "name": "MMB Milena Massage Berlin", "shop": "massage", "amenity": null, "office": null, "tourism": null, "leisure": null, "building": null, "opening_hours": "Mo-Fr 10:00-24:00; Sa,Su 12:00-23:00", "poi_typ": "shop", "dienstag_vormittag": true }, "geometry": { "type": "Point", "coordinates": [ 13.4557484, 52.5486574 ] } },
{ "type": "Feature", "properties": { "element": "node", "id": 11194655929, "name": "Hauptsache Friseure", "shop": "hairdresser", "amenity": null, "office": null, "tourism": null, "leisure": null, "building": null, "opening_hours": "Mo-Fr 09:00-19:00; Sa 09:00-13:00", "poi_typ": "shop", "dienstag_vormittag": true }, "geometry": { "type": "Point", "coordinates": [ 13.3666718, 52.584635 ] } },
{ "type": "Feature", "properties": { "element": "node", "id": 11201598334, "name": "JOHN REED Fitness", "shop": null, "amenity": null, "office": null, "tourism": null, "leisure": "fitness_centre", "building": null, "opening_hours": "Mo-Fr 06:00-23:00; Sa-Su 08:00-22:00", "poi_typ": "leisure", "dienstag_vormittag": true }, "geometry": { "type": "Point", "coordinates": [ 13.4159391, 52.5296568 ] } },
{ "type": "Feature", "properties": { "element": "node", "id": 11211952137, "name": "Mrs. Sporty", "shop": null, "amenity": null, "office": null, "tourism": null, "leisure": "fitness_centre", "building": null, "opening_hours": "Mo-Su 06:00-22:00", "poi_typ": "leisure", "dienstag_vormittag": true }, "geometry": { "type": "Point", "coordinates": [ 13.4189229, 52.5503767 ] } },
{ "type": "Feature", "properties": { "element": "node", "id": 11373332285, "name": null, "shop": null, "amenity": "parcel_locker", "office": null, "tourism": null, "leisure": null, "building": null, "opening_hours": "24/7", "poi_typ": "amenity", "dienstag_vormittag": true }, "geometry": { "type": "Point", "coordinates": [ 13.4073042, 52.5460267 ] } },
{ "type": "Feature", "properties": { "element": "node", "id": 11384561040, "name": "Oggi's Gemüsekebab", "shop": null, "amenity": "fast_food", "office": null, "tourism": null, "leisure": null, "building": null, "opening_hours": "Mo-Fr 11:00-24:00; Sa-Su 12:00-24:00", "poi_typ": "amenity", "dienstag_vormittag": true }, "geometry": { "type": "Point", "coordinates": [ 13.414175, 52.5540172 ] } },
{ "type": "Feature", "properties": { "element": "node", "id": 11407140470, "name": "Auntie", "shop": null, "amenity": "cafe", "office": null, "tourism": null, "leisure": null, "building": null, "opening_hours": "Mo-Fr 08:00-18:00; Sa,Su 09:00-18:00", "poi_typ": "amenity", "dienstag_vormittag": true }, "geometry": { "type": "Point", "coordinates": [ 13.4116601, 52.537593 ] } },
{ "type": "Feature", "properties": { "element": "node", "id": 11407220633, "name": "HEM", "shop": null, "amenity": "fuel", "office": null, "tourism": null, "leisure": null, "building": null, "opening_hours": "Mo-Su,PH 05:00-23:00", "poi_typ": "amenity", "dienstag_vormittag": true }, "geometry": { "type": "Point", "coordinates": [ 13.3786961, 52.5766013 ] } },
{ "type": "Feature", "properties": { "element": "node", "id": 11407562485, "name": "Purschke+Purschke Architekten Berlin", "shop": null, "amenity": null, "office": "architect", "tourism": null, "leisure": null, "building": null, "opening_hours": "Mo-Fr 09:00-20:00", "poi_typ": "office", "dienstag_vormittag": true }, "geometry": { "type": "Point", "coordinates": [ 13.3917629, 52.5729687 ] } },
{ "type": "Feature", "properties": { "element": "node", "id": 11412122516, "name": null, "shop": null, "amenity": "recycling", "office": null, "tourism": null, "leisure": null, "building": null, "opening_hours": "24/7", "poi_typ": "amenity", "dienstag_vormittag": true }, "geometry": { "type": "Point", "coordinates": [ 13.4670294, 52.5557104 ] } },
{ "type": "Feature", "properties": { "element": "node", "id": 11415507271, "name": null, "shop": null, "amenity": "atm", "office": null, "tourism": null, "leisure": null, "building": null, "opening_hours": "24/7", "poi_typ": "amenity", "dienstag_vormittag": true }, "geometry": { "type": "Point", "coordinates": [ 13.4124872, 52.5393476 ] } },
{ "type": "Feature", "properties": { "element": "node", "id": 11425568572, "name": "Buchhandlung Montag", "shop": "books", "amenity": null, "office": null, "tourism": null, "leisure": null, "building": null, "opening_hours": "Mo-Fr 11:00-18:00; Sa 11:00-16:00", "poi_typ": "shop", "dienstag_vormittag": true }, "geometry": { "type": "Point", "coordinates": [ 13.4166533, 52.5448147 ] } },
{ "type": "Feature", "properties": { "element": "node", "id": 11433071264, "name": "Fitbox", "shop": null, "amenity": null, "office": null, "tourism": null, "leisure": "fitness_centre", "building": null, "opening_hours": "Mo-Fr 09:00-20:00; Sa 09:00-16:00", "poi_typ": "leisure", "dienstag_vormittag": true }, "geometry": { "type": "Point", "coordinates": [ 13.410098, 52.5666674 ] } },
{ "type": "Feature", "properties": { "element": "node", "id": 11433076596, "name": "Blumen und Pflanzen", "shop": "florist", "amenity": null, "office": null, "tourism": null, "leisure": null, "building": null, "opening_hours": "Mo-Fr 07:00-19:00; Sa,Su,PH 10:00-16:00", "poi_typ": "shop", "dienstag_vormittag": true }, "geometry": { "type": "Point", "coordinates": [ 13.4105228, 52.5668618 ] } },
{ "type": "Feature", "properties": { "element": "node", "id": 11433087560, "name": "hani beauty", "shop": "beauty", "amenity": null, "office": null, "tourism": null, "leisure": null, "building": null, "opening_hours": "Mo-Fr 09:00-19:30; Sa 09:00-18:00", "poi_typ": "shop", "dienstag_vormittag": true }, "geometry": { "type": "Point", "coordinates": [ 13.4107227, 52.5669488 ] } },
{ "type": "Feature", "properties": { "element": "node", "id": 11435681327, "name": "Spreegold", "shop": null, "amenity": "restaurant", "office": null, "tourism": null, "leisure": null, "building": null, "opening_hours": "Mo-Fr 08:30-17:00; Sa,Su 09:00-17:00", "poi_typ": "amenity", "dienstag_vormittag": true }, "geometry": { "type": "Point", "coordinates": [ 13.4148887, 52.5560713 ] } },
{ "type": "Feature", "properties": { "element": "node", "id": 11498126562, "name": "Nem Nem Restaurant", "shop": null, "amenity": "restaurant", "office": null, "tourism": null, "leisure": null, "building": null, "opening_hours": "Mo-Fr 11:00-22:00; Sa,Su 12:00-22:30", "poi_typ": "amenity", "dienstag_vormittag": true }, "geometry": { "type": "Point", "coordinates": [ 13.4148104, 52.552141 ] } },
{ "type": "Feature", "properties": { "element": "node", "id": 11500443396, "name": null, "shop": null, "amenity": "charging_station", "office": null, "tourism": null, "leisure": null, "building": null, "opening_hours": "24/7", "poi_typ": "amenity", "dienstag_vormittag": true }, "geometry": { "type": "Point", "coordinates": [ 13.4082143, 52.5329284 ] } },
{ "type": "Feature", "properties": { "element": "node", "id": 11559866691, "name": "Berlinmægleren", "shop": null, "amenity": null, "office": "estate_agent", "tourism": null, "leisure": null, "building": null, "opening_hours": "Mo-Fr 09:00-17:00", "poi_typ": "office", "dienstag_vormittag": true }, "geometry": { "type": "Point", "coordinates": [ 13.4194158, 52.5317423 ] } },
{ "type": "Feature", "properties": { "element": "node", "id": 11580611771, "name": "Berliner Pilates", "shop": null, "amenity": null, "office": null, "tourism": null, "leisure": "fitness_centre", "building": null, "opening_hours": "Mo-Fr 08:00-20:30; Sa 09:00-15:00", "poi_typ": "leisure", "dienstag_vormittag": true }, "geometry": { "type": "Point", "coordinates": [ 13.4195372, 52.5437298 ] } },
{ "type": "Feature", "properties": { "element": "node", "id": 11589887197, "name": "LAP Coffee", "shop": null, "amenity": "cafe", "office": null, "tourism": null, "leisure": null, "building": null, "opening_hours": "Mo-Fr 07:00-16:30; Sa,Su 09:30-17:30", "poi_typ": "amenity", "dienstag_vormittag": true }, "geometry": { "type": "Point", "coordinates": [ 13.4137007, 52.549382 ] } },
{ "type": "Feature", "properties": { "element": "node", "id": 11601387327, "name": "North Andes Coffee", "shop": null, "amenity": "cafe", "office": null, "tourism": null, "leisure": null, "building": null, "opening_hours": "Mo-Fr 08:00-17:30; Sa 09:00-17:00; Su 09:00-17:00", "poi_typ": "amenity", "dienstag_vormittag": true }, "geometry": { "type": "Point", "coordinates": [ 13.4430814, 52.5513104 ] } },
{ "type": "Feature", "properties": { "element": "node", "id": 11663589242, "name": null, "shop": null, "amenity": "vending_machine", "office": null, "tourism": null, "leisure": null, "building": null, "opening_hours": "24/7", "poi_typ": "amenity", "dienstag_vormittag": true }, "geometry": { "type": "Point", "coordinates": [ 13.4084054, 52.5308675 ] } },
{ "type": "Feature", "properties": { "element": "node", "id": 11795275529, "name": "Element Insurance", "shop": null, "amenity": null, "office": "insurance", "tourism": null, "leisure": null, "building": null, "opening_hours": "Mo-Fr 09:00-18:00", "poi_typ": "office", "dienstag_vormittag": true }, "geometry": { "type": "Point", "coordinates": [ 13.4156255, 52.5283242 ] } },
{ "type": "Feature", "properties": { "element": "node", "id": 11828871965, "name": "Amazon Locker - xyleigh", "shop": null, "amenity": "parcel_locker", "office": null, "tourism": null, "leisure": null, "building": null, "opening_hours": "24/7", "poi_typ": "amenity", "dienstag_vormittag": true }, "geometry": { "type": "Point", "coordinates": [ 13.4075223, 52.5638385 ] } },
{ "type": "Feature", "properties": { "element": "node", "id": 11828887947, "name": "DHL Packstation 125", "shop": null, "amenity": "parcel_locker", "office": null, "tourism": null, "leisure": null, "building": null, "opening_hours": "24/7", "poi_typ": "amenity", "dienstag_vormittag": true }, "geometry": { "type": "Point", "coordinates": [ 13.4136763, 52.5607194 ] } },
{ "type": "Feature", "properties": { "element": "node", "id": 11834761484, "name": null, "shop": null, "amenity": "vending_machine", "office": null, "tourism": null, "leisure": null, "building": null, "opening_hours": "24/7", "poi_typ": "amenity", "dienstag_vormittag": true }, "geometry": { "type": "Point", "coordinates": [ 13.4125287, 52.5477109 ] } },
{ "type": "Feature", "properties": { "element": "node", "id": 11892812617, "name": "Ewa Schilling", "shop": "beauty", "amenity": null, "office": null, "tourism": null, "leisure": null, "building": null, "opening_hours": "Mo-Fr 10:00-18:00", "poi_typ": "shop", "dienstag_vormittag": true }, "geometry": { "type": "Point", "coordinates": [ 13.4161424, 52.5313059 ] } },
{ "type": "Feature", "properties": { "element": "node", "id": 11892812619, "name": "Liliya", "shop": "beauty", "amenity": null, "office": null, "tourism": null, "leisure": null, "building": null, "opening_hours": "Mo-Fr 09:00-19:00; Sa 09:00-14:00", "poi_typ": "shop", "dienstag_vormittag": true }, "geometry": { "type": "Point", "coordinates": [ 13.4173696, 52.5349694 ] } },
{ "type": "Feature", "properties": { "element": "node", "id": 11892812621, "name": "Bunte Berlinerin", "shop": "clothes", "amenity": null, "office": null, "tourism": null, "leisure": null, "building": null, "opening_hours": "Mo-Fr 11:00-19:00; Sa 10:00-18:00; Su,PH off", "poi_typ": "shop", "dienstag_vormittag": true }, "geometry": { "type": "Point", "coordinates": [ 13.4177857, 52.5381095 ] } },
{ "type": "Feature", "properties": { "element": "node", "id": 11892812624, "name": "Symple", "shop": null, "amenity": "cafe", "office": null, "tourism": null, "leisure": null, "building": null, "opening_hours": "Mo-Fr 08:00-18:00; Sa-Su 09:00-18:00", "poi_typ": "amenity", "dienstag_vormittag": true }, "geometry": { "type": "Point", "coordinates": [ 13.4192581, 52.5383781 ] } },
{ "type": "Feature", "properties": { "element": "node", "id": 11911812539, "name": "Autowerkstatt Graßmann", "shop": "car_repair", "amenity": null, "office": null, "tourism": null, "leisure": null, "building": null, "opening_hours": "Mo-Fr 08:00-17:00", "poi_typ": "shop", "dienstag_vormittag": true }, "geometry": { "type": "Point", "coordinates": [ 13.484498, 52.6155882 ] } },
{ "type": "Feature", "properties": { "element": "node", "id": 11948946142, "name": "Engel & Völkers", "shop": null, "amenity": null, "office": "estate_agent", "tourism": null, "leisure": null, "building": null, "opening_hours": "Mo-Fr 09:00-18:00; Sa 10:00-14:00", "poi_typ": "office", "dienstag_vormittag": true }, "geometry": { "type": "Point", "coordinates": [ 13.4247589, 52.5472009 ] } },
{ "type": "Feature", "properties": { "element": "node", "id": 11962702022, "name": "Kumo Sushi", "shop": null, "amenity": "fast_food", "office": null, "tourism": null, "leisure": null, "building": null, "opening_hours": "Mo-Su 11:00-21:00", "poi_typ": "amenity", "dienstag_vormittag": true }, "geometry": { "type": "Point", "coordinates": [ 13.499884, 52.6306307 ] } },
{ "type": "Feature", "properties": { "element": "node", "id": 11978766931, "name": null, "shop": null, "amenity": "atm", "office": null, "tourism": null, "leisure": null, "building": null, "opening_hours": "24/7", "poi_typ": "amenity", "dienstag_vormittag": true }, "geometry": { "type": "Point", "coordinates": [ 13.4258326, 52.5302181 ] } },
{ "type": "Feature", "properties": { "element": "node", "id": 11983604667, "name": "O2", "shop": "mobile_phone", "amenity": null, "office": null, "tourism": null, "leisure": null, "building": null, "opening_hours": "Mo-Fr 10:00-20:00; Sa 10:00-18:00", "poi_typ": "shop", "dienstag_vormittag": true }, "geometry": { "type": "Point", "coordinates": [ 13.4140472, 52.549054 ] } },
{ "type": "Feature", "properties": { "element": "node", "id": 11986305715, "name": null, "shop": null, "amenity": "vending_machine", "office": null, "tourism": null, "leisure": null, "building": null, "opening_hours": "24/7", "poi_typ": "amenity", "dienstag_vormittag": true }, "geometry": { "type": "Point", "coordinates": [ 13.4121527, 52.5466812 ] } },
{ "type": "Feature", "properties": { "element": "node", "id": 11986327991, "name": null, "shop": null, "amenity": "vending_machine", "office": null, "tourism": null, "leisure": null, "building": null, "opening_hours": "24/7", "poi_typ": "amenity", "dienstag_vormittag": true }, "geometry": { "type": "Point", "coordinates": [ 13.4115439, 52.5404386 ] } },
{ "type": "Feature", "properties": { "element": "node", "id": 12004760623, "name": null, "shop": null, "amenity": "parcel_locker", "office": null, "tourism": null, "leisure": null, "building": null, "opening_hours": "24/7", "poi_typ": "amenity", "dienstag_vormittag": true }, "geometry": { "type": "Point", "coordinates": [ 13.4227756, 52.5279501 ] } },
{ "type": "Feature", "properties": { "element": "node", "id": 12022132913, "name": null, "shop": null, "amenity": "parcel_locker", "office": null, "tourism": null, "leisure": null, "building": null, "opening_hours": "24/7", "poi_typ": "amenity", "dienstag_vormittag": true }, "geometry": { "type": "Point", "coordinates": [ 13.4881379, 52.6182864 ] } },
{ "type": "Feature", "properties": { "element": "node", "id": 12026336724, "name": null, "shop": null, "amenity": "vending_machine", "office": null, "tourism": null, "leisure": null, "building": null, "opening_hours": "24/7", "poi_typ": "amenity", "dienstag_vormittag": true }, "geometry": { "type": "Point", "coordinates": [ 13.4072039, 52.5363239 ] } },
{ "type": "Feature", "properties": { "element": "node", "id": 12026353326, "name": null, "shop": null, "amenity": "vending_machine", "office": null, "tourism": null, "leisure": null, "building": null, "opening_hours": "24/7", "poi_typ": "amenity", "dienstag_vormittag": true }, "geometry": { "type": "Point", "coordinates": [ 13.4077528, 52.5366008 ] } },
{ "type": "Feature", "properties": { "element": "node", "id": 12035781587, "name": "Anna Beauty Mails & Spa", "shop": "beauty", "amenity": null, "office": null, "tourism": null, "leisure": null, "building": null, "opening_hours": "Mo-Fr 09:00-19:00; Sa 10:00-17:00; Su off", "poi_typ": "shop", "dienstag_vormittag": true }, "geometry": { "type": "Point", "coordinates": [ 13.4269155, 52.5313116 ] } },
{ "type": "Feature", "properties": { "element": "node", "id": 12035798677, "name": "The Baseball Shop", "shop": "sports", "amenity": null, "office": null, "tourism": null, "leisure": null, "building": null, "opening_hours": "Mo-Fr 10:00-18:00, Sa 11:00-16:00", "poi_typ": "shop", "dienstag_vormittag": true }, "geometry": { "type": "Point", "coordinates": [ 13.4259939, 52.5305179 ] } },
{ "type": "Feature", "properties": { "element": "node", "id": 12041073642, "name": "Friseurmarkt Berlin", "shop": "hairdresser_supply", "amenity": null, "office": null, "tourism": null, "leisure": null, "building": null, "opening_hours": "Mo-Fr 08:00-19:00; Sa 10:00-16:00", "poi_typ": "shop", "dienstag_vormittag": true }, "geometry": { "type": "Point", "coordinates": [ 13.4105965, 52.5304925 ] } },
{ "type": "Feature", "properties": { "element": "node", "id": 12047430912, "name": "Augustiner auf Bötzow", "shop": null, "amenity": "biergarten", "office": null, "tourism": null, "leisure": null, "building": null, "opening_hours": "Mo-Su 09:00-22:00", "poi_typ": "amenity", "dienstag_vormittag": true }, "geometry": { "type": "Point", "coordinates": [ 13.4166869, 52.5294043 ] } },
{ "type": "Feature", "properties": { "element": "node", "id": 12066348772, "name": "HAIR.concept", "shop": "hairdresser", "amenity": null, "office": null, "tourism": null, "leisure": null, "building": null, "opening_hours": "Mo-Fr 09:00-18:00; Sa 09:00-14:00; Su off", "poi_typ": "shop", "dienstag_vormittag": true }, "geometry": { "type": "Point", "coordinates": [ 13.3679657, 52.5866548 ] } },
{ "type": "Feature", "properties": { "element": "node", "id": 12066348773, "name": "Nagelstudio", "shop": "beauty", "amenity": null, "office": null, "tourism": null, "leisure": null, "building": null, "opening_hours": "Mo-Fr 09:30-18:00; Sa-Su off", "poi_typ": "shop", "dienstag_vormittag": true }, "geometry": { "type": "Point", "coordinates": [ 13.3680107, 52.5867224 ] } },
{ "type": "Feature", "properties": { "element": "node", "id": 12066348774, "name": "Krippe Sternenwiege", "shop": null, "amenity": "kindergarten", "office": null, "tourism": null, "leisure": null, "building": null, "opening_hours": "Mo-Fr 07:00-17:00", "poi_typ": "amenity", "dienstag_vormittag": true }, "geometry": { "type": "Point", "coordinates": [ 13.3680644, 52.5867835 ] } },
{ "type": "Feature", "properties": { "element": "node", "id": 12066348775, "name": "Döner Pizza", "shop": null, "amenity": "fast_food", "office": null, "tourism": null, "leisure": null, "building": null, "opening_hours": "Mo-Fr 08:00-24:00; Sa 09:00-24:00; Su 11:00-24:00", "poi_typ": "amenity", "dienstag_vormittag": true }, "geometry": { "type": "Point", "coordinates": [ 13.3679169, 52.5865936 ] } },
{ "type": "Feature", "properties": { "element": "node", "id": 12066348776, "name": "Schäfer's", "shop": "bakery", "amenity": null, "office": null, "tourism": null, "leisure": null, "building": null, "opening_hours": "Mo-Fr 07:00-17:00; Sa 07:00-13:00; Su 08:00-16:00", "poi_typ": "shop", "dienstag_vormittag": true }, "geometry": { "type": "Point", "coordinates": [ 13.3678769, 52.5865359 ] } },
{ "type": "Feature", "properties": { "element": "node", "id": 12066505798, "name": "Kiosk Fariba", "shop": "kiosk", "amenity": null, "office": null, "tourism": null, "leisure": null, "building": null, "opening_hours": "Mo-Fr 09:00-18:00, Sa 09:00-14:00", "poi_typ": "shop", "dienstag_vormittag": true }, "geometry": { "type": "Point", "coordinates": [ 13.3675488, 52.5867258 ] } },
{ "type": "Feature", "properties": { "element": "node", "id": 12068929641, "name": null, "shop": null, "amenity": "vending_machine", "office": null, "tourism": null, "leisure": null, "building": null, "opening_hours": "24/7", "poi_typ": "amenity", "dienstag_vormittag": true }, "geometry": { "type": "Point", "coordinates": [ 13.408585, 52.5296976 ] } },
{ "type": "Feature", "properties": { "element": "node", "id": 12068944083, "name": null, "shop": null, "amenity": "vending_machine", "office": null, "tourism": null, "leisure": null, "building": null, "opening_hours": "24/7", "poi_typ": "amenity", "dienstag_vormittag": true }, "geometry": { "type": "Point", "coordinates": [ 13.4086723, 52.5303709 ] } },
{ "type": "Feature", "properties": { "element": "node", "id": 12071058836, "name": "Provisorischer Bücherschrank", "shop": null, "amenity": "public_bookcase", "office": null, "tourism": null, "leisure": null, "building": null, "opening_hours": "24/7", "poi_typ": "amenity", "dienstag_vormittag": true }, "geometry": { "type": "Point", "coordinates": [ 13.4912446, 52.6364335 ] } },
{ "type": "Feature", "properties": { "element": "node", "id": 12071070479, "name": "Provisorischer Bücherschrank", "shop": null, "amenity": "public_bookcase", "office": null, "tourism": null, "leisure": null, "building": null, "opening_hours": "24/7", "poi_typ": "amenity", "dienstag_vormittag": true }, "geometry": { "type": "Point", "coordinates": [ 13.4930254, 52.6291681 ] } },
{ "type": "Feature", "properties": { "element": "node", "id": 12071096036, "name": "Selbsthilfe in Buch", "shop": null, "amenity": "healthcare", "office": null, "tourism": null, "leisure": null, "building": null, "opening_hours": "Mo-Fr 10:00-16:00", "poi_typ": "amenity", "dienstag_vormittag": true }, "geometry": { "type": "Point", "coordinates": [ 13.4953917, 52.6326616 ] } },
{ "type": "Feature", "properties": { "element": "node", "id": 12082801493, "name": null, "shop": null, "amenity": "bicycle_repair_station", "office": null, "tourism": null, "leisure": null, "building": null, "opening_hours": "24/7", "poi_typ": "amenity", "dienstag_vormittag": true }, "geometry": { "type": "Point", "coordinates": [ 13.4087782, 52.5711902 ] } },
{ "type": "Feature", "properties": { "element": "node", "id": 12086091444, "name": null, "shop": null, "amenity": "vending_machine", "office": null, "tourism": null, "leisure": null, "building": null, "opening_hours": "24/7", "poi_typ": "amenity", "dienstag_vormittag": true }, "geometry": { "type": "Point", "coordinates": [ 13.4138978, 52.5487989 ] } },
{ "type": "Feature", "properties": { "element": "node", "id": 12086091447, "name": null, "shop": null, "amenity": "vending_machine", "office": null, "tourism": null, "leisure": null, "building": null, "opening_hours": "24/7", "poi_typ": "amenity", "dienstag_vormittag": true }, "geometry": { "type": "Point", "coordinates": [ 13.4137064, 52.5480921 ] } },
{ "type": "Feature", "properties": { "element": "node", "id": 12086091464, "name": "Die Ebenisten", "shop": "furniture", "amenity": null, "office": null, "tourism": null, "leisure": null, "building": null, "opening_hours": "Mo-Fr 11:00-19:00; Sa 12:00-18:00", "poi_typ": "shop", "dienstag_vormittag": true }, "geometry": { "type": "Point", "coordinates": [ 13.4171877, 52.5382368 ] } },
{ "type": "Feature", "properties": { "element": "node", "id": 12086943808, "name": null, "shop": null, "amenity": "vending_machine", "office": null, "tourism": null, "leisure": null, "building": null, "opening_hours": "24/7", "poi_typ": "amenity", "dienstag_vormittag": true }, "geometry": { "type": "Point", "coordinates": [ 13.411896, 52.5506682 ] } },
{ "type": "Feature", "properties": { "element": "node", "id": 12087066469, "name": "Ting", "shop": "interior_decoration", "amenity": null, "office": null, "tourism": null, "leisure": null, "building": null, "opening_hours": "Mo-Fr 11:00-19:00; Sa 11:00-17:30", "poi_typ": "shop", "dienstag_vormittag": true }, "geometry": { "type": "Point", "coordinates": [ 13.4208622, 52.5372044 ] } },
{ "type": "Feature", "properties": { "element": "node", "id": 12090195708, "name": null, "shop": null, "amenity": "vending_machine", "office": null, "tourism": null, "leisure": null, "building": null, "opening_hours": "24/7", "poi_typ": "amenity", "dienstag_vormittag": true }, "geometry": { "type": "Point", "coordinates": [ 13.4065227, 52.5302873 ] } },
{ "type": "Feature", "properties": { "element": "node", "id": 12098457001, "name": "Open House", "shop": null, "amenity": "cafe", "office": null, "tourism": null, "leisure": null, "building": null, "opening_hours": "Mo-Su 08:00-18:00", "poi_typ": "amenity", "dienstag_vormittag": true }, "geometry": { "type": "Point", "coordinates": [ 13.4279457, 52.5353486 ] } },
{ "type": "Feature", "properties": { "element": "node", "id": 12104386284, "name": null, "shop": null, "amenity": "recycling", "office": null, "tourism": null, "leisure": null, "building": null, "opening_hours": "24/7", "poi_typ": "amenity", "dienstag_vormittag": true }, "geometry": { "type": "Point", "coordinates": [ 13.4252347, 52.5563096 ] } },
{ "type": "Feature", "properties": { "element": "node", "id": 12105170901, "name": null, "shop": null, "amenity": "bicycle_repair_station", "office": null, "tourism": null, "leisure": null, "building": null, "opening_hours": "24/7", "poi_typ": "amenity", "dienstag_vormittag": true }, "geometry": { "type": "Point", "coordinates": [ 13.4579299, 52.5519968 ] } },
{ "type": "Feature", "properties": { "element": "node", "id": 12138444601, "name": "Minoa", "shop": null, "amenity": "cafe", "office": null, "tourism": null, "leisure": null, "building": null, "opening_hours": "Mo-Su 09:00-22:00", "poi_typ": "amenity", "dienstag_vormittag": true }, "geometry": { "type": "Point", "coordinates": [ 13.4192525, 52.5352488 ] } },
{ "type": "Feature", "properties": { "element": "node", "id": 12143078801, "name": "Funa Sushi Pankow", "shop": null, "amenity": "restaurant", "office": null, "tourism": null, "leisure": null, "building": null, "opening_hours": "Mo-Su 11:00-22:45", "poi_typ": "amenity", "dienstag_vormittag": true }, "geometry": { "type": "Point", "coordinates": [ 13.40239, 52.587287 ] } },
{ "type": "Feature", "properties": { "element": "node", "id": 12146605292, "name": "EiS MaraMao", "shop": null, "amenity": "ice_cream", "office": null, "tourism": null, "leisure": null, "building": null, "opening_hours": "Mo-Su 11:00-20:00", "poi_typ": "amenity", "dienstag_vormittag": true }, "geometry": { "type": "Point", "coordinates": [ 13.4513278, 52.5487272 ] } },
{ "type": "Feature", "properties": { "element": "node", "id": 12156182095, "name": "Pala", "shop": null, "amenity": "restaurant", "office": null, "tourism": null, "leisure": null, "building": null, "opening_hours": "Mo-Su 10:00-18:30", "poi_typ": "amenity", "dienstag_vormittag": true }, "geometry": { "type": "Point", "coordinates": [ 13.412439, 52.5468267 ] } },
{ "type": "Feature", "properties": { "element": "node", "id": 12163251896, "name": "Little Flowers", "shop": null, "amenity": "kindergarten", "office": null, "tourism": null, "leisure": null, "building": null, "opening_hours": "Mo-Fr 08:00-17:00", "poi_typ": "amenity", "dienstag_vormittag": true }, "geometry": { "type": "Point", "coordinates": [ 13.4111105, 52.5823444 ] } },
{ "type": "Feature", "properties": { "element": "node", "id": 12170468376, "name": "Schuster Lehmann", "shop": "locksmith", "amenity": null, "office": null, "tourism": null, "leisure": null, "building": null, "opening_hours": "Mo-Fr 09:00-18:00; Sa 09:00-13:00", "poi_typ": "shop", "dienstag_vormittag": true }, "geometry": { "type": "Point", "coordinates": [ 13.4505017, 52.5484469 ] } },
{ "type": "Feature", "properties": { "element": "node", "id": 12178482992, "name": null, "shop": null, "amenity": "parcel_locker", "office": null, "tourism": null, "leisure": null, "building": null, "opening_hours": "24/7", "poi_typ": "amenity", "dienstag_vormittag": true }, "geometry": { "type": "Point", "coordinates": [ 13.4194061, 52.5451686 ] } },
{ "type": "Feature", "properties": { "element": "node", "id": 12181085801, "name": "Le Perfection", "shop": "hairdresser", "amenity": null, "office": null, "tourism": null, "leisure": null, "building": null, "opening_hours": "Mo-Fr 10:00-17:30", "poi_typ": "shop", "dienstag_vormittag": true }, "geometry": { "type": "Point", "coordinates": [ 13.4999956, 52.6306165 ] } },
{ "type": "Feature", "properties": { "element": "node", "id": 12201947236, "name": "Pets Deli", "shop": "pet", "amenity": null, "office": null, "tourism": null, "leisure": null, "building": null, "opening_hours": "Mo-Fr 10:00-20:00; Sa 10:00-19:00", "poi_typ": "shop", "dienstag_vormittag": true }, "geometry": { "type": "Point", "coordinates": [ 13.4198768, 52.535285 ] } },
{ "type": "Feature", "properties": { "element": "node", "id": 12204607512, "name": "Amazon Locker", "shop": null, "amenity": "parcel_locker", "office": null, "tourism": null, "leisure": null, "building": null, "opening_hours": "24/7", "poi_typ": "amenity", "dienstag_vormittag": true }, "geometry": { "type": "Point", "coordinates": [ 13.4196998, 52.5482749 ] } },
{ "type": "Feature", "properties": { "element": "node", "id": 12205005928, "name": null, "shop": null, "amenity": "bicycle_repair_station", "office": null, "tourism": null, "leisure": null, "building": null, "opening_hours": "24/7", "poi_typ": "amenity", "dienstag_vormittag": true }, "geometry": { "type": "Point", "coordinates": [ 13.4046035, 52.5404459 ] } },
{ "type": "Feature", "properties": { "element": "node", "id": 12208596250, "name": null, "shop": null, "amenity": "vending_machine", "office": null, "tourism": null, "leisure": null, "building": null, "opening_hours": "24/7", "poi_typ": "amenity", "dienstag_vormittag": true }, "geometry": { "type": "Point", "coordinates": [ 13.4207494, 52.5422256 ] } },
{ "type": "Feature", "properties": { "element": "node", "id": 12218523003, "name": "Skatespot Flat @Mauerpark", "shop": null, "amenity": null, "office": null, "tourism": null, "leisure": "pitch", "building": null, "opening_hours": "24/7", "poi_typ": "leisure", "dienstag_vormittag": true }, "geometry": { "type": "Point", "coordinates": [ 13.4025175, 52.5415056 ] } },
{ "type": "Feature", "properties": { "element": "node", "id": 12234232302, "name": "ACE Consulting Group", "shop": null, "amenity": null, "office": "consulting", "tourism": null, "leisure": null, "building": null, "opening_hours": "Mo-Fr 09:00-17:00; Sa,Su off", "poi_typ": "office", "dienstag_vormittag": true }, "geometry": { "type": "Point", "coordinates": [ 13.4081212, 52.5374799 ] } },
{ "type": "Feature", "properties": { "element": "node", "id": 12259458157, "name": "Blumen Blütenreich", "shop": "florist", "amenity": null, "office": null, "tourism": null, "leisure": null, "building": null, "opening_hours": "Mo-Fr 08:00-19:00; Sa-Su 09:00-16:00", "poi_typ": "shop", "dienstag_vormittag": true }, "geometry": { "type": "Point", "coordinates": [ 13.4133106, 52.5591291 ] } },
{ "type": "Feature", "properties": { "element": "node", "id": 12290925911, "name": "Radeisen Motorsport GmbH", "shop": "car_repair", "amenity": null, "office": null, "tourism": null, "leisure": null, "building": null, "opening_hours": "Mo-Fr 10:00-19:00", "poi_typ": "shop", "dienstag_vormittag": true }, "geometry": { "type": "Point", "coordinates": [ 13.4359375, 52.5533297 ] } },
{ "type": "Feature", "properties": { "element": "node", "id": 12306933214, "name": "Dr. med. Andreas Kretzschmar", "shop": null, "amenity": "doctors", "office": null, "tourism": null, "leisure": null, "building": null, "opening_hours": "Mo-Fr 09:00-12:30, Mo 14:00-16:00", "poi_typ": "amenity", "dienstag_vormittag": true }, "geometry": { "type": "Point", "coordinates": [ 13.4104586, 52.5708067 ] } },
{ "type": "Feature", "properties": { "element": "node", "id": 12306933221, "name": "Diagnostikum Berlin", "shop": null, "amenity": "doctors", "office": null, "tourism": null, "leisure": null, "building": null, "opening_hours": "Mo-Fr 08:00-18:00", "poi_typ": "amenity", "dienstag_vormittag": true }, "geometry": { "type": "Point", "coordinates": [ 13.4106034, 52.5708447 ] } },
{ "type": "Feature", "properties": { "element": "node", "id": 12309529401, "name": "Spätkauf MiniMarkt", "shop": "convenience", "amenity": null, "office": null, "tourism": null, "leisure": null, "building": null, "opening_hours": "Mo-Su 10:00-24:00", "poi_typ": "shop", "dienstag_vormittag": true }, "geometry": { "type": "Point", "coordinates": [ 13.4125645, 52.5474804 ] } },
{ "type": "Feature", "properties": { "element": "node", "id": 12318832328, "name": "TotalEnergies", "shop": null, "amenity": "fuel", "office": null, "tourism": null, "leisure": null, "building": null, "opening_hours": "24/7", "poi_typ": "amenity", "dienstag_vormittag": true }, "geometry": { "type": "Point", "coordinates": [ 13.5141988, 52.64092 ] } },
{ "type": "Feature", "properties": { "element": "node", "id": 12323813078, "name": "MIVI Studio", "shop": "beauty", "amenity": null, "office": null, "tourism": null, "leisure": null, "building": null, "opening_hours": "Mo-Fr 09:30-18:00; Sa-Su off", "poi_typ": "shop", "dienstag_vormittag": true }, "geometry": { "type": "Point", "coordinates": [ 13.4469854, 52.5496279 ] } },
{ "type": "Feature", "properties": { "element": "node", "id": 12323854287, "name": "M.A Fashion Shop", "shop": "clothes", "amenity": null, "office": null, "tourism": null, "leisure": null, "building": null, "opening_hours": "Mo-Fr 10:00-18:00", "poi_typ": "shop", "dienstag_vormittag": true }, "geometry": { "type": "Point", "coordinates": [ 13.4484714, 52.5491536 ] } },
{ "type": "Feature", "properties": { "element": "node", "id": 12323861044, "name": "Will", "shop": "interior_decoration", "amenity": null, "office": null, "tourism": null, "leisure": null, "building": null, "opening_hours": "Mo-Fr 10:00-13:00, Mo-We,Fr 14:00-18:00, Th 14:00-19:00", "poi_typ": "shop", "dienstag_vormittag": true }, "geometry": { "type": "Point", "coordinates": [ 13.4499297, 52.54893 ] } },
{ "type": "Feature", "properties": { "element": "node", "id": 12323862232, "name": "Beauty Nails", "shop": "beauty", "amenity": null, "office": null, "tourism": null, "leisure": null, "building": null, "opening_hours": "Mo-Fr 09:30-20:00; Sa 09:30-18:00", "poi_typ": "shop", "dienstag_vormittag": true }, "geometry": { "type": "Point", "coordinates": [ 13.4504448, 52.5485097 ] } },
{ "type": "Feature", "properties": { "element": "node", "id": 12323864947, "name": "The beauty house", "shop": "beauty", "amenity": null, "office": null, "tourism": null, "leisure": null, "building": null, "opening_hours": "Mo-Fr 09:30-19:30; Sa 10:00-18:00; Su off", "poi_typ": "shop", "dienstag_vormittag": true }, "geometry": { "type": "Point", "coordinates": [ 13.449252, 52.5489177 ] } },
{ "type": "Feature", "properties": { "element": "node", "id": 12323869355, "name": "Tanzschule", "shop": null, "amenity": "cafe", "office": null, "tourism": null, "leisure": null, "building": null, "opening_hours": "Mo-Fr 15:00-18:00; Sa 09:30-13:30; Su 10:00-14:00", "poi_typ": "amenity", "dienstag_vormittag": true }, "geometry": { "type": "Point", "coordinates": [ 13.4502627, 52.54884 ] } },
{ "type": "Feature", "properties": { "element": "node", "id": 12323875082, "name": "ideell Bestattungen", "shop": "funeral_directors", "amenity": null, "office": null, "tourism": null, "leisure": null, "building": null, "opening_hours": "Mo-Fr 10:00-16:00", "poi_typ": "shop", "dienstag_vormittag": true }, "geometry": { "type": "Point", "coordinates": [ 13.4138329, 52.5585463 ] } },
{ "type": "Feature", "properties": { "element": "node", "id": 12323875085, "name": null, "shop": "tailor", "amenity": null, "office": null, "tourism": null, "leisure": null, "building": null, "opening_hours": "Mo-Fr 10:00-18:00, Sa 10:00-14:00", "poi_typ": "shop", "dienstag_vormittag": true }, "geometry": { "type": "Point", "coordinates": [ 13.4351797, 52.5533429 ] } },
{ "type": "Feature", "properties": { "element": "node", "id": 12323881612, "name": "deli am Markt", "shop": "supermarket", "amenity": null, "office": null, "tourism": null, "leisure": null, "building": null, "opening_hours": "Mo-Fr 06:00-17:30; Sa 06:00-16:30", "poi_typ": "shop", "dienstag_vormittag": true }, "geometry": { "type": "Point", "coordinates": [ 13.441346, 52.5437602 ] } },
{ "type": "Feature", "properties": { "element": "node", "id": 12323885064, "name": "coco Friseur", "shop": "hairdresser", "amenity": null, "office": null, "tourism": null, "leisure": null, "building": null, "opening_hours": "Mo-Fr 10:00-20:00; Sa 09:00-14:00", "poi_typ": "shop", "dienstag_vormittag": true }, "geometry": { "type": "Point", "coordinates": [ 13.4415042, 52.5438661 ] } },
{ "type": "Feature", "properties": { "element": "node", "id": 12323885513, "name": "augenlicht optik", "shop": "optician", "amenity": null, "office": null, "tourism": null, "leisure": null, "building": null, "opening_hours": "Mo-Fr 09:00-19:00; Sa 10:00-14:00", "poi_typ": "shop", "dienstag_vormittag": true }, "geometry": { "type": "Point", "coordinates": [ 13.4450757, 52.5459973 ] } },
{ "type": "Feature", "properties": { "element": "node", "id": 12332796601, "name": null, "shop": null, "amenity": null, "office": null, "tourism": null, "leisure": "playground", "building": null, "opening_hours": "24/7", "poi_typ": "leisure", "dienstag_vormittag": true }, "geometry": { "type": "Point", "coordinates": [ 13.4351755, 52.5508888 ] } },
{ "type": "Feature", "properties": { "element": "node", "id": 12348562501, "name": null, "shop": null, "amenity": "charging_station", "office": null, "tourism": null, "leisure": null, "building": null, "opening_hours": "24/7", "poi_typ": "amenity", "dienstag_vormittag": true }, "geometry": { "type": "Point", "coordinates": [ 13.4479218, 52.5433064 ] } },
{ "type": "Feature", "properties": { "element": "node", "id": 12363208413, "name": "mobilezone & PŸUR Partner", "shop": "mobile_phone", "amenity": null, "office": null, "tourism": null, "leisure": null, "building": null, "opening_hours": "Mo-Fr 10:00-18:00", "poi_typ": "shop", "dienstag_vormittag": true }, "geometry": { "type": "Point", "coordinates": [ 13.441813, 52.5441732 ] } },
{ "type": "Feature", "properties": { "element": "node", "id": 12367635831, "name": "Five Elephant", "shop": null, "amenity": "cafe", "office": null, "tourism": null, "leisure": null, "building": null, "opening_hours": "Mo-Fr 08:00-18:00; Sa 09:00-18:00; Su 09:00-18:00", "poi_typ": "amenity", "dienstag_vormittag": true }, "geometry": { "type": "Point", "coordinates": [ 13.4212598, 52.538892 ] } },
{ "type": "Feature", "properties": { "element": "node", "id": 12410298602, "name": "Matratzen Concord", "shop": "bed", "amenity": null, "office": null, "tourism": null, "leisure": null, "building": null, "opening_hours": "Mo-Fr 10:00-18:30; Sa 10:00-16:00", "poi_typ": "shop", "dienstag_vormittag": true }, "geometry": { "type": "Point", "coordinates": [ 13.4011931, 52.5695506 ] } },
{ "type": "Feature", "properties": { "element": "node", "id": 12424890954, "name": "Reisebüro Arndt", "shop": "travel_agency", "amenity": null, "office": null, "tourism": null, "leisure": null, "building": null, "opening_hours": "Mo-Fr 10:00-17:00", "poi_typ": "shop", "dienstag_vormittag": true }, "geometry": { "type": "Point", "coordinates": [ 13.4132632, 52.562676 ] } },
{ "type": "Feature", "properties": { "element": "node", "id": 12424944254, "name": "Vodafone", "shop": "mobile_phone", "amenity": null, "office": null, "tourism": null, "leisure": null, "building": null, "opening_hours": "Mo-Fr 10:00-18:30", "poi_typ": "shop", "dienstag_vormittag": true }, "geometry": { "type": "Point", "coordinates": [ 13.4136216, 52.559494 ] } },
{ "type": "Feature", "properties": { "element": "node", "id": 12424951835, "name": "Barbershop", "shop": "hairdresser", "amenity": null, "office": null, "tourism": null, "leisure": null, "building": null, "opening_hours": "Mo-Fr 10:00-19:00; Sa 09:00-18:00", "poi_typ": "shop", "dienstag_vormittag": true }, "geometry": { "type": "Point", "coordinates": [ 13.4136305, 52.5594382 ] } },
{ "type": "Feature", "properties": { "element": "node", "id": 12443868381, "name": "Augustiner auf Bötzow", "shop": null, "amenity": "restaurant", "office": null, "tourism": null, "leisure": null, "building": null, "opening_hours": "Mo-Su 12:00+", "poi_typ": "amenity", "dienstag_vormittag": true }, "geometry": { "type": "Point", "coordinates": [ 13.4167555, 52.5296488 ] } },
{ "type": "Feature", "properties": { "element": "node", "id": 12472106115, "name": "Seeger", "shop": "medical_supply", "amenity": null, "office": null, "tourism": null, "leisure": null, "building": null, "opening_hours": "Mo-Fr 09:00-18:00; Sa 10:00-14:00", "poi_typ": "shop", "dienstag_vormittag": true }, "geometry": { "type": "Point", "coordinates": [ 13.4134275, 52.5501829 ] } },
{ "type": "Feature", "properties": { "element": "node", "id": 12512019601, "name": "Dad's Kitchen", "shop": null, "amenity": "restaurant", "office": null, "tourism": null, "leisure": null, "building": null, "opening_hours": "Mo-Fr 11:00-21:00; Sa 12:00-21:00; Su off", "poi_typ": "amenity", "dienstag_vormittag": true }, "geometry": { "type": "Point", "coordinates": [ 13.4261084, 52.5297972 ] } },
{ "type": "Feature", "properties": { "element": "node", "id": 12533959032, "name": "CityLack", "shop": "car_repair", "amenity": null, "office": null, "tourism": null, "leisure": null, "building": null, "opening_hours": "Mo-Fr 09:00-17:00", "poi_typ": "shop", "dienstag_vormittag": true }, "geometry": { "type": "Point", "coordinates": [ 13.4400885, 52.5535557 ] } },
{ "type": "Feature", "properties": { "element": "node", "id": 12537030538, "name": "Lingua-World Übersetzungsbüro", "shop": null, "amenity": null, "office": "translator", "tourism": null, "leisure": null, "building": null, "opening_hours": "Mo-Fr 08:00-17:00", "poi_typ": "office", "dienstag_vormittag": true }, "geometry": { "type": "Point", "coordinates": [ 13.4143076, 52.5431716 ] } },
{ "type": "Feature", "properties": { "element": "node", "id": 12549637196, "name": "Star", "shop": null, "amenity": "fuel", "office": null, "tourism": null, "leisure": null, "building": null, "opening_hours": "24/7", "poi_typ": "amenity", "dienstag_vormittag": true }, "geometry": { "type": "Point", "coordinates": [ 13.4915693, 52.5588369 ] } },
{ "type": "Feature", "properties": { "element": "node", "id": 12585243601, "name": "The Mood", "shop": null, "amenity": "fast_food", "office": null, "tourism": null, "leisure": null, "building": null, "opening_hours": "Mo-Su 11:00-22:00", "poi_typ": "amenity", "dienstag_vormittag": true }, "geometry": { "type": "Point", "coordinates": [ 13.4129573, 52.5474892 ] } },
{ "type": "Feature", "properties": { "element": "node", "id": 12588387837, "name": "Total", "shop": "convenience", "amenity": "fuel", "office": null, "tourism": null, "leisure": null, "building": null, "opening_hours": "24/7", "poi_typ": "shop", "dienstag_vormittag": true }, "geometry": { "type": "Point", "coordinates": [ 13.4324097, 52.5821047 ] } },
{ "type": "Feature", "properties": { "element": "node", "id": 12617796003, "name": "Living Hotel Weißensee", "shop": null, "amenity": null, "office": null, "tourism": "hotel", "leisure": null, "building": null, "opening_hours": "24/7", "poi_typ": "tourism", "dienstag_vormittag": true }, "geometry": { "type": "Point", "coordinates": [ 13.45726, 52.5543073 ] } },
{ "type": "Feature", "properties": { "element": "node", "id": 12620178901, "name": "Neue Remise", "shop": null, "amenity": "events_venue", "office": null, "tourism": null, "leisure": null, "building": null, "opening_hours": "Mo-Su 08:00-19:00", "poi_typ": "amenity", "dienstag_vormittag": true }, "geometry": { "type": "Point", "coordinates": [ 13.4331933, 52.5557109 ] } },
{ "type": "Feature", "properties": { "element": "node", "id": 12633167797, "name": "nuaRasa", "shop": null, "amenity": "cafe", "office": null, "tourism": null, "leisure": null, "building": null, "opening_hours": "Mo-Su 10:00-17:00", "poi_typ": "amenity", "dienstag_vormittag": true }, "geometry": { "type": "Point", "coordinates": [ 13.4146362, 52.5454302 ] } },
{ "type": "Feature", "properties": { "element": "node", "id": 12645227438, "name": "Café Aroma", "shop": null, "amenity": "cafe", "office": null, "tourism": null, "leisure": null, "building": null, "opening_hours": "Mo-Fr 08:00-18:00; Sa-Su 09:00-17:00", "poi_typ": "amenity", "dienstag_vormittag": true }, "geometry": { "type": "Point", "coordinates": [ 13.4525074, 52.5489546 ] } },
{ "type": "Feature", "properties": { "element": "node", "id": 12738355116, "name": null, "shop": "car_repair", "amenity": null, "office": null, "tourism": null, "leisure": null, "building": null, "opening_hours": "Mo-Fr 08:00-15:00", "poi_typ": "shop", "dienstag_vormittag": true }, "geometry": { "type": "Point", "coordinates": [ 13.4392773, 52.5534849 ] } },
{ "type": "Feature", "properties": { "element": "node", "id": 12741868116, "name": "Bussa Spa", "shop": "massage", "amenity": null, "office": null, "tourism": null, "leisure": null, "building": null, "opening_hours": "Mo-Fr 10:00-20:00, Sa 12:00-18:00", "poi_typ": "shop", "dienstag_vormittag": true }, "geometry": { "type": "Point", "coordinates": [ 13.4122623, 52.550582 ] } },
{ "type": "Feature", "properties": { "element": "node", "id": 12765989301, "name": "Hin & Weg II", "shop": null, "amenity": "public_bookcase", "office": null, "tourism": null, "leisure": null, "building": null, "opening_hours": "24/7", "poi_typ": "amenity", "dienstag_vormittag": true }, "geometry": { "type": "Point", "coordinates": [ 13.4011889, 52.5790764 ] } },
{ "type": "Feature", "properties": { "element": "node", "id": 12768039982, "name": "zentrum Umzüge", "shop": null, "amenity": null, "office": "moving_company", "tourism": null, "leisure": null, "building": null, "opening_hours": "Mo-Fr 08:00-20:00; Sa 08:00-18:00; Su 12:00-16:00", "poi_typ": "office", "dienstag_vormittag": true }, "geometry": { "type": "Point", "coordinates": [ 13.4481761, 52.5518333 ] } },
{ "type": "Feature", "properties": { "element": "node", "id": 12786814392, "name": "blauu.eu Gastronomiefachhandel", "shop": "kitchen", "amenity": null, "office": null, "tourism": null, "leisure": null, "building": null, "opening_hours": "Mo-Fr 10:00-18:00", "poi_typ": "shop", "dienstag_vormittag": true }, "geometry": { "type": "Point", "coordinates": [ 13.4618621, 52.5206484 ] } },
{ "type": "Feature", "properties": { "element": "node", "id": 12850682170, "name": "Massage Miguel", "shop": "massage", "amenity": null, "office": null, "tourism": null, "leisure": null, "building": null, "opening_hours": "Mo-Su 09:00-21:00", "poi_typ": "shop", "dienstag_vormittag": true }, "geometry": { "type": "Point", "coordinates": [ 13.3939563, 52.5654187 ] } },
{ "type": "Feature", "properties": { "element": "node", "id": 12860639460, "name": "Lilien Cafe", "shop": "bakery", "amenity": null, "office": null, "tourism": null, "leisure": null, "building": null, "opening_hours": "Mo-Fr 05:30-16:30; Sa,Su,PH 07:30-14:00", "poi_typ": "shop", "dienstag_vormittag": true }, "geometry": { "type": "Point", "coordinates": [ 13.4577535, 52.5496117 ] } },
{ "type": "Feature", "properties": { "element": "node", "id": 12862342380, "name": "Own Barber", "shop": "hairdresser", "amenity": null, "office": null, "tourism": null, "leisure": null, "building": null, "opening_hours": "Mo-Fr 09:00-20:00; Sa 09:00-19:00", "poi_typ": "shop", "dienstag_vormittag": true }, "geometry": { "type": "Point", "coordinates": [ 13.4232657, 52.538286 ] } },
{ "type": "Feature", "properties": { "element": "node", "id": 12887277196, "name": "Sparkasse SB-Service", "shop": null, "amenity": "bank", "office": null, "tourism": null, "leisure": null, "building": null, "opening_hours": "Mo-Fr 06:00-24:00, Sa,Su 08:00-24:00", "poi_typ": "amenity", "dienstag_vormittag": true }, "geometry": { "type": "Point", "coordinates": [ 13.4411349, 52.5421735 ] } },
{ "type": "Feature", "properties": { "element": "node", "id": 12905443101, "name": "Sora Studios", "shop": "beauty", "amenity": null, "office": null, "tourism": null, "leisure": null, "building": null, "opening_hours": "Mo-Su 10:00-19:00", "poi_typ": "shop", "dienstag_vormittag": true }, "geometry": { "type": "Point", "coordinates": [ 13.4142902, 52.5544894 ] } },
{ "type": "Feature", "properties": { "element": "node", "id": 12926204690, "name": "Massage Studio Harmonie", "shop": "massage", "amenity": null, "office": null, "tourism": null, "leisure": null, "building": null, "opening_hours": "Mo-Fr 08:00-18:00", "poi_typ": "shop", "dienstag_vormittag": true }, "geometry": { "type": "Point", "coordinates": [ 13.4544382, 52.5493858 ] } },
{ "type": "Feature", "properties": { "element": "node", "id": 12926261887, "name": "OTB Sanitätsfachgeschäft", "shop": "medical_supply", "amenity": null, "office": null, "tourism": null, "leisure": null, "building": null, "opening_hours": "Mo-Fr 09:00-13:00,14:00-18:00; Sa,Su off", "poi_typ": "shop", "dienstag_vormittag": true }, "geometry": { "type": "Point", "coordinates": [ 13.4534696, 52.5490154 ] } },
{ "type": "Feature", "properties": { "element": "node", "id": 12926294713, "name": "Bursche Brillen", "shop": "optician", "amenity": null, "office": null, "tourism": null, "leisure": null, "building": null, "opening_hours": "Mo-Fr 09:00-19:00; Sa 09:00-14:00", "poi_typ": "shop", "dienstag_vormittag": true }, "geometry": { "type": "Point", "coordinates": [ 13.4531551, 52.5489548 ] } },
{ "type": "Feature", "properties": { "element": "node", "id": 12926296341, "name": "Theobald Tiger Buchhandlung", "shop": "books", "amenity": null, "office": null, "tourism": null, "leisure": null, "building": null, "opening_hours": "Mo-Fr 10:00-19:00; Sa 10:00-16:00", "poi_typ": "shop", "dienstag_vormittag": true }, "geometry": { "type": "Point", "coordinates": [ 13.4538285, 52.5490953 ] } },
{ "type": "Feature", "properties": { "element": "node", "id": 12952616422, "name": "pro-samed Sanitätshaus", "shop": "medical_supply", "amenity": null, "office": null, "tourism": null, "leisure": null, "building": null, "opening_hours": "Mo-Fr 09:00-18:00", "poi_typ": "shop", "dienstag_vormittag": true }, "geometry": { "type": "Point", "coordinates": [ 13.441725, 52.5440564 ] } },
{ "type": "Feature", "properties": { "element": "node", "id": 12957132673, "name": "myflexbox", "shop": null, "amenity": "parcel_locker", "office": null, "tourism": null, "leisure": null, "building": null, "opening_hours": "24/7", "poi_typ": "amenity", "dienstag_vormittag": true }, "geometry": { "type": "Point", "coordinates": [ 13.4476495, 52.5269211 ] } },
{ "type": "Feature", "properties": { "element": "node", "id": 12987365863, "name": "myflexbox", "shop": null, "amenity": "parcel_locker", "office": null, "tourism": null, "leisure": null, "building": null, "opening_hours": "24/7", "poi_typ": "amenity", "dienstag_vormittag": true }, "geometry": { "type": "Point", "coordinates": [ 13.4511782, 52.5276013 ] } },
{ "type": "Feature", "properties": { "element": "node", "id": 12990285152, "name": "Lotus Blumen & Pflanzen", "shop": "florist", "amenity": null, "office": null, "tourism": null, "leisure": null, "building": null, "opening_hours": "Mo-Fr 08:00-19:00; Sa 08:00-18:00; Su,PH 08:00-16:00", "poi_typ": "shop", "dienstag_vormittag": true }, "geometry": { "type": "Point", "coordinates": [ 13.4414012, 52.5424445 ] } },
{ "type": "Feature", "properties": { "element": "node", "id": 12990302274, "name": "Würdevoll Bestattungen", "shop": "funeral_directors", "amenity": null, "office": null, "tourism": null, "leisure": null, "building": null, "opening_hours": "Mo-Fr 10:00-16:00", "poi_typ": "shop", "dienstag_vormittag": true }, "geometry": { "type": "Point", "coordinates": [ 13.4413484, 52.5423909 ] } },
{ "type": "Feature", "properties": { "element": "node", "id": 12997923558, "name": "Kinderschlummerland Lette", "shop": null, "amenity": "kindergarten", "office": null, "tourism": null, "leisure": null, "building": null, "opening_hours": "Mo-Fr 08:00-17:00", "poi_typ": "amenity", "dienstag_vormittag": true }, "geometry": { "type": "Point", "coordinates": [ 13.4184699, 52.5437298 ] } },
{ "type": "Feature", "properties": { "element": "node", "id": 13022512080, "name": "Kirsten", "shop": null, "amenity": "parcel_locker", "office": null, "tourism": null, "leisure": null, "building": null, "opening_hours": "24/7", "poi_typ": "amenity", "dienstag_vormittag": true }, "geometry": { "type": "Point", "coordinates": [ 13.4297568, 52.5490441 ] } },
{ "type": "Feature", "properties": { "element": "node", "id": 13041102914, "name": null, "shop": "lottery", "amenity": null, "office": null, "tourism": null, "leisure": null, "building": null, "opening_hours": "Mo-Fr 09:00-18:00; Sa 09:00-14:00", "poi_typ": "shop", "dienstag_vormittag": true }, "geometry": { "type": "Point", "coordinates": [ 13.4280964, 52.5473986 ] } },
{ "type": "Feature", "properties": { "element": "node", "id": 13041956551, "name": "Schatzi Beauty Bar", "shop": "beauty", "amenity": null, "office": null, "tourism": null, "leisure": null, "building": null, "opening_hours": "Mo-Fr 10:00-19:00; Sa 10:00-16:00", "poi_typ": "shop", "dienstag_vormittag": true }, "geometry": { "type": "Point", "coordinates": [ 13.4043838, 52.5533876 ] } },
{ "type": "Feature", "properties": { "element": "node", "id": 13053698842, "name": "Pho Quan Tuan", "shop": null, "amenity": "restaurant", "office": null, "tourism": null, "leisure": null, "building": null, "opening_hours": "Mo-Fr 11:30-23:00; Sa 18:00-23:00; Su 12:00-23:00", "poi_typ": "amenity", "dienstag_vormittag": true }, "geometry": { "type": "Point", "coordinates": [ 13.4290459, 52.5333595 ] } },
{ "type": "Feature", "properties": { "element": "node", "id": 13071368697, "name": "DHL Paketbox 276", "shop": null, "amenity": "parcel_locker", "office": null, "tourism": null, "leisure": null, "building": null, "opening_hours": "24/7", "poi_typ": "amenity", "dienstag_vormittag": true }, "geometry": { "type": "Point", "coordinates": [ 13.4296005, 52.5844763 ] } },
{ "type": "Feature", "properties": { "element": "node", "id": 13094080502, "name": "LAP Coffee", "shop": null, "amenity": "cafe", "office": null, "tourism": null, "leisure": null, "building": null, "opening_hours": "Mo-Su 09:00-19:00", "poi_typ": "amenity", "dienstag_vormittag": true }, "geometry": { "type": "Point", "coordinates": [ 13.4091391, 52.5385758 ] } },
{ "type": "Feature", "properties": { "element": "node", "id": 13094093101, "name": "Laboratory of Visionary Architecture", "shop": null, "amenity": null, "office": "architect", "tourism": null, "leisure": null, "building": null, "opening_hours": "Mo-Fr 09:30-18:30", "poi_typ": "office", "dienstag_vormittag": true }, "geometry": { "type": "Point", "coordinates": [ 13.4127656, 52.5298667 ] } },
{ "type": "Feature", "properties": { "element": "node", "id": 13094093201, "name": "LAP Coffee", "shop": null, "amenity": "cafe", "office": null, "tourism": null, "leisure": null, "building": null, "opening_hours": "Mo-Su 09:00-18:00", "poi_typ": "amenity", "dienstag_vormittag": true }, "geometry": { "type": "Point", "coordinates": [ 13.411969, 52.5316098 ] } },
{ "type": "Feature", "properties": { "element": "node", "id": 13103692601, "name": "Thats so Berlin - Postagentur und Tabakshop", "shop": null, "amenity": "post_office", "office": null, "tourism": null, "leisure": null, "building": null, "opening_hours": "Mo-Fr 09:00-18:00; Sa 09:00-12:00", "poi_typ": "amenity", "dienstag_vormittag": true }, "geometry": { "type": "Point", "coordinates": [ 13.4279083, 52.587983 ] } },
{ "type": "Feature", "properties": { "element": "node", "id": 13108700340, "name": "Krüger Grillkutsche-Thüringer Rostbratwurst vom Grill", "shop": null, "amenity": "fast_food", "office": null, "tourism": null, "leisure": null, "building": null, "opening_hours": "Mo-Su 11:00-19:00", "poi_typ": "amenity", "dienstag_vormittag": true }, "geometry": { "type": "Point", "coordinates": [ 13.4026768, 52.5939314 ] } },
{ "type": "Feature", "properties": { "element": "node", "id": 13110851430, "name": "Calavera Ink", "shop": "tattoo", "amenity": null, "office": null, "tourism": null, "leisure": null, "building": null, "opening_hours": "Mo-Fr 11:00-19:00; Sa 11:00-20:00", "poi_typ": "shop", "dienstag_vormittag": true }, "geometry": { "type": "Point", "coordinates": [ 13.4106302, 52.552879 ] } },
{ "type": "Feature", "properties": { "element": "node", "id": 13124939135, "name": "Kiek rin", "shop": null, "amenity": "restaurant", "office": null, "tourism": null, "leisure": null, "building": null, "opening_hours": "Mo-Fr 08:00-18:00", "poi_typ": "amenity", "dienstag_vormittag": true }, "geometry": { "type": "Point", "coordinates": [ 13.410589, 52.5700123 ] } },
{ "type": "Feature", "properties": { "element": "node", "id": 13124939529, "name": "Münzel", "shop": "funeral_directors", "amenity": null, "office": null, "tourism": null, "leisure": null, "building": null, "opening_hours": "Mo-Fr 09:00-16:00", "poi_typ": "shop", "dienstag_vormittag": true }, "geometry": { "type": "Point", "coordinates": [ 13.4110799, 52.569479 ] } },
{ "type": "Feature", "properties": { "element": "node", "id": 13125217346, "name": null, "shop": null, "amenity": "recycling", "office": null, "tourism": null, "leisure": null, "building": null, "opening_hours": "24/7", "poi_typ": "amenity", "dienstag_vormittag": true }, "geometry": { "type": "Point", "coordinates": [ 13.3794293, 52.5730224 ] } },
{ "type": "Feature", "properties": { "element": "node", "id": 13125217348, "name": null, "shop": null, "amenity": "parcel_locker", "office": null, "tourism": null, "leisure": null, "building": null, "opening_hours": "24/7", "poi_typ": "amenity", "dienstag_vormittag": true }, "geometry": { "type": "Point", "coordinates": [ 13.3794402, 52.5732031 ] } },
{ "type": "Feature", "properties": { "element": "node", "id": 13136739801, "name": "Ding Dong Ping Pong", "shop": null, "amenity": null, "office": null, "tourism": null, "leisure": "sports_centre", "building": null, "opening_hours": "24/7", "poi_typ": "leisure", "dienstag_vormittag": true }, "geometry": { "type": "Point", "coordinates": [ 13.4221888, 52.5350294 ] } },
{ "type": "Feature", "properties": { "element": "node", "id": 13139094268, "name": "Rationell service", "shop": "window_blind", "amenity": null, "office": null, "tourism": null, "leisure": null, "building": null, "opening_hours": "Mo-Fr 08:00-12:00, Mo-Fr 13:00-18:00", "poi_typ": "shop", "dienstag_vormittag": true }, "geometry": { "type": "Point", "coordinates": [ 13.4031238, 52.584378 ] } },
{ "type": "Feature", "properties": { "element": "node", "id": 13141345042, "name": "Hut", "shop": null, "amenity": "restaurant", "office": null, "tourism": null, "leisure": null, "building": null, "opening_hours": "Mo-Su 11:00-22:00", "poi_typ": "amenity", "dienstag_vormittag": true }, "geometry": { "type": "Point", "coordinates": [ 13.411124, 52.553535 ] } },
{ "type": "Feature", "properties": { "element": "node", "id": 13156851148, "name": "Fahrschule Vibes", "shop": null, "amenity": "driving_school", "office": null, "tourism": null, "leisure": null, "building": null, "opening_hours": "Mo-Fr 10:00-18:00", "poi_typ": "amenity", "dienstag_vormittag": true }, "geometry": { "type": "Point", "coordinates": [ 13.4150436, 52.5547551 ] } },
{ "type": "Feature", "properties": { "element": "node", "id": 13173146422, "name": "Lin Kosmetik - Massage - Body Spa", "shop": "massage", "amenity": null, "office": null, "tourism": null, "leisure": null, "building": null, "opening_hours": "Mo-Fr 10:00-19:00; Sa 10:00-18:00", "poi_typ": "shop", "dienstag_vormittag": true }, "geometry": { "type": "Point", "coordinates": [ 13.4345439, 52.530957 ] } },
{ "type": "Feature", "properties": { "element": "node", "id": 13203605001, "name": "momoga", "shop": "convenience", "amenity": null, "office": null, "tourism": null, "leisure": null, "building": null, "opening_hours": "Mo-Fr 14:00-20:00; Sa 10:00-20:00", "poi_typ": "shop", "dienstag_vormittag": true }, "geometry": { "type": "Point", "coordinates": [ 13.4294522, 52.5571405 ] } },
{ "type": "Feature", "properties": { "element": "node", "id": 13208412072, "name": "Postshop Prenzlauer Berg", "shop": null, "amenity": "post_office", "office": null, "tourism": null, "leisure": null, "building": null, "opening_hours": "Mo-Fr 09:00-18:00; Sa 09:00-13:00", "poi_typ": "amenity", "dienstag_vormittag": true }, "geometry": { "type": "Point", "coordinates": [ 13.4430715, 52.5435889 ] } },
{ "type": "Feature", "properties": { "element": "node", "id": 13239350620, "name": null, "shop": null, "amenity": "bicycle_repair_station", "office": null, "tourism": null, "leisure": null, "building": null, "opening_hours": "24/7", "poi_typ": "amenity", "dienstag_vormittag": true }, "geometry": { "type": "Point", "coordinates": [ 13.4041668, 52.569754 ] } },
{ "type": "Feature", "properties": { "element": "node", "id": 13256790765, "name": "The Breakfast Story", "shop": null, "amenity": "cafe", "office": null, "tourism": null, "leisure": null, "building": null, "opening_hours": "Mo-Su 08:00-18:00", "poi_typ": "amenity", "dienstag_vormittag": true }, "geometry": { "type": "Point", "coordinates": [ 13.4163884, 52.5382674 ] } },
{ "type": "Feature", "properties": { "element": "node", "id": 13274011862, "name": "La Maison Pop-Up", "shop": null, "amenity": "cafe", "office": null, "tourism": null, "leisure": null, "building": null, "opening_hours": "Mo-Su 08:00-14:00", "poi_typ": "amenity", "dienstag_vormittag": true }, "geometry": { "type": "Point", "coordinates": [ 13.4178554, 52.5429016 ] } },
{ "type": "Feature", "properties": { "element": "node", "id": 13286793516, "name": "S Landsberger Allee/SSE", "shop": null, "amenity": "mobility_hub", "office": null, "tourism": null, "leisure": null, "building": null, "opening_hours": "24/7", "poi_typ": "amenity", "dienstag_vormittag": true }, "geometry": { "type": "Point", "coordinates": [ 13.4545758, 52.5285175 ] } },
{ "type": "Feature", "properties": { "element": "node", "id": 13287334831, "name": "blumenfisch", "shop": "gift", "amenity": null, "office": null, "tourism": null, "leisure": null, "building": null, "opening_hours": "Mo-Fr 10:00-18:00; Sa 11:00-18:00", "poi_typ": "shop", "dienstag_vormittag": true }, "geometry": { "type": "Point", "coordinates": [ 13.4120393, 52.5320012 ] } },
{ "type": "Feature", "properties": { "element": "node", "id": 13290725947, "name": "BGHP", "shop": null, "amenity": null, "office": "lawyer", "tourism": null, "leisure": null, "building": null, "opening_hours": "Mo-Fr 09:00-13:00,14:00-18:00", "poi_typ": "office", "dienstag_vormittag": true }, "geometry": { "type": "Point", "coordinates": [ 13.4205263, 52.5395011 ] } },
{ "type": "Feature", "properties": { "element": "node", "id": 13294044408, "name": null, "shop": null, "amenity": "parcel_locker", "office": null, "tourism": null, "leisure": null, "building": null, "opening_hours": "24/7", "poi_typ": "amenity", "dienstag_vormittag": true }, "geometry": { "type": "Point", "coordinates": [ 13.4115655, 52.5416573 ] } },
{ "type": "Feature", "properties": { "element": "node", "id": 13326316683, "name": null, "shop": null, "amenity": "parcel_locker", "office": null, "tourism": null, "leisure": null, "building": null, "opening_hours": "24/7", "poi_typ": "amenity", "dienstag_vormittag": true }, "geometry": { "type": "Point", "coordinates": [ 13.426781, 52.5878203 ] } },
{ "type": "Feature", "properties": { "element": "node", "id": 13337205003, "name": "Lange Gas", "shop": "gas", "amenity": null, "office": null, "tourism": null, "leisure": null, "building": null, "opening_hours": "Mo-Fr 08:30-13:30", "poi_typ": "shop", "dienstag_vormittag": true }, "geometry": { "type": "Point", "coordinates": [ 13.4192906, 52.5867561 ] } },
{ "type": "Feature", "properties": { "element": "node", "id": 13369343147, "name": null, "shop": null, "amenity": "parcel_locker", "office": null, "tourism": null, "leisure": null, "building": null, "opening_hours": "24/7", "poi_typ": "amenity", "dienstag_vormittag": true }, "geometry": { "type": "Point", "coordinates": [ 13.482367, 52.6229735 ] } },
{ "type": "Feature", "properties": { "element": "node", "id": 13371788256, "name": null, "shop": null, "amenity": "charging_station", "office": null, "tourism": null, "leisure": null, "building": null, "opening_hours": "24/7", "poi_typ": "amenity", "dienstag_vormittag": true }, "geometry": { "type": "Point", "coordinates": [ 13.4464636, 52.5469167 ] } },
{ "type": "Feature", "properties": { "element": "node", "id": 13371788257, "name": null, "shop": null, "amenity": "charging_station", "office": null, "tourism": null, "leisure": null, "building": null, "opening_hours": "24/7", "poi_typ": "amenity", "dienstag_vormittag": true }, "geometry": { "type": "Point", "coordinates": [ 13.4465039, 52.5468915 ] } },
{ "type": "Feature", "properties": { "element": "node", "id": 13371788258, "name": null, "shop": null, "amenity": "charging_station", "office": null, "tourism": null, "leisure": null, "building": null, "opening_hours": "24/7", "poi_typ": "amenity", "dienstag_vormittag": true }, "geometry": { "type": "Point", "coordinates": [ 13.4465307, 52.5468609 ] } },
{ "type": "Feature", "properties": { "element": "node", "id": 13377738862, "name": "Angel Nails Nagelstudio Berlin Prenzlauer Berg", "shop": "beauty", "amenity": null, "office": null, "tourism": null, "leisure": null, "building": null, "opening_hours": "Mo-Fr 09:00-19:00; Sa 09:00-17:00", "poi_typ": "shop", "dienstag_vormittag": true }, "geometry": { "type": "Point", "coordinates": [ 13.4354691, 52.5346613 ] } },
{ "type": "Feature", "properties": { "element": "node", "id": 13416091643, "name": "Heikos Laden", "shop": "kiosk", "amenity": null, "office": null, "tourism": null, "leisure": null, "building": null, "opening_hours": "Mo-Fr 08:00-20:00, Sa 08:00-18:00", "poi_typ": "shop", "dienstag_vormittag": true }, "geometry": { "type": "Point", "coordinates": [ 13.4127678, 52.5602776 ] } },
{ "type": "Feature", "properties": { "element": "node", "id": 13446578934, "name": "Wolf & Lehmann Gitarrenfachgeschäft", "shop": "musical_instrument", "amenity": null, "office": null, "tourism": null, "leisure": null, "building": null, "opening_hours": "Mo-Fr 12:00-18:30; Sa 10:00-14:00", "poi_typ": "shop", "dienstag_vormittag": true }, "geometry": { "type": "Point", "coordinates": [ 13.4230798, 52.5379111 ] } },
{ "type": "Feature", "properties": { "element": "node", "id": 13463821201, "name": "GLS Campus Berlin - Eventlocation & Seminarräume", "shop": null, "amenity": "events_venue", "office": null, "tourism": null, "leisure": null, "building": null, "opening_hours": "Mo-Su 06:00-23:30", "poi_typ": "amenity", "dienstag_vormittag": true }, "geometry": { "type": "Point", "coordinates": [ 13.4092494, 52.5369235 ] } },
{ "type": "Feature", "properties": { "element": "node", "id": 13468118148, "name": "Coffee by SHRT", "shop": null, "amenity": "cafe", "office": null, "tourism": null, "leisure": null, "building": null, "opening_hours": "Mo-Fr 08:00-17:00; Sa-Su 08:30-17:00", "poi_typ": "amenity", "dienstag_vormittag": true }, "geometry": { "type": "Point", "coordinates": [ 13.4247062, 52.5444873 ] } },
{ "type": "Feature", "properties": { "element": "node", "id": 13593576877, "name": null, "shop": null, "amenity": "parcel_locker", "office": null, "tourism": null, "leisure": null, "building": null, "opening_hours": "24/7", "poi_typ": "amenity", "dienstag_vormittag": true }, "geometry": { "type": "Point", "coordinates": [ 13.4349416, 52.5583351 ] } },
{ "type": "Feature", "properties": { "element": "node", "id": 13598859601, "name": "McFit", "shop": null, "amenity": null, "office": null, "tourism": null, "leisure": "fitness_centre", "building": null, "opening_hours": "24/7", "poi_typ": "leisure", "dienstag_vormittag": true }, "geometry": { "type": "Point", "coordinates": [ 13.4425327, 52.5438137 ] } },
{ "type": "Feature", "properties": { "element": "node", "id": 13626929501, "name": "clever fit Berlin-Prenzlauer Berg", "shop": null, "amenity": null, "office": null, "tourism": null, "leisure": "fitness_centre", "building": null, "opening_hours": "Mo-Fr 06:00-23:00; Sa-Su 09:00-20:00", "poi_typ": "leisure", "dienstag_vormittag": true }, "geometry": { "type": "Point", "coordinates": [ 13.4421951, 52.5433806 ] } },
{ "type": "Feature", "properties": { "element": "node", "id": 13638926188, "name": "Unlimited Fitness", "shop": null, "amenity": null, "office": null, "tourism": null, "leisure": "fitness_centre", "building": null, "opening_hours": "Mo-Fr 06:00-23:00; Sa,Su 09:00-21:00", "poi_typ": "leisure", "dienstag_vormittag": true }, "geometry": { "type": "Point", "coordinates": [ 13.4224586, 52.5609248 ] } },
{ "type": "Feature", "properties": { "element": "node", "id": 13674357201, "name": "Backshop More", "shop": "bakery", "amenity": null, "office": null, "tourism": null, "leisure": null, "building": null, "opening_hours": "Mo-Fr 06:00-18:00; Sa-Su 08:00-14:00", "poi_typ": "shop", "dienstag_vormittag": true }, "geometry": { "type": "Point", "coordinates": [ 13.4451853, 52.5296772 ] } },
{ "type": "Feature", "properties": { "element": "node", "id": 13675044266, "name": "Honoki", "shop": "houseware", "amenity": null, "office": null, "tourism": null, "leisure": null, "building": null, "opening_hours": "Mo-Fr 12:00-19:00; Sa 11:00-19:00", "poi_typ": "shop", "dienstag_vormittag": true }, "geometry": { "type": "Point", "coordinates": [ 13.4130252, 52.5419471 ] } },
{ "type": "Feature", "properties": { "element": "node", "id": 13677272931, "name": "Skin Boutique Berlin", "shop": "beauty", "amenity": null, "office": null, "tourism": null, "leisure": null, "building": null, "opening_hours": "Mo-Fr 10:00-19:00; Sa 10:00-16:00", "poi_typ": "shop", "dienstag_vormittag": true }, "geometry": { "type": "Point", "coordinates": [ 13.3986779, 52.570875 ] } },
{ "type": "Feature", "properties": { "element": "node", "id": 13677283416, "name": "Fleury Beauty", "shop": "beauty", "amenity": null, "office": null, "tourism": null, "leisure": null, "building": null, "opening_hours": "Mo-Fr 09:00-18:00", "poi_typ": "shop", "dienstag_vormittag": true }, "geometry": { "type": "Point", "coordinates": [ 13.3998927, 52.569898 ] } },
{ "type": "Feature", "properties": { "element": "node", "id": 13708158505, "name": null, "shop": null, "amenity": "atm", "office": null, "tourism": null, "leisure": null, "building": null, "opening_hours": "24/7", "poi_typ": "amenity", "dienstag_vormittag": true }, "geometry": { "type": "Point", "coordinates": [ 13.4142239, 52.5540529 ] } },
{ "type": "Feature", "properties": { "element": "node", "id": 13711597462, "name": "Ground Fitness", "shop": null, "amenity": null, "office": null, "tourism": null, "leisure": "fitness_centre", "building": null, "opening_hours": "Mo-Fr 10:00-19:00; Sa 10:00-14:00", "poi_typ": "leisure", "dienstag_vormittag": true }, "geometry": { "type": "Point", "coordinates": [ 13.4042754, 52.5820255 ] } },
{ "type": "Feature", "properties": { "element": "node", "id": 13711705222, "name": "Remax", "shop": null, "amenity": null, "office": "estate_agent", "tourism": null, "leisure": null, "building": null, "opening_hours": "Mo-Fr 10:00-17:00", "poi_typ": "office", "dienstag_vormittag": true }, "geometry": { "type": "Point", "coordinates": [ 13.404079, 52.5822471 ] } },
{ "type": "Feature", "properties": { "element": "node", "id": 13729139890, "name": "Nails Forum", "shop": "beauty", "amenity": null, "office": null, "tourism": null, "leisure": null, "building": null, "opening_hours": "Mo-Fr 10:00-18:00; Sa 10:00-15:00", "poi_typ": "shop", "dienstag_vormittag": true }, "geometry": { "type": "Point", "coordinates": [ 13.4225139, 52.5613851 ] } },
{ "type": "Feature", "properties": { "element": "node", "id": 13729169735, "name": "Dies & Das 2000", "shop": "clothes", "amenity": null, "office": null, "tourism": null, "leisure": null, "building": null, "opening_hours": "Mo-Fr 09:30-18:00; Sa 09:00-15:00", "poi_typ": "shop", "dienstag_vormittag": true }, "geometry": { "type": "Point", "coordinates": [ 13.4224402, 52.5616171 ] } },
{ "type": "Feature", "properties": { "element": "node", "id": 13729218771, "name": "Asia Snack A&L", "shop": null, "amenity": "fast_food", "office": null, "tourism": null, "leisure": null, "building": null, "opening_hours": "Mo-Fr 09:30-19:00; Sa 09:30-16:00", "poi_typ": "amenity", "dienstag_vormittag": true }, "geometry": { "type": "Point", "coordinates": [ 13.4223481, 52.5612435 ] } },
{ "type": "Feature", "properties": { "element": "node", "id": 13753745006, "name": "Coffee Circle", "shop": null, "amenity": "cafe", "office": null, "tourism": null, "leisure": null, "building": null, "opening_hours": "Mo-Fr 08:00-19:00, Sa-Su 09:00-19:00", "poi_typ": "amenity", "dienstag_vormittag": true }, "geometry": { "type": "Point", "coordinates": [ 13.4187861, 52.536658 ] } },
{ "type": "Feature", "properties": { "element": "node", "id": 13758974301, "name": "Waschsalon", "shop": "laundry", "amenity": null, "office": null, "tourism": null, "leisure": null, "building": null, "opening_hours": "Mo-Su 06:00-23:00", "poi_typ": "shop", "dienstag_vormittag": true }, "geometry": { "type": "Point", "coordinates": [ 13.4339326, 52.5531134 ] } },
{ "type": "Feature", "properties": { "element": "node", "id": 13758992701, "name": "Du bist schön!", "shop": "beauty", "amenity": null, "office": null, "tourism": null, "leisure": null, "building": null, "opening_hours": "Mo-Fr 09:00-18:00; Sa 09:00-14:00", "poi_typ": "shop", "dienstag_vormittag": true }, "geometry": { "type": "Point", "coordinates": [ 13.4159043, 52.5539356 ] } },
{ "type": "Feature", "properties": { "element": "node", "id": 13775489113, "name": "AINEX FIT & GESUND", "shop": null, "amenity": null, "office": null, "tourism": null, "leisure": "fitness_centre", "building": null, "opening_hours": "Mo-Fr 08:00-20:00; Sa 09:00-13:00", "poi_typ": "leisure", "dienstag_vormittag": true }, "geometry": { "type": "Point", "coordinates": [ 13.3570662, 52.5892672 ] } },
{ "type": "Feature", "properties": { "element": "node", "id": 13776613239, "name": "HOA asiatische Spezialitäten", "shop": null, "amenity": "cafe", "office": null, "tourism": null, "leisure": null, "building": null, "opening_hours": "Mo-Fr 11:00-21:30; Su 12:00-21:00", "poi_typ": "amenity", "dienstag_vormittag": true }, "geometry": { "type": "Point", "coordinates": [ 13.3669359, 52.5859639 ] } },
{ "type": "Feature", "properties": { "element": "node", "id": 13776613241, "name": null, "shop": "ticket", "amenity": null, "office": null, "tourism": null, "leisure": null, "building": null, "opening_hours": "Mo-Fr 09:00-18:00, Sa 09:00-14:00", "poi_typ": "shop", "dienstag_vormittag": true }, "geometry": { "type": "Point", "coordinates": [ 13.3675183, 52.5867463 ] } },
{ "type": "Feature", "properties": { "element": "node", "id": 13776613242, "name": "DHL", "shop": null, "amenity": "post_office", "office": null, "tourism": null, "leisure": null, "building": null, "opening_hours": "Mo-Fr 09:00-18:00, Sa 09:00-14:00", "poi_typ": "amenity", "dienstag_vormittag": true }, "geometry": { "type": "Point", "coordinates": [ 13.3675339, 52.5867338 ] } },
{ "type": "Feature", "properties": { "element": "node", "id": 13776613244, "name": "Kita Villa Kunterbunt", "shop": null, "amenity": "kindergarten", "office": null, "tourism": null, "leisure": null, "building": null, "opening_hours": "Mo-Fr 07:30-16:30", "poi_typ": "amenity", "dienstag_vormittag": true }, "geometry": { "type": "Point", "coordinates": [ 13.3578552, 52.5865678 ] } },
{ "type": "Feature", "properties": { "element": "node", "id": 13790814598, "name": "Jeans Bank", "shop": "clothes", "amenity": null, "office": null, "tourism": null, "leisure": null, "building": null, "opening_hours": "Mo-Fr 09:30-19:30; Sa 09:30-16:30; Su off", "poi_typ": "shop", "dienstag_vormittag": true }, "geometry": { "type": "Point", "coordinates": [ 13.4525924, 52.5484776 ] } },
{ "type": "Feature", "properties": { "element": "node", "id": 13790834003, "name": "KIND Hörgeräte", "shop": "hearing_aids", "amenity": null, "office": null, "tourism": null, "leisure": null, "building": null, "opening_hours": "Mo-Fr 09:00-13:00,14:00-18:00; Sa 09:00-13:00; Su off", "poi_typ": "shop", "dienstag_vormittag": true }, "geometry": { "type": "Point", "coordinates": [ 13.4501186, 52.5481429 ] } },
{ "type": "Feature", "properties": { "element": "node", "id": 13790834004, "name": "Body Street", "shop": null, "amenity": null, "office": null, "tourism": null, "leisure": "fitness_centre", "building": null, "opening_hours": "Mo-Fr 09:00-20:00; Sa 09:00-14:00", "poi_typ": "leisure", "dienstag_vormittag": true }, "geometry": { "type": "Point", "coordinates": [ 13.4502537, 52.5482092 ] } },
{ "type": "Feature", "properties": { "element": "node", "id": 13801627298, "name": "Tiergesundheitszentrum Pankow", "shop": null, "amenity": "veterinary", "office": null, "tourism": null, "leisure": null, "building": null, "opening_hours": "24/7", "poi_typ": "amenity", "dienstag_vormittag": true }, "geometry": { "type": "Point", "coordinates": [ 13.4640142, 52.5950027 ] } },
{ "type": "Feature", "properties": { "element": "node", "id": 13830696539, "name": "Heide Bäckerei und Konditorei", "shop": "bakery", "amenity": null, "office": null, "tourism": null, "leisure": null, "building": null, "opening_hours": "Mo-Fr 07:00-18:00; Sa 07:00-12:00", "poi_typ": "shop", "dienstag_vormittag": true }, "geometry": { "type": "Point", "coordinates": [ 13.4231741, 52.6072653 ] } },
{ "type": "Feature", "properties": { "element": "node", "id": 13831198668, "name": null, "shop": null, "amenity": "charging_station", "office": null, "tourism": null, "leisure": null, "building": null, "opening_hours": "24/7", "poi_typ": "amenity", "dienstag_vormittag": true }, "geometry": { "type": "Point", "coordinates": [ 13.4182841, 52.5310069 ] } },
{ "type": "Feature", "properties": { "element": "node", "id": 13831198674, "name": "Lisa Kern", "shop": null, "amenity": "cafe", "office": null, "tourism": null, "leisure": null, "building": null, "opening_hours": "Mo-Fr 09:30-15:30", "poi_typ": "amenity", "dienstag_vormittag": true }, "geometry": { "type": "Point", "coordinates": [ 13.4183074, 52.5310792 ] } },
{ "type": "Feature", "properties": { "element": "node", "id": 13894114683, "name": "Lisa Nails", "shop": "beauty", "amenity": null, "office": null, "tourism": null, "leisure": null, "building": null, "opening_hours": "Mo-Fr 09:30-19:00; Sa 10:00-17:00", "poi_typ": "shop", "dienstag_vormittag": true }, "geometry": { "type": "Point", "coordinates": [ 13.4014399, 52.5899054 ] } },
{ "type": "Feature", "properties": { "element": "node", "id": 13915460645, "name": "Hier", "shop": null, "amenity": "restaurant", "office": null, "tourism": null, "leisure": null, "building": null, "opening_hours": "Mo-Fr 11:30-15:00", "poi_typ": "amenity", "dienstag_vormittag": true }, "geometry": { "type": "Point", "coordinates": [ 13.410668, 52.5299069 ] } },
{ "type": "Feature", "properties": { "element": "node", "id": 13920180739, "name": null, "shop": null, "amenity": "smoking_area", "office": null, "tourism": null, "leisure": null, "building": null, "opening_hours": "24/7", "poi_typ": "amenity", "dienstag_vormittag": true }, "geometry": { "type": "Point", "coordinates": [ 13.5053239, 52.6315765 ] } },
{ "type": "Feature", "properties": { "element": "node", "id": 13920180740, "name": null, "shop": null, "amenity": "bicycle_parking", "office": null, "tourism": null, "leisure": null, "building": null, "opening_hours": "24/7", "poi_typ": "amenity", "dienstag_vormittag": true }, "geometry": { "type": "Point", "coordinates": [ 13.5050847, 52.6314138 ] } },
{ "type": "Feature", "properties": { "element": "node", "id": 13935121678, "name": null, "shop": null, "amenity": "smoking_area", "office": null, "tourism": null, "leisure": null, "building": null, "opening_hours": "24/7", "poi_typ": "amenity", "dienstag_vormittag": true }, "geometry": { "type": "Point", "coordinates": [ 13.5068672, 52.6307819 ] } },
{ "type": "Feature", "properties": { "element": "node", "id": 13954118001, "name": null, "shop": null, "amenity": "bicycle_parking", "office": null, "tourism": null, "leisure": null, "building": null, "opening_hours": "24/7", "poi_typ": "amenity", "dienstag_vormittag": true }, "geometry": { "type": "Point", "coordinates": [ 13.4239526, 52.5583953 ] } },
{ "type": "Feature", "properties": { "element": "node", "id": 13960475315, "name": null, "shop": null, "amenity": "atm", "office": null, "tourism": null, "leisure": null, "building": null, "opening_hours": "24/7", "poi_typ": "amenity", "dienstag_vormittag": true }, "geometry": { "type": "Point", "coordinates": [ 13.4569506, 52.5497706 ] } },
{ "type": "Feature", "properties": { "element": "node", "id": 13971620201, "name": "Café Delicias", "shop": null, "amenity": "cafe", "office": null, "tourism": null, "leisure": null, "building": null, "opening_hours": "Mo-Fr 09:00-16:00", "poi_typ": "amenity", "dienstag_vormittag": true }, "geometry": { "type": "Point", "coordinates": [ 13.4137513, 52.5721455 ] } },
{ "type": "Feature", "properties": { "element": "node", "id": 14004371360, "name": "Wüstenrot", "shop": null, "amenity": null, "office": "insurance", "tourism": null, "leisure": null, "building": null, "opening_hours": "Mo-Fr 10:00-13:00, Mo-Th 14:00-18:00, Fr 14:00-16:00", "poi_typ": "office", "dienstag_vormittag": true }, "geometry": { "type": "Point", "coordinates": [ 13.4080852, 52.5721971 ] } },
{ "type": "Feature", "properties": { "element": "node", "id": 14010877856, "name": "Peppermint Werbung Berlin", "shop": null, "amenity": null, "office": "advertising_agency", "tourism": null, "leisure": null, "building": null, "opening_hours": "Mo-Fr 09:00-17:00", "poi_typ": "office", "dienstag_vormittag": true }, "geometry": { "type": "Point", "coordinates": [ 13.4114607, 52.5454361 ] } },
{ "type": "Feature", "properties": { "element": "node", "id": 14027563758, "name": "Café-In Backshop", "shop": "coffee", "amenity": null, "office": null, "tourism": null, "leisure": null, "building": null, "opening_hours": "Mo-Fr 06:00-16:00; Sa 07:00-14:00; Su 07:00-18:00", "poi_typ": "shop", "dienstag_vormittag": true }, "geometry": { "type": "Point", "coordinates": [ 13.4481878, 52.5531837 ] } },
{ "type": "Feature", "properties": { "element": "node", "id": 14029427695, "name": "Sironi", "shop": "bakery", "amenity": null, "office": null, "tourism": null, "leisure": null, "building": null, "opening_hours": "Mo-Su 07:30-22:00", "poi_typ": "shop", "dienstag_vormittag": true }, "geometry": { "type": "Point", "coordinates": [ 13.4125917, 52.541635 ] } },
{ "type": "Feature", "properties": { "element": "node", "id": 14048167701, "name": "MoonVillageGames", "shop": "games", "amenity": null, "office": null, "tourism": null, "leisure": null, "building": null, "opening_hours": "Mo-Fr 10:00-13:00, 14:00-18:00; Sa 11:00-18:00", "poi_typ": "shop", "dienstag_vormittag": true }, "geometry": { "type": "Point", "coordinates": [ 13.4431842, 52.5514198 ] } },
{ "type": "Feature", "properties": { "element": "node", "id": 14135503401, "name": "Subway", "shop": null, "amenity": "fast_food", "office": null, "tourism": null, "leisure": null, "building": null, "opening_hours": "Mo-Su 07:00-23:00", "poi_typ": "amenity", "dienstag_vormittag": true }, "geometry": { "type": "Point", "coordinates": [ 13.4386685, 52.5405592 ] } },
{ "type": "Feature", "properties": { "element": "node", "id": 14143966250, "name": "Lena Nails", "shop": "beauty", "amenity": null, "office": null, "tourism": null, "leisure": null, "building": null, "opening_hours": "Mo-Fr 09:00-19:00; Sa 09:00-16:00", "poi_typ": "shop", "dienstag_vormittag": true }, "geometry": { "type": "Point", "coordinates": [ 13.4052183, 52.5814511 ] } },
{ "type": "Feature", "properties": { "element": "node", "id": 14143996289, "name": "Eli’s Späti", "shop": "convenience", "amenity": null, "office": null, "tourism": null, "leisure": null, "building": null, "opening_hours": "Mo-Fr 07:00-23:00; Sa,Su 09:00-23:00", "poi_typ": "shop", "dienstag_vormittag": true }, "geometry": { "type": "Point", "coordinates": [ 13.4057336, 52.5817687 ] } },
{ "type": "Feature", "properties": { "element": "node", "id": 14144013016, "name": "Berliner Sparkasse", "shop": null, "amenity": "bank", "office": null, "tourism": null, "leisure": null, "building": null, "opening_hours": "Mo-Fr 06:00-23:00; Sa,Su 08:00-23:00", "poi_typ": "amenity", "dienstag_vormittag": true }, "geometry": { "type": "Point", "coordinates": [ 13.4047475, 52.5816495 ] } },
{ "type": "Feature", "properties": { "element": "node", "id": 14148241701, "name": "Hair Müller", "shop": "hairdresser", "amenity": null, "office": null, "tourism": null, "leisure": null, "building": null, "opening_hours": "Mo-Fr 09:00-20:00", "poi_typ": "shop", "dienstag_vormittag": true }, "geometry": { "type": "Point", "coordinates": [ 13.4101449, 52.5392487 ] } },
{ "type": "Feature", "properties": { "element": "node", "id": 14154375253, "name": "Wolter Bestattungen", "shop": "funeral_directors", "amenity": null, "office": null, "tourism": null, "leisure": null, "building": null, "opening_hours": "Mo-Fr 09:00-15:00", "poi_typ": "shop", "dienstag_vormittag": true }, "geometry": { "type": "Point", "coordinates": [ 13.4019264, 52.5896149 ] } },
{ "type": "Feature", "properties": { "element": "node", "id": 14156771201, "name": "Zan Shin Kai Dojo", "shop": null, "amenity": null, "office": null, "tourism": null, "leisure": "sports_hall", "building": null, "opening_hours": "Mo-Fr 09:00-17:00", "poi_typ": "leisure", "dienstag_vormittag": true }, "geometry": { "type": "Point", "coordinates": [ 13.4068379, 52.56534 ] } },
{ "type": "Feature", "properties": { "element": "relation", "id": 3466768, "name": null, "shop": null, "amenity": null, "office": null, "tourism": null, "leisure": "track", "building": null, "opening_hours": "Mo-Fr 07:00-21:00; Sa-Su,PH 08:00-21:00", "poi_typ": "leisure", "dienstag_vormittag": true }, "geometry": { "type": "Polygon", "coordinates": [ [ [ 13.4105194, 52.5449145 ], [ 13.4105083, 52.5448602 ], [ 13.4104918, 52.54481 ], [ 13.4104587, 52.5447603 ], [ 13.4104197, 52.5447141 ], [ 13.4103695, 52.5446724 ], [ 13.410315, 52.5446377 ], [ 13.4102111, 52.5445887 ], [ 13.4101038, 52.5445563 ], [ 13.4100084, 52.5445373 ], [ 13.4099137, 52.5445299 ], [ 13.4098231, 52.5445296 ], [ 13.4097039, 52.5445421 ], [ 13.4096138, 52.5445613 ], [ 13.4095486, 52.5445808 ], [ 13.4095011, 52.5445984 ], [ 13.4094553, 52.5446198 ], [ 13.4093706, 52.5446693 ], [ 13.4092847, 52.5447538 ], [ 13.4092525, 52.5448095 ], [ 13.4092152, 52.5448016 ], [ 13.4087296, 52.5457802 ], [ 13.4088736, 52.5458069 ], [ 13.4088864, 52.5457811 ], [ 13.4089094, 52.5458135 ], [ 13.40897, 52.5458807 ], [ 13.409057, 52.5459435 ], [ 13.4091379, 52.5459831 ], [ 13.4092343, 52.546014 ], [ 13.4093277, 52.5460345 ], [ 13.4094279, 52.5460479 ], [ 13.4095416, 52.5460489 ], [ 13.4096513, 52.54604 ], [ 13.4097574, 52.5460186 ], [ 13.4098583, 52.545987 ], [ 13.4099531, 52.5459436 ], [ 13.4100245, 52.5458946 ], [ 13.4100942, 52.545827 ], [ 13.4105082, 52.545003 ], [ 13.4105194, 52.5449145 ] ], [ [ 13.4100021, 52.5457761 ], [ 13.409971, 52.5458131 ], [ 13.4099342, 52.5458476 ], [ 13.4098613, 52.5458917 ], [ 13.4098284, 52.545911 ], [ 13.409787, 52.5459272 ], [ 13.4096999, 52.5459529 ], [ 13.4096197, 52.5459693 ], [ 13.4095333, 52.5459751 ], [ 13.4094409, 52.5459732 ], [ 13.4093486, 52.5459617 ], [ 13.4092649, 52.545942 ], [ 13.4091884, 52.5459139 ], [ 13.409123, 52.5458793 ], [ 13.4090592, 52.5458324 ], [ 13.4090133, 52.5457842 ], [ 13.408986, 52.5457337 ], [ 13.4089746, 52.5456956 ], [ 13.4089701, 52.5456686 ], [ 13.4089675, 52.5456326 ], [ 13.4089853, 52.5455713 ], [ 13.4093579, 52.5448222 ], [ 13.4094018, 52.5447657 ], [ 13.4094556, 52.5447148 ], [ 13.4095363, 52.54467 ], [ 13.4096234, 52.5446372 ], [ 13.4097019, 52.5446177 ], [ 13.4097704, 52.5446073 ], [ 13.4098496, 52.5446011 ], [ 13.4099413, 52.5446032 ], [ 13.410044, 52.5446191 ], [ 13.4101383, 52.5446441 ], [ 13.4102254, 52.5446849 ], [ 13.4103185, 52.5447476 ], [ 13.4103562, 52.5447951 ], [ 13.4103872, 52.544847 ], [ 13.4104061, 52.5449055 ], [ 13.4103975, 52.5449787 ], [ 13.4100021, 52.5457761 ] ] ] } },
{ "type": "Feature", "properties": { "element": "relation", "id": 17087723, "name": "Inge-Deutschkron-Gymnasium", "shop": null, "amenity": "school", "office": null, "tourism": null, "leisure": null, "building": "school", "opening_hours": "Mo-Fr 07:50-18:10", "poi_typ": "amenity", "dienstag_vormittag": true }, "geometry": { "type": "Polygon", "coordinates": [ [ [ 13.363892, 52.5821229 ], [ 13.3639821, 52.5822591 ], [ 13.3637612, 52.5823123 ], [ 13.3637947, 52.5823643 ], [ 13.3634729, 52.5824414 ], [ 13.3637469, 52.5828806 ], [ 13.3640747, 52.5828039 ], [ 13.3641061, 52.5828551 ], [ 13.3643334, 52.5827981 ], [ 13.3644214, 52.5829256 ], [ 13.3646378, 52.5828719 ], [ 13.3645559, 52.5827447 ], [ 13.3642024, 52.5822076 ], [ 13.3641131, 52.5820716 ], [ 13.363892, 52.5821229 ] ], [ [ 13.3637374, 52.5824447 ], [ 13.3638293, 52.5824211 ], [ 13.3641548, 52.5823437 ], [ 13.3641799, 52.5823797 ], [ 13.3641261, 52.5823933 ], [ 13.3641922, 52.5824921 ], [ 13.3641352, 52.5825057 ], [ 13.3641206, 52.5824911 ], [ 13.3641071, 52.5824825 ], [ 13.3640886, 52.5824735 ], [ 13.3640603, 52.582465 ], [ 13.3640265, 52.582461 ], [ 13.3639912, 52.5824628 ], [ 13.3639626, 52.582468 ], [ 13.3639387, 52.5824771 ], [ 13.3639183, 52.5824878 ], [ 13.3639022, 52.5825006 ], [ 13.3638916, 52.5825143 ], [ 13.363886, 52.58253 ], [ 13.3638834, 52.5825574 ], [ 13.3638163, 52.5825723 ], [ 13.3637374, 52.5824447 ] ], [ [ 13.3638624, 52.5826446 ], [ 13.363925, 52.582628 ], [ 13.3639533, 52.5826461 ], [ 13.363978, 52.5826568 ], [ 13.3640077, 52.5826632 ], [ 13.364035, 52.582665 ], [ 13.3640617, 52.5826645 ], [ 13.3640899, 52.5826591 ], [ 13.3641159, 52.5826508 ], [ 13.3641411, 52.5826376 ], [ 13.3641605, 52.5826214 ], [ 13.3641738, 52.5825962 ], [ 13.3641745, 52.5825775 ], [ 13.3641707, 52.5825605 ], [ 13.3642268, 52.5825467 ], [ 13.3642913, 52.5826435 ], [ 13.3643442, 52.5826304 ], [ 13.3643672, 52.5826659 ], [ 13.3640366, 52.5827467 ], [ 13.3639403, 52.5827703 ], [ 13.3638624, 52.5826446 ] ] ] } },
{ "type": "Feature", "properties": { "element": "way", "id": 13669042, "name": "Mercedes-Benz", "shop": "car", "amenity": null, "office": null, "tourism": null, "leisure": null, "building": "retail", "opening_hours": "Mo-Fr 07:00-19:00; Sa 09:00-14:00", "poi_typ": "shop", "dienstag_vormittag": true }, "geometry": { "type": "Polygon", "coordinates": [ [ [ 13.5051477, 52.6367218 ], [ 13.5054658, 52.6367577 ], [ 13.5059531, 52.6363928 ], [ 13.5056662, 52.6363557 ], [ 13.5056096, 52.6363955 ], [ 13.5055615, 52.6363723 ], [ 13.5055671, 52.6363686 ], [ 13.5054541, 52.6363178 ], [ 13.5054276, 52.6363377 ], [ 13.5053736, 52.63631 ], [ 13.5054076, 52.6362183 ], [ 13.5050618, 52.6361745 ], [ 13.504958, 52.63649 ], [ 13.5051183, 52.6365098 ], [ 13.5051477, 52.6367218 ] ] ] } },
{ "type": "Feature", "properties": { "element": "way", "id": 14147208, "name": "Son Asia", "shop": null, "amenity": "restaurant", "office": null, "tourism": null, "leisure": null, "building": "yes", "opening_hours": "Mo-Fr 11:30-21:00; Sa 11:30-21:30; Su 12:00-21:30", "poi_typ": "amenity", "dienstag_vormittag": true }, "geometry": { "type": "Polygon", "coordinates": [ [ [ 13.4960698, 52.6348606 ], [ 13.4961867, 52.634788 ], [ 13.496247, 52.634751 ], [ 13.4962422, 52.6347476 ], [ 13.4962972, 52.6347132 ], [ 13.4963162, 52.6346918 ], [ 13.4963181, 52.6346754 ], [ 13.4963155, 52.6346655 ], [ 13.4962958, 52.634644 ], [ 13.4962672, 52.6346341 ], [ 13.496243, 52.6346319 ], [ 13.4962148, 52.6346349 ], [ 13.4961866, 52.6346445 ], [ 13.4961748, 52.6346535 ], [ 13.4961619, 52.6346673 ], [ 13.4961609, 52.6346846 ], [ 13.4961652, 52.6346969 ], [ 13.496182, 52.6347126 ], [ 13.496123, 52.6347485 ], [ 13.4960051, 52.634822 ], [ 13.4960698, 52.6348606 ] ] ] } },
{ "type": "Feature", "properties": { "element": "way", "id": 16412412, "name": null, "shop": null, "amenity": null, "office": null, "tourism": null, "leisure": null, "building": "commercial", "opening_hours": "Mo-Fr 06:00-17:00; Sa 06:00-12:00; Su 07:00-10:00", "poi_typ": "building", "dienstag_vormittag": true }, "geometry": { "type": "Polygon", "coordinates": [ [ [ 13.5079348, 52.635602 ], [ 13.5080639, 52.6356963 ], [ 13.5083716, 52.6355416 ], [ 13.5082422, 52.6354455 ], [ 13.5079348, 52.635602 ] ] ] } },
{ "type": "Feature", "properties": { "element": "way", "id": 23495060, "name": "Gethsemane-Kirche", "shop": null, "amenity": "place_of_worship", "office": null, "tourism": null, "leisure": null, "building": "church", "opening_hours": "Mo-Fr 11:00-18:00", "poi_typ": "amenity", "dienstag_vormittag": true }, "geometry": { "type": "Polygon", "coordinates": [ [ [ 13.4163861, 52.5478541 ], [ 13.4164481, 52.5478443 ], [ 13.4164555, 52.5478537 ], [ 13.4164752, 52.5478479 ], [ 13.4164654, 52.5478348 ], [ 13.4165065, 52.5478086 ], [ 13.4165244, 52.5478158 ], [ 13.416535, 52.5478054 ], [ 13.4165166, 52.5477981 ], [ 13.4165327, 52.54776 ], [ 13.4165561, 52.5477593 ], [ 13.4165555, 52.5477477 ], [ 13.4165363, 52.5477479 ], [ 13.4165177, 52.547714 ], [ 13.4165362, 52.5477069 ], [ 13.416529, 52.5476964 ], [ 13.4165086, 52.5477017 ], [ 13.4164697, 52.5476739 ], [ 13.4164717, 52.5476631 ], [ 13.4164548, 52.5476601 ], [ 13.4164506, 52.5476696 ], [ 13.4164284, 52.5476658 ], [ 13.4164305, 52.5476579 ], [ 13.4164182, 52.5476557 ], [ 13.4164071, 52.5476484 ], [ 13.4164031, 52.5476423 ], [ 13.4164056, 52.547634 ], [ 13.4163848, 52.5476309 ], [ 13.4163799, 52.5476438 ], [ 13.4163644, 52.5476507 ], [ 13.4163147, 52.5476423 ], [ 13.4163057, 52.5476342 ], [ 13.4163145, 52.5476139 ], [ 13.4163405, 52.547618 ], [ 13.4163456, 52.5476068 ], [ 13.4163178, 52.5476013 ], [ 13.4163252, 52.5475866 ], [ 13.4163059, 52.5475834 ], [ 13.4162986, 52.5475982 ], [ 13.4162058, 52.5475831 ], [ 13.4162125, 52.5475673 ], [ 13.4161891, 52.5475638 ], [ 13.4161827, 52.5475804 ], [ 13.4161578, 52.5475761 ], [ 13.4161527, 52.5475882 ], [ 13.4161777, 52.5475926 ], [ 13.4161738, 52.5476045 ], [ 13.4161702, 52.547614 ], [ 13.4161485, 52.547615 ], [ 13.4161049, 52.5476071 ], [ 13.4161102, 52.5475941 ], [ 13.4160905, 52.5475905 ], [ 13.416084, 52.547603 ], [ 13.4160272, 52.5475936 ], [ 13.4160307, 52.5475809 ], [ 13.4160093, 52.5475771 ], [ 13.4160035, 52.5475893 ], [ 13.4159407, 52.5475788 ], [ 13.415937, 52.5475689 ], [ 13.4159421, 52.5475566 ], [ 13.4159238, 52.5475539 ], [ 13.415919, 52.5475662 ], [ 13.4159024, 52.547574 ], [ 13.4158755, 52.5475697 ], [ 13.4158709, 52.5475813 ], [ 13.4158904, 52.5475843 ], [ 13.4158865, 52.5475956 ], [ 13.415883, 52.5476057 ], [ 13.4158706, 52.5476041 ], [ 13.4158639, 52.5476187 ], [ 13.4158445, 52.5476235 ], [ 13.4158465, 52.5476164 ], [ 13.4158108, 52.547611 ], [ 13.4158074, 52.5476191 ], [ 13.4157941, 52.5476172 ], [ 13.4158032, 52.5475936 ], [ 13.4157788, 52.5475903 ], [ 13.4157723, 52.5476108 ], [ 13.4157555, 52.5476164 ], [ 13.4157246, 52.5476125 ], [ 13.4157206, 52.5476208 ], [ 13.4157123, 52.5476196 ], [ 13.4157037, 52.5476122 ], [ 13.4156927, 52.5476172 ], [ 13.4156988, 52.5476231 ], [ 13.4156907, 52.5476431 ], [ 13.4156842, 52.5476597 ], [ 13.4156719, 52.5476647 ], [ 13.4156763, 52.5476697 ], [ 13.4156854, 52.5476662 ], [ 13.4156974, 52.5476682 ], [ 13.4156935, 52.5476784 ], [ 13.4157192, 52.5476823 ], [ 13.4157334, 52.547691 ], [ 13.4157269, 52.5477134 ], [ 13.4157498, 52.5477168 ], [ 13.4157566, 52.5476962 ], [ 13.4157684, 52.5476978 ], [ 13.4157656, 52.5477059 ], [ 13.4158043, 52.5477124 ], [ 13.4158078, 52.5477035 ], [ 13.4158192, 52.547715 ], [ 13.4158143, 52.5477287 ], [ 13.4158217, 52.5477295 ], [ 13.4158186, 52.547739 ], [ 13.4158145, 52.5477518 ], [ 13.4157916, 52.5477487 ], [ 13.4157873, 52.54776 ], [ 13.4158094, 52.5477632 ], [ 13.4158194, 52.5477729 ], [ 13.4158145, 52.5477879 ], [ 13.4158338, 52.5477908 ], [ 13.4158389, 52.5477777 ], [ 13.4158607, 52.5477738 ], [ 13.415915, 52.5477828 ], [ 13.4159106, 52.5477949 ], [ 13.415933, 52.5477987 ], [ 13.4159377, 52.547786 ], [ 13.4160003, 52.5477962 ], [ 13.4159952, 52.5478102 ], [ 13.4160158, 52.5478133 ], [ 13.4160209, 52.5477996 ], [ 13.4160657, 52.5478065 ], [ 13.4160753, 52.5478129 ], [ 13.4160739, 52.547821 ], [ 13.4160701, 52.5478351 ], [ 13.4160373, 52.547831 ], [ 13.4160342, 52.5478436 ], [ 13.4160583, 52.5478468 ], [ 13.4160504, 52.5478653 ], [ 13.4160747, 52.5478684 ], [ 13.4160822, 52.5478519 ], [ 13.4161796, 52.5478663 ], [ 13.4161726, 52.5478839 ], [ 13.4161942, 52.5478872 ], [ 13.4162, 52.5478702 ], [ 13.4162257, 52.5478739 ], [ 13.4162289, 52.5478629 ], [ 13.4162048, 52.5478589 ], [ 13.4162109, 52.5478396 ], [ 13.4162253, 52.5478348 ], [ 13.4162721, 52.5478417 ], [ 13.4162807, 52.5478511 ], [ 13.4162753, 52.5478673 ], [ 13.4163006, 52.5478705 ], [ 13.4163011, 52.5478625 ], [ 13.4163107, 52.5478591 ], [ 13.416324, 52.5478544 ], [ 13.4163414, 52.547855 ], [ 13.4163414, 52.5478506 ], [ 13.4163672, 52.5478513 ], [ 13.4163662, 52.5478664 ], [ 13.4163848, 52.5478664 ], [ 13.4163861, 52.5478541 ] ] ] } },
{ "type": "Feature", "properties": { "element": "way", "id": 24515082, "name": "Helmholtzplatz", "shop": null, "amenity": null, "office": null, "tourism": null, "leisure": "park", "building": null, "opening_hours": "24/7", "poi_typ": "leisure", "dienstag_vormittag": true }, "geometry": { "type": "Polygon", "coordinates": [ [ [ 13.417889, 52.5438299 ], [ 13.4206774, 52.5426575 ], [ 13.420248, 52.5421842 ], [ 13.4199469, 52.5423089 ], [ 13.4196325, 52.5424405 ], [ 13.4194691, 52.542509 ], [ 13.4192642, 52.5425958 ], [ 13.4173878, 52.5433847 ], [ 13.417889, 52.5438299 ] ] ] } },
{ "type": "Feature", "properties": { "element": "way", "id": 25911017, "name": "Arnold-Schönberg-Platz", "shop": null, "amenity": null, "office": null, "tourism": null, "leisure": "park", "building": null, "opening_hours": "24/7", "poi_typ": "leisure", "dienstag_vormittag": true }, "geometry": { "type": "Polygon", "coordinates": [ [ [ 13.4594955, 52.5489329 ], [ 13.4595125, 52.5489042 ], [ 13.4596217, 52.5487201 ], [ 13.4592728, 52.5486476 ], [ 13.4591491, 52.5488593 ], [ 13.4594955, 52.5489329 ] ] ] } },
{ "type": "Feature", "properties": { "element": "way", "id": 26633037, "name": "Botanischer Volkspark Blankenfelde-Pankow", "shop": null, "amenity": null, "office": null, "tourism": null, "leisure": "park", "building": null, "opening_hours": "Mo-Su 07:00-sunset", "poi_typ": "leisure", "dienstag_vormittag": true }, "geometry": { "type": "Polygon", "coordinates": [ [ [ 13.3971416, 52.6074941 ], [ 13.3955069, 52.6071542 ], [ 13.3951061, 52.6078007 ], [ 13.3946101, 52.6075947 ], [ 13.3939791, 52.6073177 ], [ 13.392783, 52.6072216 ], [ 13.3918362, 52.6071287 ], [ 13.3922331, 52.6063844 ], [ 13.3917819, 52.6063711 ], [ 13.3917236, 52.6063726 ], [ 13.3912612, 52.6063834 ], [ 13.3910863, 52.6063398 ], [ 13.390901, 52.6062178 ], [ 13.3907916, 52.6055854 ], [ 13.3901902, 52.6050151 ], [ 13.3885548, 52.6046059 ], [ 13.3884318, 52.6044863 ], [ 13.3883895, 52.6043411 ], [ 13.3880895, 52.6040401 ], [ 13.389965, 52.6036315 ], [ 13.3947632, 52.6031288 ], [ 13.3996953, 52.6026429 ], [ 13.3998048, 52.6025928 ], [ 13.4009011, 52.6024937 ], [ 13.4014486, 52.6036185 ], [ 13.4007056, 52.6048171 ], [ 13.3999526, 52.606019 ], [ 13.3999311, 52.6060534 ], [ 13.3990488, 52.605865 ], [ 13.3983165, 52.6070973 ], [ 13.398276, 52.6071572 ], [ 13.3983211, 52.6071853 ], [ 13.3984173, 52.6072067 ], [ 13.3981134, 52.6076868 ], [ 13.3971416, 52.6074941 ] ] ] } },
{ "type": "Feature", "properties": { "element": "way", "id": 27064954, "name": "Am Luchgraben / Neue Wiesen", "shop": null, "amenity": "parking", "office": null, "tourism": null, "leisure": null, "building": null, "opening_hours": "24/7", "poi_typ": "amenity", "dienstag_vormittag": true }, "geometry": { "type": "Polygon", "coordinates": [ [ [ 13.4980226, 52.6041642 ], [ 13.4982398, 52.6041043 ], [ 13.4980344, 52.6038554 ], [ 13.4978168, 52.6039219 ], [ 13.4980226, 52.6041642 ] ] ] } },
{ "type": "Feature", "properties": { "element": "way", "id": 28163269, "name": "Ärztehaus Dr. Karl Kollwitz", "shop": null, "amenity": "clinic", "office": null, "tourism": null, "leisure": null, "building": "commercial", "opening_hours": "Mo-Fr 06:30-20:30", "poi_typ": "amenity", "dienstag_vormittag": true }, "geometry": { "type": "Polygon", "coordinates": [ [ [ 13.4288024, 52.5461863 ], [ 13.4289746, 52.5461118 ], [ 13.4290075, 52.5460976 ], [ 13.4291575, 52.5460324 ], [ 13.429249, 52.5459926 ], [ 13.4290076, 52.5457815 ], [ 13.428974, 52.545753 ], [ 13.4289334, 52.5457175 ], [ 13.4287488, 52.5455595 ], [ 13.4283006, 52.5457554 ], [ 13.4285491, 52.545966 ], [ 13.4285953, 52.5460053 ], [ 13.4286242, 52.5460306 ], [ 13.4288024, 52.5461863 ] ] ] } },
{ "type": "Feature", "properties": { "element": "way", "id": 28198135, "name": "Recyclinghof Behmstraße", "shop": null, "amenity": "recycling", "office": null, "tourism": null, "leisure": null, "building": null, "opening_hours": "Mo-Fr 09:00-19:00; Sa 07:00-14:30; PH off", "poi_typ": "amenity", "dienstag_vormittag": true }, "geometry": { "type": "Polygon", "coordinates": [ [ [ 13.4004043, 52.5509908 ], [ 13.4007201, 52.5509822 ], [ 13.4027508, 52.5511582 ], [ 13.4028068, 52.551163 ], [ 13.402858, 52.551168 ], [ 13.4029234, 52.5511739 ], [ 13.4031961, 52.5511991 ], [ 13.4033998, 52.5512156 ], [ 13.4034138, 52.5510926 ], [ 13.4034335, 52.5509183 ], [ 13.4034404, 52.550855 ], [ 13.4034469, 52.5508022 ], [ 13.4034596, 52.5506881 ], [ 13.4034608, 52.5506773 ], [ 13.4034714, 52.5505836 ], [ 13.4034729, 52.5505684 ], [ 13.4034762, 52.5505399 ], [ 13.4034772, 52.5505271 ], [ 13.403479, 52.5505054 ], [ 13.4034883, 52.5504368 ], [ 13.403495, 52.5503923 ], [ 13.4034955, 52.5503894 ], [ 13.403499, 52.5503449 ], [ 13.403508, 52.5502717 ], [ 13.40352, 52.5501608 ], [ 13.4035276, 52.5500912 ], [ 13.4035643, 52.5497885 ], [ 13.4035766, 52.549677 ], [ 13.4031952, 52.5496687 ], [ 13.4026974, 52.5497313 ], [ 13.4022167, 52.5498305 ], [ 13.401779, 52.5499557 ], [ 13.4013584, 52.5501384 ], [ 13.4009293, 52.5503941 ], [ 13.4006546, 52.5506394 ], [ 13.4004538, 52.5509213 ], [ 13.4004043, 52.5509908 ] ] ] } },
{ "type": "Feature", "properties": { "element": "way", "id": 30051409, "name": "Star", "shop": null, "amenity": "fuel", "office": null, "tourism": null, "leisure": null, "building": "yes", "opening_hours": "24/7", "poi_typ": "amenity", "dienstag_vormittag": true }, "geometry": { "type": "Polygon", "coordinates": [ [ [ 13.4287743, 52.5688928 ], [ 13.4287739, 52.568886 ], [ 13.4287584, 52.5688858 ], [ 13.4287294, 52.5687756 ], [ 13.428744, 52.5687685 ], [ 13.4287372, 52.5687501 ], [ 13.4287221, 52.5687457 ], [ 13.4287363, 52.5687368 ], [ 13.4287077, 52.5686228 ], [ 13.4288911, 52.5686046 ], [ 13.4289602, 52.5688739 ], [ 13.4287743, 52.5688928 ] ] ] } },
{ "type": "Feature", "properties": { "element": "way", "id": 30977186, "name": "Mühlenberg-Center", "shop": "mall", "amenity": null, "office": null, "tourism": null, "leisure": null, "building": "commercial", "opening_hours": "Mo-Fr 07:00-20:00; Sa 07:00-18:00", "poi_typ": "shop", "dienstag_vormittag": true }, "geometry": { "type": "Polygon", "coordinates": [ [ [ 13.4425242, 52.5439335 ], [ 13.4422866, 52.5437285 ], [ 13.4423166, 52.5437152 ], [ 13.4422258, 52.543639 ], [ 13.4422094, 52.5436256 ], [ 13.4421287, 52.5435562 ], [ 13.4421013, 52.5435685 ], [ 13.4418588, 52.5433589 ], [ 13.4420956, 52.543256 ], [ 13.4421207, 52.5432782 ], [ 13.4421618, 52.54326 ], [ 13.4422059, 52.5432405 ], [ 13.4421798, 52.5432193 ], [ 13.442675, 52.5430039 ], [ 13.4428117, 52.5431215 ], [ 13.4427375, 52.5431544 ], [ 13.4428134, 52.5432201 ], [ 13.4427807, 52.5432341 ], [ 13.4428081, 52.5432581 ], [ 13.4428902, 52.54333 ], [ 13.4429819, 52.5434103 ], [ 13.4430196, 52.5434434 ], [ 13.4430564, 52.5434276 ], [ 13.4431315, 52.5434931 ], [ 13.4432078, 52.543461 ], [ 13.4433448, 52.5435782 ], [ 13.4430025, 52.5437264 ], [ 13.4430807, 52.5437801 ], [ 13.442985, 52.5438722 ], [ 13.4428169, 52.5438068 ], [ 13.4425242, 52.5439335 ] ] ] } },
{ "type": "Feature", "properties": { "element": "way", "id": 35552285, "name": "Botschaft der Republik Kasachstan", "shop": null, "amenity": null, "office": "diplomatic", "tourism": null, "leisure": null, "building": "yes", "opening_hours": "Mo-Fr 09:00-13:00; We off", "poi_typ": "office", "dienstag_vormittag": true }, "geometry": { "type": "Polygon", "coordinates": [ [ [ 13.3925849, 52.5901581 ], [ 13.3926629, 52.5898568 ], [ 13.3928611, 52.5898744 ], [ 13.3928281, 52.5899997 ], [ 13.3928772, 52.5900044 ], [ 13.3928652, 52.5900562 ], [ 13.3928146, 52.5900513 ], [ 13.3927818, 52.5901761 ], [ 13.3925849, 52.5901581 ] ] ] } },
{ "type": "Feature", "properties": { "element": "way", "id": 35554637, "name": "Gartencenter Schmidt", "shop": "garden_centre", "amenity": null, "office": null, "tourism": null, "leisure": null, "building": null, "opening_hours": "Mar-Dec: Mo-Fr 08:00-18:00; Mar-Dec: Sa 08:00-16:00; Mar-Dec: Su 09:00-13:00", "poi_typ": "shop", "dienstag_vormittag": true }, "geometry": { "type": "Polygon", "coordinates": [ [ [ 13.5116457, 52.6405296 ], [ 13.5114258, 52.6404484 ], [ 13.511191, 52.6403617 ], [ 13.5115855, 52.6399585 ], [ 13.512439, 52.6402458 ], [ 13.5121083, 52.640654 ], [ 13.5116457, 52.6405296 ] ] ] } },
{ "type": "Feature", "properties": { "element": "way", "id": 36810473, "name": "Sporthalle", "shop": null, "amenity": null, "office": null, "tourism": null, "leisure": "sports_centre", "building": "yes", "opening_hours": "Mo-Fr 08:00-22:00; Sa,Su 10:00-16:00; PH 10:00-13:00", "poi_typ": "leisure", "dienstag_vormittag": true }, "geometry": { "type": "Polygon", "coordinates": [ [ [ 13.4609436, 52.5520755 ], [ 13.4609073, 52.551995 ], [ 13.460788, 52.552015 ], [ 13.4606885, 52.5517916 ], [ 13.4613539, 52.5516814 ], [ 13.4613688, 52.5517147 ], [ 13.4613578, 52.5517167 ], [ 13.4614146, 52.5518393 ], [ 13.4614273, 52.5518679 ], [ 13.4614363, 52.5518665 ], [ 13.461451, 52.5518991 ], [ 13.4614322, 52.5519022 ], [ 13.4614346, 52.5519077 ], [ 13.4614242, 52.5519095 ], [ 13.4614602, 52.5519888 ], [ 13.4612402, 52.5520262 ], [ 13.4609436, 52.5520755 ] ] ] } },
{ "type": "Feature", "properties": { "element": "way", "id": 37340839, "name": "SH Scandinavianholz GmbH / Berliner Fenster Türen Discount", "shop": null, "amenity": null, "office": null, "tourism": null, "leisure": null, "building": "yes", "opening_hours": "Mo-Fr 08:00-17:00", "poi_typ": "building", "dienstag_vormittag": true }, "geometry": { "type": "Polygon", "coordinates": [ [ [ 13.4652802, 52.5982445 ], [ 13.4651832, 52.5979234 ], [ 13.4651237, 52.5977128 ], [ 13.4655668, 52.5976629 ], [ 13.465724, 52.5981948 ], [ 13.4652802, 52.5982445 ] ] ] } },
{ "type": "Feature", "properties": { "element": "way", "id": 38667621, "name": "Senefelderplatz", "shop": null, "amenity": null, "office": null, "tourism": null, "leisure": "park", "building": null, "opening_hours": "24/7", "poi_typ": "leisure", "dienstag_vormittag": true }, "geometry": { "type": "Polygon", "coordinates": [ [ [ 13.4128482, 52.5324916 ], [ 13.413342, 52.5323289 ], [ 13.4127796, 52.5318832 ], [ 13.4127572, 52.5318769 ], [ 13.4127376, 52.5318734 ], [ 13.4127151, 52.5318724 ], [ 13.4126902, 52.5318767 ], [ 13.4126693, 52.5318822 ], [ 13.4126513, 52.5318918 ], [ 13.4126416, 52.531901 ], [ 13.4126342, 52.5319106 ], [ 13.4126304, 52.5319244 ], [ 13.4126586, 52.5320104 ], [ 13.4128482, 52.5324916 ] ] ] } },
{ "type": "Feature", "properties": { "element": "way", "id": 39375025, "name": "A.T.U", "shop": "car_repair", "amenity": null, "office": null, "tourism": null, "leisure": null, "building": "yes", "opening_hours": "Mo-Fr 07:30-20:00; Sa 08:00-14:00", "poi_typ": "shop", "dienstag_vormittag": true }, "geometry": { "type": "Polygon", "coordinates": [ [ [ 13.4539091, 52.5337752 ], [ 13.4540359, 52.5336467 ], [ 13.4540417, 52.5336488 ], [ 13.4540424, 52.5336481 ], [ 13.4540551, 52.5336527 ], [ 13.4542744, 52.5334302 ], [ 13.454557, 52.5335339 ], [ 13.4542099, 52.5338856 ], [ 13.4539091, 52.5337752 ] ] ] } },
{ "type": "Feature", "properties": { "element": "way", "id": 42143012, "name": "Netto Marken-Discount", "shop": "supermarket", "amenity": null, "office": null, "tourism": null, "leisure": null, "building": "retail", "opening_hours": "Mo-Fr 07:00-22:00", "poi_typ": "shop", "dienstag_vormittag": true }, "geometry": { "type": "Polygon", "coordinates": [ [ [ 13.3993787, 52.579983 ], [ 13.3997731, 52.580009 ], [ 13.3998568, 52.5795496 ], [ 13.399639, 52.5795358 ], [ 13.3996458, 52.579491 ], [ 13.3995503, 52.5794833 ], [ 13.3994794, 52.5798641 ], [ 13.3994138, 52.5798597 ], [ 13.3994077, 52.5798788 ], [ 13.3993787, 52.579983 ] ] ] } },
{ "type": "Feature", "properties": { "element": "way", "id": 42203097, "name": "Botschaft der Republik Ghana", "shop": null, "amenity": null, "office": "diplomatic", "tourism": null, "leisure": null, "building": "embassy", "opening_hours": "Mo-Fr 09:00-15:00", "poi_typ": "office", "dienstag_vormittag": true }, "geometry": { "type": "Polygon", "coordinates": [ [ [ 13.4094933, 52.5568958 ], [ 13.4094739, 52.5567625 ], [ 13.4095532, 52.5567573 ], [ 13.409556, 52.5567773 ], [ 13.4096016, 52.5567749 ], [ 13.4096002, 52.5567669 ], [ 13.4096716, 52.5567622 ], [ 13.4096947, 52.5569076 ], [ 13.4096225, 52.556911 ], [ 13.4096168, 52.5568812 ], [ 13.4095686, 52.556884 ], [ 13.4095693, 52.5568913 ], [ 13.4094933, 52.5568958 ] ] ] } },
{ "type": "Feature", "properties": { "element": "way", "id": 42458598, "name": "Konsulat der Republik Kuba", "shop": null, "amenity": null, "office": "diplomatic", "tourism": null, "leisure": null, "building": "embassy", "opening_hours": "Mo-Fr 08:30-12:00,13:30-16:00", "poi_typ": "office", "dienstag_vormittag": true }, "geometry": { "type": "Polygon", "coordinates": [ [ [ 13.4110205, 52.5560153 ], [ 13.4110225, 52.5560286 ], [ 13.4109237, 52.556034 ], [ 13.4109197, 52.5560071 ], [ 13.4108976, 52.5560084 ], [ 13.4108896, 52.5559547 ], [ 13.4108676, 52.5559559 ], [ 13.4108564, 52.5558806 ], [ 13.4108784, 52.5558793 ], [ 13.4108705, 52.5558256 ], [ 13.4108926, 52.5558244 ], [ 13.4108887, 52.5557976 ], [ 13.4109874, 52.5557923 ], [ 13.4109894, 52.5558056 ], [ 13.4110715, 52.555801 ], [ 13.4110846, 52.5558897 ], [ 13.4110626, 52.555891 ], [ 13.4110674, 52.5559229 ], [ 13.4110893, 52.5559217 ], [ 13.4111028, 52.5560107 ], [ 13.4110205, 52.5560153 ] ] ] } },
{ "type": "Feature", "properties": { "element": "way", "id": 42559948, "name": "Botschaft der Republik Kap Verde", "shop": null, "amenity": null, "office": "diplomatic", "tourism": null, "leisure": null, "building": "embassy", "opening_hours": "Mo-Fr 09:00-16:00", "poi_typ": "office", "dienstag_vormittag": true }, "geometry": { "type": "Polygon", "coordinates": [ [ [ 13.4094881, 52.5563346 ], [ 13.4094894, 52.5563423 ], [ 13.4094107, 52.5563469 ], [ 13.4093884, 52.5561989 ], [ 13.4094671, 52.5561948 ], [ 13.4094718, 52.5562254 ], [ 13.4095165, 52.5562228 ], [ 13.4095153, 52.5562147 ], [ 13.4095939, 52.5562101 ], [ 13.4095961, 52.5562252 ], [ 13.4096396, 52.5562228 ], [ 13.409634, 52.5561859 ], [ 13.409759, 52.5561789 ], [ 13.4097804, 52.5563222 ], [ 13.4096554, 52.5563292 ], [ 13.4096532, 52.556315 ], [ 13.4096101, 52.5563174 ], [ 13.4096147, 52.5563467 ], [ 13.4095357, 52.556351 ], [ 13.409533, 52.5563319 ], [ 13.4094881, 52.5563346 ] ] ] } },
{ "type": "Feature", "properties": { "element": "way", "id": 42559949, "name": "Botschaft des Staates Eritrea", "shop": null, "amenity": null, "office": "diplomatic", "tourism": null, "leisure": null, "building": "embassy", "opening_hours": "Mo-Fr 09:00-13:00,14:00-17:00", "poi_typ": "office", "dienstag_vormittag": true }, "geometry": { "type": "Polygon", "coordinates": [ [ [ 13.4102682, 52.5563026 ], [ 13.4102689, 52.5563097 ], [ 13.4101922, 52.5563142 ], [ 13.4101699, 52.556171 ], [ 13.4102451, 52.5561663 ], [ 13.4102496, 52.5561949 ], [ 13.4102952, 52.5561921 ], [ 13.4102942, 52.5561834 ], [ 13.4103717, 52.5561783 ], [ 13.410393, 52.5563127 ], [ 13.4103174, 52.5563176 ], [ 13.4103135, 52.5562989 ], [ 13.4102682, 52.5563026 ] ] ] } },
{ "type": "Feature", "properties": { "element": "way", "id": 42691819, "name": "FrischeParadies", "shop": "deli", "amenity": null, "office": null, "tourism": null, "leisure": null, "building": "retail", "opening_hours": "Mo-Fr 10:00-19:00; Sa 08:00-18:00", "poi_typ": "shop", "dienstag_vormittag": true }, "geometry": { "type": "Polygon", "coordinates": [ [ [ 13.4678635, 52.5216624 ], [ 13.4688893, 52.5214763 ], [ 13.4690309, 52.5217654 ], [ 13.4690671, 52.5218393 ], [ 13.4680413, 52.5220254 ], [ 13.4680084, 52.5219583 ], [ 13.4678635, 52.5216624 ] ] ] } },
{ "type": "Feature", "properties": { "element": "way", "id": 44070561, "name": "EDEKA", "shop": "supermarket", "amenity": null, "office": null, "tourism": null, "leisure": null, "building": "retail", "opening_hours": "Mo-Fr 07:00-22:00; Sa 07:00-22:00", "poi_typ": "shop", "dienstag_vormittag": true }, "geometry": { "type": "Polygon", "coordinates": [ [ [ 13.4517564, 52.5476539 ], [ 13.4519207, 52.5476893 ], [ 13.4518872, 52.5477467 ], [ 13.4518255, 52.5478527 ], [ 13.4516444, 52.5478138 ], [ 13.4512643, 52.5477319 ], [ 13.4514534, 52.5474071 ], [ 13.4515008, 52.5474173 ], [ 13.4518504, 52.5474925 ], [ 13.4517911, 52.5475943 ], [ 13.4517564, 52.5476539 ] ] ] } },
{ "type": "Feature", "properties": { "element": "way", "id": 46181323, "name": "Kletteranlage Schwedter Nordwand", "shop": null, "amenity": null, "office": null, "tourism": null, "leisure": "sports_centre", "building": null, "opening_hours": "Mo-Su,PH 00:00+", "poi_typ": "leisure", "dienstag_vormittag": true }, "geometry": { "type": "Polygon", "coordinates": [ [ [ 13.3996623, 52.5489014 ], [ 13.3994137, 52.5488633 ], [ 13.3994519, 52.5487705 ], [ 13.3997349, 52.5488138 ], [ 13.3997034, 52.5488902 ], [ 13.3996966, 52.5489066 ], [ 13.3996623, 52.5489014 ] ] ] } },
{ "type": "Feature", "properties": { "element": "way", "id": 51202337, "name": "EDEKA", "shop": "supermarket", "amenity": null, "office": null, "tourism": null, "leisure": null, "building": "supermarket", "opening_hours": "Mo-Fr 07:00-00:00; Sa 07:00-23:30", "poi_typ": "shop", "dienstag_vormittag": true }, "geometry": { "type": "Polygon", "coordinates": [ [ [ 13.439746, 52.5415498 ], [ 13.4394227, 52.5412678 ], [ 13.4394127, 52.5412552 ], [ 13.4394129, 52.5412375 ], [ 13.439422, 52.5412288 ], [ 13.4394341, 52.541222 ], [ 13.4395314, 52.5411858 ], [ 13.4400117, 52.541007 ], [ 13.4401174, 52.5411007 ], [ 13.4401734, 52.5410752 ], [ 13.4402335, 52.5411272 ], [ 13.4401775, 52.5411527 ], [ 13.4401721, 52.5411466 ], [ 13.4401055, 52.5411773 ], [ 13.4402535, 52.5413055 ], [ 13.4401306, 52.5413579 ], [ 13.4401178, 52.5413468 ], [ 13.4398539, 52.5414584 ], [ 13.4398016, 52.5414805 ], [ 13.4397588, 52.5414987 ], [ 13.4397945, 52.5415295 ], [ 13.439746, 52.5415498 ] ] ] } },
{ "type": "Feature", "properties": { "element": "way", "id": 52026199, "name": "Knoll GmbH", "shop": "car_parts", "amenity": null, "office": null, "tourism": null, "leisure": null, "building": "yes", "opening_hours": "Mo-Fr 07:00-18:00, Sa 08:00-12:00", "poi_typ": "shop", "dienstag_vormittag": true }, "geometry": { "type": "Polygon", "coordinates": [ [ [ 13.4669924, 52.5640163 ], [ 13.4663102, 52.5640699 ], [ 13.4662436, 52.5637565 ], [ 13.4669259, 52.5637029 ], [ 13.4669924, 52.5640163 ] ] ] } },
{ "type": "Feature", "properties": { "element": "way", "id": 53673517, "name": "Le Minh", "shop": null, "amenity": "fast_food", "office": null, "tourism": null, "leisure": null, "building": "yes", "opening_hours": "Mo-Fr 11:00-22:00; Su,PH 12:00-22:00", "poi_typ": "amenity", "dienstag_vormittag": true }, "geometry": { "type": "Polygon", "coordinates": [ [ [ 13.4137787, 52.558873 ], [ 13.4137766, 52.5588393 ], [ 13.4138841, 52.5588378 ], [ 13.4138855, 52.5588712 ], [ 13.4137787, 52.558873 ] ] ] } },
{ "type": "Feature", "properties": { "element": "way", "id": 56919250, "name": "Prater Biergarten", "shop": null, "amenity": "biergarten", "office": null, "tourism": null, "leisure": null, "building": null, "opening_hours": "Apr-Sep: Mo-Su 12:00+", "poi_typ": "amenity", "dienstag_vormittag": true }, "geometry": { "type": "Polygon", "coordinates": [ [ [ 13.4097712, 52.5398677 ], [ 13.4096443, 52.5399188 ], [ 13.4094661, 52.5399905 ], [ 13.4094287, 52.5399558 ], [ 13.4091931, 52.54005 ], [ 13.40914, 52.540001 ], [ 13.4090822, 52.5400235 ], [ 13.4087366, 52.5401577 ], [ 13.4090113, 52.5404099 ], [ 13.4092218, 52.5404157 ], [ 13.4095449, 52.5404852 ], [ 13.4097907, 52.5405392 ], [ 13.4098897, 52.5405607 ], [ 13.4102879, 52.5404017 ], [ 13.4103318, 52.5403845 ], [ 13.4103542, 52.5403753 ], [ 13.4103117, 52.5403315 ], [ 13.410295, 52.5403375 ], [ 13.4097712, 52.5398677 ] ] ] } },
{ "type": "Feature", "properties": { "element": "way", "id": 59453998, "name": "Amtsgericht Pankow", "shop": null, "amenity": "courthouse", "office": null, "tourism": null, "leisure": null, "building": "yes", "opening_hours": "Mo-Fr 09:00-13:00", "poi_typ": "amenity", "dienstag_vormittag": true }, "geometry": { "type": "Polygon", "coordinates": [ [ [ 13.4595945, 52.5573443 ], [ 13.4598068, 52.5572487 ], [ 13.4597845, 52.5572305 ], [ 13.45993, 52.5571709 ], [ 13.4599338, 52.557162 ], [ 13.4599575, 52.5571514 ], [ 13.4599875, 52.5571559 ], [ 13.4600009, 52.5571678 ], [ 13.4599938, 52.5571775 ], [ 13.4600423, 52.5572233 ], [ 13.4600894, 52.557203 ], [ 13.4601147, 52.5572266 ], [ 13.4601455, 52.5572573 ], [ 13.460097, 52.557277 ], [ 13.4603317, 52.5575028 ], [ 13.4603737, 52.557488 ], [ 13.4604433, 52.5575557 ], [ 13.4602863, 52.5576248 ], [ 13.4602728, 52.5576134 ], [ 13.460258, 52.5576135 ], [ 13.460248, 52.5576093 ], [ 13.4602393, 52.5576036 ], [ 13.4602332, 52.5575949 ], [ 13.4602301, 52.557586 ], [ 13.4602331, 52.5575776 ], [ 13.4600754, 52.5574257 ], [ 13.4600213, 52.557446 ], [ 13.4599732, 52.5573992 ], [ 13.459961, 52.5574044 ], [ 13.4599555, 52.5574149 ], [ 13.4599456, 52.5574136 ], [ 13.4599509, 52.5574042 ], [ 13.4599175, 52.5573709 ], [ 13.4599021, 52.5573759 ], [ 13.4598965, 52.5573711 ], [ 13.4599028, 52.5573677 ], [ 13.4598894, 52.5573537 ], [ 13.4598127, 52.5573827 ], [ 13.459787, 52.5573592 ], [ 13.459674, 52.5574106 ], [ 13.4595945, 52.5573443 ] ] ] } },
{ "type": "Feature", "properties": { "element": "way", "id": 60840562, "name": "New Evolution", "shop": null, "amenity": null, "office": null, "tourism": null, "leisure": "fitness_centre", "building": "yes", "opening_hours": "Mo-Fr 08:00-20:00; Sa 10:00-14:00", "poi_typ": "leisure", "dienstag_vormittag": true }, "geometry": { "type": "Polygon", "coordinates": [ [ [ 13.4193473, 52.5844701 ], [ 13.4194527, 52.5843411 ], [ 13.4195978, 52.5843849 ], [ 13.4199274, 52.5844862 ], [ 13.4198539, 52.5845854 ], [ 13.4198749, 52.5845917 ], [ 13.4198702, 52.5845987 ], [ 13.4198534, 52.58462 ], [ 13.419833, 52.5846136 ], [ 13.4198311, 52.5846163 ], [ 13.4193473, 52.5844701 ] ] ] } },
{ "type": "Feature", "properties": { "element": "way", "id": 61407054, "name": "DEKRA", "shop": null, "amenity": "vehicle_inspection", "office": null, "tourism": null, "leisure": null, "building": "yes", "opening_hours": "Mo-Fr 07:30-18:00", "poi_typ": "amenity", "dienstag_vormittag": true }, "geometry": { "type": "Polygon", "coordinates": [ [ [ 13.4179882, 52.5845876 ], [ 13.4181542, 52.5846375 ], [ 13.4180349, 52.5847839 ], [ 13.4178689, 52.584734 ], [ 13.4179882, 52.5845876 ] ] ] } },
{ "type": "Feature", "properties": { "element": "way", "id": 62236180, "name": "Ziegengehege", "shop": null, "amenity": null, "office": null, "tourism": "zoo", "leisure": null, "building": null, "opening_hours": "24/7", "poi_typ": "tourism", "dienstag_vormittag": true }, "geometry": { "type": "Polygon", "coordinates": [ [ [ 13.3935136, 52.5688061 ], [ 13.393461, 52.5686908 ], [ 13.3934752, 52.5686103 ], [ 13.3936989, 52.5685651 ], [ 13.3938059, 52.5685697 ], [ 13.3939072, 52.5685919 ], [ 13.3940656, 52.5686839 ], [ 13.3940993, 52.5687267 ], [ 13.3940876, 52.5687609 ], [ 13.3940371, 52.5687874 ], [ 13.3942467, 52.5689555 ], [ 13.3940389, 52.5690237 ], [ 13.3939675, 52.5688793 ], [ 13.3939351, 52.5688332 ], [ 13.3939001, 52.5688504 ], [ 13.3937448, 52.5688609 ], [ 13.3935514, 52.5688276 ], [ 13.3935136, 52.5688061 ] ] ] } },
{ "type": "Feature", "properties": { "element": "way", "id": 68611202, "name": "Botschaft des Königreichs Kambodscha", "shop": null, "amenity": null, "office": "diplomatic", "tourism": null, "leisure": null, "building": "embassy", "opening_hours": "Mo-Fr 09:00-12:30,13:30-17:00", "poi_typ": "office", "dienstag_vormittag": true }, "geometry": { "type": "Polygon", "coordinates": [ [ [ 13.405689, 52.5672678 ], [ 13.4056949, 52.567256 ], [ 13.4056494, 52.5672445 ], [ 13.4056432, 52.5672542 ], [ 13.4055736, 52.5672344 ], [ 13.4056537, 52.5671316 ], [ 13.4058446, 52.5671832 ], [ 13.4057674, 52.5672879 ], [ 13.405689, 52.5672678 ] ] ] } },
{ "type": "Feature", "properties": { "element": "way", "id": 69245890, "name": "Star Burger", "shop": null, "amenity": "fast_food", "office": null, "tourism": null, "leisure": null, "building": "yes", "opening_hours": "24/7", "poi_typ": "amenity", "dienstag_vormittag": true }, "geometry": { "type": "Polygon", "coordinates": [ [ [ 13.4303714, 52.5507424 ], [ 13.4304273, 52.5507579 ], [ 13.4304167, 52.550772 ], [ 13.4303668, 52.5507581 ], [ 13.4303348, 52.5507648 ], [ 13.4303013, 52.5507053 ], [ 13.4303452, 52.550698 ], [ 13.4303714, 52.5507424 ] ] ] } },
{ "type": "Feature", "properties": { "element": "way", "id": 78391424, "name": "ATU", "shop": "car_repair", "amenity": null, "office": null, "tourism": null, "leisure": null, "building": "yes", "opening_hours": "Mo-Fr 07:30-19:00; Sa 08:00-15:00", "poi_typ": "shop", "dienstag_vormittag": true }, "geometry": { "type": "Polygon", "coordinates": [ [ [ 13.4291376, 52.5896331 ], [ 13.4288105, 52.5895159 ], [ 13.4292166, 52.5890569 ], [ 13.4294486, 52.589133 ], [ 13.4295544, 52.5891677 ], [ 13.4295487, 52.589174 ], [ 13.4292028, 52.5895603 ], [ 13.4291376, 52.5896331 ] ] ] } },
{ "type": "Feature", "properties": { "element": "way", "id": 84792324, "name": null, "shop": null, "amenity": null, "office": null, "tourism": null, "leisure": "playground", "building": null, "opening_hours": "Mo-Su 08:00-20:00", "poi_typ": "leisure", "dienstag_vormittag": true }, "geometry": { "type": "Polygon", "coordinates": [ [ [ 13.4290995, 52.5358123 ], [ 13.4290205, 52.535727 ], [ 13.4289306, 52.5356301 ], [ 13.4292827, 52.5355087 ], [ 13.4294516, 52.5356909 ], [ 13.4293061, 52.5357411 ], [ 13.4292995, 52.5357434 ], [ 13.4292893, 52.5357469 ], [ 13.4292762, 52.5357513 ], [ 13.4292701, 52.5357534 ], [ 13.4292668, 52.5357545 ], [ 13.4292583, 52.5357575 ], [ 13.4290995, 52.5358123 ] ] ] } },
{ "type": "Feature", "properties": { "element": "way", "id": 96137634, "name": "Kindergarten Sonnenhügel", "shop": null, "amenity": "kindergarten", "office": null, "tourism": null, "leisure": null, "building": null, "opening_hours": "Mo-Fr 06:30-18:00", "poi_typ": "amenity", "dienstag_vormittag": true }, "geometry": { "type": "Polygon", "coordinates": [ [ [ 13.4402382, 52.5362667 ], [ 13.4395916, 52.5365756 ], [ 13.4393691, 52.5366823 ], [ 13.4392837, 52.5366287 ], [ 13.4385591, 52.5361863 ], [ 13.4383492, 52.5363093 ], [ 13.437941, 52.5360728 ], [ 13.4392264, 52.5354762 ], [ 13.4402382, 52.5362667 ] ] ] } },
{ "type": "Feature", "properties": { "element": "way", "id": 97207587, "name": "Ärztehaus der WBG Zentrum eG", "shop": null, "amenity": "clinic", "office": null, "tourism": null, "leisure": null, "building": "policlinic", "opening_hours": "24/7 closed", "poi_typ": "amenity", "dienstag_vormittag": true }, "geometry": { "type": "Polygon", "coordinates": [ [ [ 13.4476503, 52.5454443 ], [ 13.4476156, 52.5454113 ], [ 13.4475302, 52.5454464 ], [ 13.4476333, 52.5455428 ], [ 13.4475207, 52.5455878 ], [ 13.4473637, 52.5454429 ], [ 13.447475, 52.5453968 ], [ 13.447484, 52.5454028 ], [ 13.4475711, 52.5453679 ], [ 13.4475635, 52.5453587 ], [ 13.4478458, 52.5452483 ], [ 13.4478356, 52.5452398 ], [ 13.4478885, 52.5452183 ], [ 13.4478984, 52.5452264 ], [ 13.4480129, 52.5451807 ], [ 13.4481055, 52.5452635 ], [ 13.4476503, 52.5454443 ] ] ] } },
{ "type": "Feature", "properties": { "element": "way", "id": 99146928, "name": "Sommerbad Pankow", "shop": null, "amenity": null, "office": null, "tourism": null, "leisure": "sports_centre", "building": null, "opening_hours": "Jun-Aug Mo-Su 07:30-20:00", "poi_typ": "leisure", "dienstag_vormittag": true }, "geometry": { "type": "Polygon", "coordinates": [ [ [ 13.4151164, 52.5754904 ], [ 13.4155377, 52.5749315 ], [ 13.4148484, 52.5745093 ], [ 13.4139483, 52.5750428 ], [ 13.4128222, 52.5743498 ], [ 13.413146, 52.5738751 ], [ 13.4133219, 52.5736347 ], [ 13.4130179, 52.573508 ], [ 13.4128464, 52.5736775 ], [ 13.4125484, 52.573575 ], [ 13.4111143, 52.5759222 ], [ 13.4111234, 52.5760232 ], [ 13.4120459, 52.5763859 ], [ 13.4118878, 52.5766594 ], [ 13.4119469, 52.5767176 ], [ 13.4117247, 52.5768129 ], [ 13.411942, 52.5769433 ], [ 13.4119874, 52.5769706 ], [ 13.4118308, 52.5770753 ], [ 13.4119586, 52.5772041 ], [ 13.4122441, 52.5773593 ], [ 13.4122336, 52.5773738 ], [ 13.4123518, 52.577464 ], [ 13.4131364, 52.5777611 ], [ 13.4139222, 52.5780687 ], [ 13.4142915, 52.5781756 ], [ 13.4146097, 52.5782494 ], [ 13.4154609, 52.5765554 ], [ 13.4157535, 52.57598 ], [ 13.4148758, 52.5757347 ], [ 13.4150677, 52.5754764 ], [ 13.4151164, 52.5754904 ] ] ] } },
{ "type": "Feature", "properties": { "element": "way", "id": 102532390, "name": "Grüner Holländer", "shop": "garden_centre", "amenity": null, "office": null, "tourism": null, "leisure": null, "building": "retail", "opening_hours": "Mo-Fr 09:00-18:30; Sa 09:00-18:00; Su 10:00-15:00", "poi_typ": "shop", "dienstag_vormittag": true }, "geometry": { "type": "Polygon", "coordinates": [ [ [ 13.3774613, 52.5764327 ], [ 13.3770337, 52.5767793 ], [ 13.3767302, 52.5766393 ], [ 13.3771303, 52.5763172 ], [ 13.3772923, 52.5763569 ], [ 13.3774613, 52.5764327 ] ] ] } },
{ "type": "Feature", "properties": { "element": "way", "id": 107310998, "name": "Kita Preußstraße", "shop": null, "amenity": "kindergarten", "office": null, "tourism": null, "leisure": null, "building": null, "opening_hours": "Mo-Fr 06:00-18:00", "poi_typ": "amenity", "dienstag_vormittag": true }, "geometry": { "type": "Polygon", "coordinates": [ [ [ 13.4342532, 52.5445656 ], [ 13.4343379, 52.5445522 ], [ 13.434576, 52.544452 ], [ 13.4346096, 52.5444837 ], [ 13.4353057, 52.5441921 ], [ 13.4346831, 52.5435485 ], [ 13.4340433, 52.5437762 ], [ 13.4341125, 52.5438467 ], [ 13.434083, 52.5438963 ], [ 13.4340058, 52.5439221 ], [ 13.4339586, 52.5439388 ], [ 13.4337665, 52.5440923 ], [ 13.433731, 52.5441294 ], [ 13.4337098, 52.5441719 ], [ 13.4337055, 52.5442284 ], [ 13.4337301, 52.5443106 ], [ 13.4337594, 52.5443512 ], [ 13.4338045, 52.5443834 ], [ 13.4341017, 52.544541 ], [ 13.4341746, 52.5445628 ], [ 13.4342532, 52.5445656 ] ] ] } },
{ "type": "Feature", "properties": { "element": "way", "id": 108528854, "name": "Mauersegler", "shop": null, "amenity": "biergarten", "office": null, "tourism": null, "leisure": null, "building": null, "opening_hours": "Nov-Mar Su 10:00-19:00+; Apr-Oct Su 10:00-18:00+; Apr-Oct Mo-Fr 14:00-18:00+; Apr-Oct Sa 11:00-18:00+", "poi_typ": "amenity", "dienstag_vormittag": true }, "geometry": { "type": "Polygon", "coordinates": [ [ [ 13.4026754, 52.5407547 ], [ 13.4027028, 52.5407154 ], [ 13.4027218, 52.5406882 ], [ 13.4027687, 52.5406211 ], [ 13.4028585, 52.5404899 ], [ 13.4028714, 52.540474 ], [ 13.4029409, 52.5403891 ], [ 13.403372, 52.5405111 ], [ 13.403113, 52.5408458 ], [ 13.4029295, 52.5408058 ], [ 13.4026754, 52.5407547 ] ] ] } },
{ "type": "Feature", "properties": { "element": "way", "id": 111973609, "name": "Kfzteile24", "shop": "car_parts", "amenity": null, "office": null, "tourism": null, "leisure": null, "building": "retail", "opening_hours": "Mo-Fr 07:00-20:00; Sa 09:00-15:00", "poi_typ": "shop", "dienstag_vormittag": true }, "geometry": { "type": "Polygon", "coordinates": [ [ [ 13.4656528, 52.5649618 ], [ 13.4669785, 52.5648377 ], [ 13.4669118, 52.5645708 ], [ 13.4655857, 52.5646934 ], [ 13.4656528, 52.5649618 ] ] ] } },
{ "type": "Feature", "properties": { "element": "way", "id": 115704664, "name": "Volkspark Prenzlauer Berg", "shop": null, "amenity": null, "office": null, "tourism": null, "leisure": "park", "building": null, "opening_hours": "24/7", "poi_typ": "leisure", "dienstag_vormittag": true }, "geometry": { "type": "Polygon", "coordinates": [ [ [ 13.4619817, 52.5351984 ], [ 13.4619831, 52.5352335 ], [ 13.4619687, 52.5352588 ], [ 13.4619498, 52.5352757 ], [ 13.4619213, 52.5352916 ], [ 13.4618826, 52.5353057 ], [ 13.4584574, 52.5357779 ], [ 13.458418, 52.5357833 ], [ 13.4583026, 52.5357992 ], [ 13.4582987, 52.5358157 ], [ 13.4581872, 52.5358129 ], [ 13.4581719, 52.5358534 ], [ 13.4581137, 52.5358511 ], [ 13.458066, 52.5363092 ], [ 13.4580617, 52.5363505 ], [ 13.4580582, 52.5363843 ], [ 13.4580018, 52.5363822 ], [ 13.457848, 52.5363766 ], [ 13.4575198, 52.5363633 ], [ 13.4574969, 52.5365951 ], [ 13.4573259, 52.5366626 ], [ 13.4577423, 52.5370113 ], [ 13.4579425, 52.5371807 ], [ 13.458421, 52.5375855 ], [ 13.4579394, 52.5377977 ], [ 13.4591818, 52.5388531 ], [ 13.4593325, 52.5387947 ], [ 13.4593977, 52.5387847 ], [ 13.4594803, 52.5388003 ], [ 13.4594998, 52.5388191 ], [ 13.4595485, 52.5388014 ], [ 13.4598458, 52.539127 ], [ 13.4601471, 52.5390079 ], [ 13.4609044, 52.5387111 ], [ 13.4614437, 52.5384889 ], [ 13.4617209, 52.5383861 ], [ 13.4620358, 52.5383076 ], [ 13.4621655, 52.538281 ], [ 13.4621517, 52.5382522 ], [ 13.4621237, 52.5381835 ], [ 13.4621473, 52.5381622 ], [ 13.4626289, 52.5379933 ], [ 13.4652145, 52.5370734 ], [ 13.4652957, 52.5370495 ], [ 13.4653278, 52.5370486 ], [ 13.465338, 52.5370426 ], [ 13.4654123, 52.5370516 ], [ 13.4663546, 52.5367704 ], [ 13.4663393, 52.5367491 ], [ 13.4664327, 52.5367263 ], [ 13.4664139, 52.5366954 ], [ 13.4663816, 52.5366562 ], [ 13.4669085, 52.5364273 ], [ 13.4674035, 52.5363083 ], [ 13.4675138, 52.5362714 ], [ 13.4676199, 52.5362297 ], [ 13.4677117, 52.5361844 ], [ 13.4677551, 52.5361609 ], [ 13.4677915, 52.536135 ], [ 13.4678711, 52.5360361 ], [ 13.4679357, 52.5359559 ], [ 13.4679528, 52.5359318 ], [ 13.4680696, 52.5357677 ], [ 13.4683702, 52.5353207 ], [ 13.4686407, 52.5349025 ], [ 13.468661, 52.534871 ], [ 13.468707, 52.5347935 ], [ 13.468742, 52.5347131 ], [ 13.4686964, 52.5346935 ], [ 13.4686906, 52.534691 ], [ 13.4686946, 52.5346824 ], [ 13.4681909, 52.5344541 ], [ 13.4678917, 52.5343184 ], [ 13.4677224, 52.5342417 ], [ 13.4673609, 52.5340792 ], [ 13.4673828, 52.5340634 ], [ 13.4673095, 52.5340294 ], [ 13.4672859, 52.5340437 ], [ 13.4672468, 52.5340674 ], [ 13.4672224, 52.5340764 ], [ 13.4671969, 52.5340829 ], [ 13.4671714, 52.5340827 ], [ 13.4671502, 52.5340822 ], [ 13.4671306, 52.534078 ], [ 13.4671101, 52.5340713 ], [ 13.4670241, 52.5340328 ], [ 13.4670077, 52.5340396 ], [ 13.4669895, 52.5340436 ], [ 13.4669705, 52.5340454 ], [ 13.4669608, 52.5340552 ], [ 13.4666898, 52.5339456 ], [ 13.4664118, 52.5338332 ], [ 13.4657914, 52.5336222 ], [ 13.4651492, 52.5334097 ], [ 13.4649582, 52.533346 ], [ 13.4649298, 52.5333365 ], [ 13.4645226, 52.5332007 ], [ 13.4645399, 52.5331506 ], [ 13.4645092, 52.5331348 ], [ 13.4644837, 52.5331153 ], [ 13.4644567, 52.5330896 ], [ 13.4644403, 52.5330699 ], [ 13.4644319, 52.5330497 ], [ 13.4644284, 52.5330214 ], [ 13.4644428, 52.5329886 ], [ 13.4637175, 52.5327437 ], [ 13.4632059, 52.532572 ], [ 13.4628525, 52.5324534 ], [ 13.4626929, 52.5324992 ], [ 13.4626787, 52.532483 ], [ 13.4624287, 52.5325539 ], [ 13.4623986, 52.5326144 ], [ 13.4610732, 52.5329881 ], [ 13.4609659, 52.5330183 ], [ 13.4610109, 52.5331081 ], [ 13.4610443, 52.5331747 ], [ 13.461055, 52.5331962 ], [ 13.4613015, 52.5336878 ], [ 13.4612282, 52.5337024 ], [ 13.4619535, 52.5351425 ], [ 13.4619817, 52.5351984 ] ] ] } },
{ "type": "Feature", "properties": { "element": "way", "id": 115851794, "name": "TETEV Automobilzubehör", "shop": "car_repair", "amenity": null, "office": null, "tourism": null, "leisure": null, "building": "yes", "opening_hours": "Mo-Fr 08:00-18:00", "poi_typ": "shop", "dienstag_vormittag": true }, "geometry": { "type": "Polygon", "coordinates": [ [ [ 13.4181539, 52.5891179 ], [ 13.4182594, 52.5889483 ], [ 13.4180989, 52.5889098 ], [ 13.4179925, 52.5890817 ], [ 13.4181539, 52.5891179 ] ] ] } },
{ "type": "Feature", "properties": { "element": "way", "id": 115852626, "name": "Ingolf Faber GmbH", "shop": null, "amenity": "car_wash", "office": null, "tourism": null, "leisure": null, "building": "yes", "opening_hours": "Mo-Fr 08:00-18:00", "poi_typ": "amenity", "dienstag_vormittag": true }, "geometry": { "type": "Polygon", "coordinates": [ [ [ 13.412138, 52.587835 ], [ 13.4122188, 52.5877356 ], [ 13.4120558, 52.5876884 ], [ 13.4119524, 52.5876568 ], [ 13.4118724, 52.5877533 ], [ 13.412138, 52.587835 ] ] ] } },
{ "type": "Feature", "properties": { "element": "way", "id": 128460933, "name": "Getränke Hoffmann", "shop": "beverages", "amenity": null, "office": null, "tourism": null, "leisure": null, "building": "retail", "opening_hours": "Mo-Fr 09:00-20:00, Sa 09:00-18:00", "poi_typ": "shop", "dienstag_vormittag": true }, "geometry": { "type": "Polygon", "coordinates": [ [ [ 13.4681272, 52.522068 ], [ 13.46875, 52.5219535 ], [ 13.4688099, 52.5220736 ], [ 13.4681871, 52.5221882 ], [ 13.4681272, 52.522068 ] ] ] } },
{ "type": "Feature", "properties": { "element": "way", "id": 128506445, "name": "WGK Wintergärten Knoppe GmbH", "shop": "wintergarden", "amenity": null, "office": null, "tourism": null, "leisure": null, "building": "yes", "opening_hours": "Mo-Fr 09:00-17:00", "poi_typ": "shop", "dienstag_vormittag": true }, "geometry": { "type": "Polygon", "coordinates": [ [ [ 13.4696838, 52.6183323 ], [ 13.4695481, 52.6182075 ], [ 13.4694658, 52.6182443 ], [ 13.4695363, 52.61831 ], [ 13.4695881, 52.6183626 ], [ 13.4696838, 52.6183323 ] ] ] } },
{ "type": "Feature", "properties": { "element": "way", "id": 131630957, "name": null, "shop": null, "amenity": "parking", "office": null, "tourism": null, "leisure": null, "building": null, "opening_hours": "Mo-Su 06:45-21:45", "poi_typ": "amenity", "dienstag_vormittag": true }, "geometry": { "type": "Polygon", "coordinates": [ [ [ 13.3999125, 52.5542331 ], [ 13.4000147, 52.5542305 ], [ 13.4000137, 52.5542737 ], [ 13.4000574, 52.5542756 ], [ 13.4000962, 52.5542773 ], [ 13.4002275, 52.5542829 ], [ 13.4002234, 52.554236 ], [ 13.4003712, 52.5542301 ], [ 13.4003786, 52.5542724 ], [ 13.4005514, 52.5542598 ], [ 13.4005454, 52.5542176 ], [ 13.4007483, 52.5542051 ], [ 13.4007683, 52.5537526 ], [ 13.4006624, 52.553717 ], [ 13.4001521, 52.553711 ], [ 13.399941, 52.5537091 ], [ 13.3999154, 52.5541591 ], [ 13.3999125, 52.5542331 ] ] ] } },
{ "type": "Feature", "properties": { "element": "way", "id": 135206668, "name": "spok", "shop": null, "amenity": null, "office": null, "tourism": null, "leisure": "sports_centre", "building": null, "opening_hours": "Mo-Su 08:00-22:00", "poi_typ": "leisure", "dienstag_vormittag": true }, "geometry": { "type": "Polygon", "coordinates": [ [ [ 13.3900864, 52.5870852 ], [ 13.3911069, 52.5871935 ], [ 13.391177, 52.5872461 ], [ 13.3911357, 52.5877012 ], [ 13.3916674, 52.5877259 ], [ 13.3913602, 52.5890258 ], [ 13.3913482, 52.5890737 ], [ 13.3913064, 52.589244 ], [ 13.3912971, 52.5892818 ], [ 13.3912202, 52.589274 ], [ 13.391212, 52.5892454 ], [ 13.3895191, 52.5890352 ], [ 13.3892815, 52.5890462 ], [ 13.3892391, 52.5890366 ], [ 13.3894037, 52.5886769 ], [ 13.3896013, 52.5882482 ], [ 13.3899291, 52.5875416 ], [ 13.3899452, 52.5875442 ], [ 13.3900864, 52.5870852 ] ] ] } },
{ "type": "Feature", "properties": { "element": "way", "id": 141859644, "name": "Ramthun Polstermöbel", "shop": "furniture", "amenity": null, "office": null, "tourism": null, "leisure": null, "building": "retail", "opening_hours": "Mo-Fr 10:00-19:00; Sa 09:00-14:00", "poi_typ": "shop", "dienstag_vormittag": true }, "geometry": { "type": "Polygon", "coordinates": [ [ [ 13.4112735, 52.5690826 ], [ 13.4113424, 52.5689461 ], [ 13.4113521, 52.5689268 ], [ 13.4111556, 52.5688886 ], [ 13.411146, 52.5689081 ], [ 13.4110788, 52.569045 ], [ 13.4112735, 52.5690826 ] ] ] } },
{ "type": "Feature", "properties": { "element": "way", "id": 148007881, "name": "Boesner", "shop": "craft", "amenity": null, "office": null, "tourism": null, "leisure": null, "building": "retail", "opening_hours": "Mo-Fr 09:30-20:00; Sa 09:30-18:00", "poi_typ": "shop", "dienstag_vormittag": true }, "geometry": { "type": "Polygon", "coordinates": [ [ [ 13.4259732, 52.5328933 ], [ 13.4259607, 52.5328794 ], [ 13.4258929, 52.5329028 ], [ 13.4258199, 52.5328245 ], [ 13.4260344, 52.5327496 ], [ 13.4260929, 52.5327296 ], [ 13.4261004, 52.5327375 ], [ 13.4262053, 52.5327019 ], [ 13.4261979, 52.5326936 ], [ 13.4262742, 52.532667 ], [ 13.4264823, 52.5325957 ], [ 13.4265126, 52.5326282 ], [ 13.4265962, 52.5325993 ], [ 13.4265658, 52.5325669 ], [ 13.4267696, 52.5324967 ], [ 13.4268268, 52.5325588 ], [ 13.4266315, 52.5326258 ], [ 13.4266464, 52.5326416 ], [ 13.4265447, 52.5326768 ], [ 13.426268, 52.5327717 ], [ 13.4262698, 52.532774 ], [ 13.4260057, 52.5328647 ], [ 13.4260181, 52.532878 ], [ 13.4259732, 52.5328933 ] ] ] } },
{ "type": "Feature", "properties": { "element": "way", "id": 161236100, "name": "JOHN REED Fitness", "shop": null, "amenity": null, "office": null, "tourism": null, "leisure": "fitness_centre", "building": "yes", "opening_hours": "24/7", "poi_typ": "leisure", "dienstag_vormittag": true }, "geometry": { "type": "Polygon", "coordinates": [ [ [ 13.4161701, 52.5279552 ], [ 13.4159845, 52.5280108 ], [ 13.4160395, 52.5280773 ], [ 13.4159741, 52.5280973 ], [ 13.4159945, 52.528122 ], [ 13.4163524, 52.5285552 ], [ 13.4163855, 52.5285767 ], [ 13.4164155, 52.5285894 ], [ 13.4164436, 52.5285983 ], [ 13.416473, 52.5286004 ], [ 13.4164901, 52.5286015 ], [ 13.4165266, 52.5285963 ], [ 13.4165499, 52.5285894 ], [ 13.4165753, 52.5285773 ], [ 13.4165943, 52.5285644 ], [ 13.4166082, 52.5285465 ], [ 13.4166146, 52.5285332 ], [ 13.4166154, 52.5285102 ], [ 13.4166062, 52.5284868 ], [ 13.4165323, 52.5283981 ], [ 13.4165445, 52.5283951 ], [ 13.4164158, 52.52825 ], [ 13.4163784, 52.5282047 ], [ 13.4162489, 52.5280478 ], [ 13.4162264, 52.5280208 ], [ 13.4161701, 52.5279552 ] ] ] } },
{ "type": "Feature", "properties": { "element": "way", "id": 166157275, "name": null, "shop": null, "amenity": "parking", "office": null, "tourism": null, "leisure": null, "building": null, "opening_hours": "24/7", "poi_typ": "amenity", "dienstag_vormittag": true }, "geometry": { "type": "Polygon", "coordinates": [ [ [ 13.422402, 52.5323694 ], [ 13.4224561, 52.5323509 ], [ 13.4223767, 52.5322651 ], [ 13.4221886, 52.5323294 ], [ 13.4223409, 52.5324941 ], [ 13.4223654, 52.5324857 ], [ 13.4223906, 52.5324771 ], [ 13.4224204, 52.5324668 ], [ 13.4224747, 52.532448 ], [ 13.422402, 52.5323694 ] ] ] } },
{ "type": "Feature", "properties": { "element": "way", "id": 174303098, "name": "Montessori-Haus Pestalozzistraße", "shop": null, "amenity": "kindergarten", "office": null, "tourism": null, "leisure": null, "building": null, "opening_hours": "Mo-Fr 06:00-17:30", "poi_typ": "amenity", "dienstag_vormittag": true }, "geometry": { "type": "Polygon", "coordinates": [ [ [ 13.4050099, 52.5716035 ], [ 13.4051489, 52.5716334 ], [ 13.4057818, 52.5717698 ], [ 13.4060788, 52.5718338 ], [ 13.406097, 52.5718048 ], [ 13.4061708, 52.5716871 ], [ 13.406442, 52.5712518 ], [ 13.405939, 52.5711351 ], [ 13.4060195, 52.5710069 ], [ 13.4057257, 52.5709387 ], [ 13.4056971, 52.5709842 ], [ 13.4053723, 52.5709088 ], [ 13.4053713, 52.570968 ], [ 13.4051373, 52.5713691 ], [ 13.4050099, 52.5716035 ] ] ] } },
{ "type": "Feature", "properties": { "element": "way", "id": 174724282, "name": "Fressnapf", "shop": "pet", "amenity": null, "office": null, "tourism": null, "leisure": null, "building": "yes", "opening_hours": "Mo-Fr 09:00-20:00; Sa 09:00-18:00", "poi_typ": "shop", "dienstag_vormittag": true }, "geometry": { "type": "Polygon", "coordinates": [ [ [ 13.4294589, 52.5884801 ], [ 13.4298497, 52.5884299 ], [ 13.4297723, 52.5882084 ], [ 13.4297242, 52.5880708 ], [ 13.4293335, 52.5881206 ], [ 13.4294589, 52.5884801 ] ] ] } },
{ "type": "Feature", "properties": { "element": "way", "id": 174724424, "name": "Getränke Hoffmann", "shop": "beverages", "amenity": null, "office": null, "tourism": null, "leisure": null, "building": "yes", "opening_hours": "Mo-Fr 09:00-20:00; Sa 09:00-18:00", "poi_typ": "shop", "dienstag_vormittag": true }, "geometry": { "type": "Polygon", "coordinates": [ [ [ 13.4296556, 52.5878732 ], [ 13.4297242, 52.5880708 ], [ 13.4293335, 52.5881206 ], [ 13.4292621, 52.5879225 ], [ 13.4296556, 52.5878732 ] ] ] } },
{ "type": "Feature", "properties": { "element": "way", "id": 182973278, "name": "Imbiß Zur Haltestelle", "shop": null, "amenity": "fast_food", "office": null, "tourism": null, "leisure": null, "building": "retail", "opening_hours": "Mo-Fr 07:30-17:00", "poi_typ": "amenity", "dienstag_vormittag": true }, "geometry": { "type": "Polygon", "coordinates": [ [ [ 13.5075619, 52.6357812 ], [ 13.507616, 52.6358195 ], [ 13.5076862, 52.6357838 ], [ 13.5076352, 52.6357452 ], [ 13.5075619, 52.6357812 ] ] ] } },
{ "type": "Feature", "properties": { "element": "way", "id": 183966473, "name": null, "shop": "mall", "amenity": null, "office": null, "tourism": null, "leisure": null, "building": "retail", "opening_hours": "Mo-Fr 07:00-24:00, Sa 07:00-23:30", "poi_typ": "shop", "dienstag_vormittag": true }, "geometry": { "type": "Polygon", "coordinates": [ [ [ 13.461359, 52.5241447 ], [ 13.4611837, 52.5237848 ], [ 13.460955, 52.5238281 ], [ 13.4609128, 52.5237535 ], [ 13.4609934, 52.5237407 ], [ 13.4610281, 52.5237353 ], [ 13.4608872, 52.5234445 ], [ 13.4616682, 52.5233025 ], [ 13.4619855, 52.5232448 ], [ 13.4621598, 52.5232131 ], [ 13.4624825, 52.5231544 ], [ 13.4627049, 52.5235993 ], [ 13.4627338, 52.5236567 ], [ 13.4627919, 52.5236457 ], [ 13.462832, 52.5237244 ], [ 13.4627663, 52.5237368 ], [ 13.4627807, 52.5237654 ], [ 13.462931, 52.5237374 ], [ 13.463018, 52.5237202 ], [ 13.4630658, 52.5238202 ], [ 13.462982, 52.5238352 ], [ 13.4629878, 52.5238465 ], [ 13.4625254, 52.523956 ], [ 13.4622991, 52.5240097 ], [ 13.4619418, 52.5240943 ], [ 13.461702, 52.5241511 ], [ 13.4616627, 52.5240893 ], [ 13.461359, 52.5241447 ] ] ] } },
{ "type": "Feature", "properties": { "element": "way", "id": 184571231, "name": "Das Pfeffer", "shop": null, "amenity": "restaurant", "office": null, "tourism": null, "leisure": null, "building": "commercial", "opening_hours": "Mo-Fr 11:30-14:00; Sa,Su off", "poi_typ": "amenity", "dienstag_vormittag": true }, "geometry": { "type": "Polygon", "coordinates": [ [ [ 13.4111086, 52.5321653 ], [ 13.4109863, 52.532032 ], [ 13.4108835, 52.5319176 ], [ 13.4110714, 52.5318562 ], [ 13.4111688, 52.5319654 ], [ 13.4112843, 52.5320947 ], [ 13.4112919, 52.5321034 ], [ 13.4111736, 52.5321416 ], [ 13.4111352, 52.5321542 ], [ 13.41113, 52.5321567 ], [ 13.4111086, 52.5321653 ] ] ] } },
{ "type": "Feature", "properties": { "element": "way", "id": 190274684, "name": "Leisepark", "shop": null, "amenity": null, "office": null, "tourism": null, "leisure": "park", "building": null, "opening_hours": "Mar-Oct: Mo-Su 08:00-20:00; Nov-Feb: Mo-Su 08:00-17:00", "poi_typ": "leisure", "dienstag_vormittag": true }, "geometry": { "type": "Polygon", "coordinates": [ [ [ 13.4212325, 52.5298177 ], [ 13.4204266, 52.5301171 ], [ 13.4203632, 52.5301419 ], [ 13.4196583, 52.5304182 ], [ 13.4199364, 52.5306869 ], [ 13.4199828, 52.5307412 ], [ 13.420339, 52.5310973 ], [ 13.4203976, 52.5311646 ], [ 13.4204927, 52.5312586 ], [ 13.4205907, 52.5313619 ], [ 13.4214064, 52.5310682 ], [ 13.4222257, 52.5307749 ], [ 13.4212325, 52.5298177 ] ] ] } },
{ "type": "Feature", "properties": { "element": "way", "id": 195011998, "name": "COSY-WASCH", "shop": null, "amenity": "car_wash", "office": null, "tourism": null, "leisure": null, "building": "commercial", "opening_hours": "Mo-Su,PH 07:00-22:00", "poi_typ": "amenity", "dienstag_vormittag": true }, "geometry": { "type": "Polygon", "coordinates": [ [ [ 13.4301547, 52.5729658 ], [ 13.4303971, 52.5728886 ], [ 13.4299995, 52.5724304 ], [ 13.4297553, 52.5725096 ], [ 13.4297827, 52.5725409 ], [ 13.4301316, 52.5729391 ], [ 13.4301547, 52.5729658 ] ] ] } },
{ "type": "Feature", "properties": { "element": "way", "id": 195012001, "name": "Eichmann's Autodienst", "shop": "car_repair", "amenity": null, "office": null, "tourism": null, "leisure": null, "building": "commercial", "opening_hours": "Mo-Fr 07:00-18:00", "poi_typ": "shop", "dienstag_vormittag": true }, "geometry": { "type": "Polygon", "coordinates": [ [ [ 13.4294912, 52.5727566 ], [ 13.4296391, 52.5727087 ], [ 13.4295267, 52.5725793 ], [ 13.4293781, 52.5726261 ], [ 13.4294912, 52.5727566 ] ] ] } },
{ "type": "Feature", "properties": { "element": "way", "id": 195012007, "name": "Berliner Fischmarkt", "shop": "seafood", "amenity": null, "office": null, "tourism": null, "leisure": null, "building": "yes", "opening_hours": "Mo-Fr 08:00-19:00; Sa 08:00-14:00", "poi_typ": "shop", "dienstag_vormittag": true }, "geometry": { "type": "Polygon", "coordinates": [ [ [ 13.4313558, 52.572382 ], [ 13.4316127, 52.5722993 ], [ 13.431217, 52.5718405 ], [ 13.4309551, 52.5719247 ], [ 13.4313558, 52.572382 ] ] ] } },
{ "type": "Feature", "properties": { "element": "way", "id": 199997337, "name": "Dürkop-Autohaus", "shop": "car", "amenity": null, "office": null, "tourism": null, "leisure": null, "building": "commercial", "opening_hours": "Mo-Fr 09:00-18:00; Sa 09:00-13:00", "poi_typ": "shop", "dienstag_vormittag": true }, "geometry": { "type": "Polygon", "coordinates": [ [ [ 13.4330404, 52.5510304 ], [ 13.4329858, 52.5508856 ], [ 13.4337259, 52.5507825 ], [ 13.4337805, 52.5509273 ], [ 13.4330404, 52.5510304 ] ] ] } },
{ "type": "Feature", "properties": { "element": "way", "id": 222031064, "name": "Blumen Müller", "shop": "garden_centre", "amenity": null, "office": null, "tourism": null, "leisure": null, "building": "greenhouse", "opening_hours": "Mo-Fr 08:00-19:00; Sa 08:00-17:30; PH,Su 08:00-16:00", "poi_typ": "shop", "dienstag_vormittag": true }, "geometry": { "type": "Polygon", "coordinates": [ [ [ 13.4285811, 52.6067401 ], [ 13.4288064, 52.6069062 ], [ 13.4277603, 52.6074079 ], [ 13.4275833, 52.6072776 ], [ 13.4276637, 52.6072352 ], [ 13.4276155, 52.6071961 ], [ 13.4285811, 52.6067401 ] ] ] } },
{ "type": "Feature", "properties": { "element": "way", "id": 222568148, "name": "Spielplatz Uhlandstraße/Waldstraße", "shop": null, "amenity": null, "office": null, "tourism": null, "leisure": "playground", "building": null, "opening_hours": "Mo-Su 08:00-20:00", "poi_typ": "leisure", "dienstag_vormittag": true }, "geometry": { "type": "Polygon", "coordinates": [ [ [ 13.3978147, 52.5872448 ], [ 13.3971452, 52.5871809 ], [ 13.3972492, 52.5869542 ], [ 13.3976349, 52.5869936 ], [ 13.3978739, 52.5870184 ], [ 13.3978147, 52.5872448 ] ] ] } },
{ "type": "Feature", "properties": { "element": "way", "id": 222846870, "name": "Bäckerei & Cafe Märkisch Edel", "shop": "bakery", "amenity": null, "office": null, "tourism": null, "leisure": null, "building": "retail", "opening_hours": "Mo-Fr 07:00-18:00; Sa 07:00-14:00", "poi_typ": "shop", "dienstag_vormittag": true }, "geometry": { "type": "Polygon", "coordinates": [ [ [ 13.471289, 52.6163169 ], [ 13.4713833, 52.6162745 ], [ 13.4715465, 52.6164084 ], [ 13.4714522, 52.6164508 ], [ 13.471289, 52.6163169 ] ] ] } },
{ "type": "Feature", "properties": { "element": "way", "id": 224172364, "name": "LEX", "shop": "car_repair", "amenity": null, "office": null, "tourism": null, "leisure": null, "building": "commercial", "opening_hours": "Mo-Fr 06:00-19:00", "poi_typ": "shop", "dienstag_vormittag": true }, "geometry": { "type": "Polygon", "coordinates": [ [ [ 13.4293646, 52.5588839 ], [ 13.4293309, 52.558905 ], [ 13.4293648, 52.5589339 ], [ 13.429343, 52.5589426 ], [ 13.4293139, 52.5589513 ], [ 13.4293195, 52.5589601 ], [ 13.4292725, 52.558968 ], [ 13.4292237, 52.5589701 ], [ 13.4291753, 52.5589662 ], [ 13.4291291, 52.5589564 ], [ 13.4290872, 52.5589411 ], [ 13.4290512, 52.558921 ], [ 13.4290226, 52.5588968 ], [ 13.4290026, 52.5588696 ], [ 13.4289919, 52.5588406 ], [ 13.429066, 52.5588351 ], [ 13.4290656, 52.5588152 ], [ 13.4290716, 52.5587956 ], [ 13.4290837, 52.5587772 ], [ 13.4291015, 52.5587605 ], [ 13.4291243, 52.5587463 ], [ 13.4291512, 52.5587351 ], [ 13.4291812, 52.5587273 ], [ 13.4292131, 52.5587232 ], [ 13.4292457, 52.5587231 ], [ 13.4292778, 52.5587268 ], [ 13.429308, 52.5587343 ], [ 13.4293352, 52.5587453 ], [ 13.4293584, 52.5587593 ], [ 13.4293766, 52.5587758 ], [ 13.4293893, 52.5587941 ], [ 13.4298659, 52.5588429 ], [ 13.4298411, 52.5589326 ], [ 13.4293646, 52.5588839 ] ] ] } },
{ "type": "Feature", "properties": { "element": "way", "id": 225096721, "name": "Agip", "shop": null, "amenity": "fuel", "office": null, "tourism": null, "leisure": null, "building": "yes", "opening_hours": "24/7", "poi_typ": "amenity", "dienstag_vormittag": true }, "geometry": { "type": "Polygon", "coordinates": [ [ [ 13.4025295, 52.5944886 ], [ 13.4025323, 52.5945536 ], [ 13.4023697, 52.5945561 ], [ 13.4023595, 52.5943172 ], [ 13.4025196, 52.5943147 ], [ 13.4025295, 52.5944886 ] ] ] } },
{ "type": "Feature", "properties": { "element": "way", "id": 233994267, "name": "Mauerpark", "shop": null, "amenity": null, "office": null, "tourism": null, "leisure": "park", "building": null, "opening_hours": "24/7", "poi_typ": "leisure", "dienstag_vormittag": true }, "geometry": { "type": "Polygon", "coordinates": [ [ [ 13.4014025, 52.5464678 ], [ 13.4014422, 52.5463838 ], [ 13.40154, 52.5461797 ], [ 13.4015495, 52.5461602 ], [ 13.4016373, 52.5459794 ], [ 13.4016618, 52.5459289 ], [ 13.4019477, 52.5453401 ], [ 13.4020102, 52.545216 ], [ 13.4020669, 52.5450981 ], [ 13.4020859, 52.5450597 ], [ 13.4021263, 52.5449757 ], [ 13.4021925, 52.5448698 ], [ 13.4024515, 52.5449167 ], [ 13.4024684, 52.5448802 ], [ 13.4026408, 52.5445376 ], [ 13.4026006, 52.5445287 ], [ 13.4029043, 52.5439265 ], [ 13.4032203, 52.543986 ], [ 13.4035893, 52.5440554 ], [ 13.4036535, 52.5439113 ], [ 13.4037127, 52.5437769 ], [ 13.4036951, 52.5436552 ], [ 13.403739, 52.5435648 ], [ 13.4036793, 52.5435053 ], [ 13.4044164, 52.5420562 ], [ 13.4044335, 52.5420508 ], [ 13.4045141, 52.5420252 ], [ 13.4051041, 52.541742 ], [ 13.4052205, 52.5416805 ], [ 13.4052482, 52.5413645 ], [ 13.4050997, 52.5413108 ], [ 13.4050487, 52.5412808 ], [ 13.4050064, 52.5412471 ], [ 13.4049588, 52.5411749 ], [ 13.4049443, 52.5411395 ], [ 13.4049372, 52.5410599 ], [ 13.4049441, 52.5410094 ], [ 13.4049588, 52.5409712 ], [ 13.4050329, 52.5408967 ], [ 13.4048449, 52.5408706 ], [ 13.4045415, 52.5408144 ], [ 13.4044701, 52.5408006 ], [ 13.4043612, 52.5407791 ], [ 13.40425, 52.5407531 ], [ 13.4040191, 52.5406918 ], [ 13.4034005, 52.5405156 ], [ 13.4029409, 52.5403891 ], [ 13.4029077, 52.540379 ], [ 13.4025549, 52.540277 ], [ 13.4024478, 52.540246 ], [ 13.4022381, 52.5401904 ], [ 13.4020944, 52.5401533 ], [ 13.4020264, 52.5401357 ], [ 13.4017979, 52.5405112 ], [ 13.4014396, 52.5411159 ], [ 13.4009975, 52.5418262 ], [ 13.4007192, 52.5424224 ], [ 13.4002985, 52.5432688 ], [ 13.4002736, 52.5433213 ], [ 13.4002485, 52.5433743 ], [ 13.3999745, 52.5444504 ], [ 13.3999441, 52.5445957 ], [ 13.399896, 52.5447561 ], [ 13.3998854, 52.5447922 ], [ 13.3998325, 52.5449599 ], [ 13.3998191, 52.5450051 ], [ 13.3996819, 52.5454425 ], [ 13.3996766, 52.545455 ], [ 13.3994929, 52.545883 ], [ 13.3993003, 52.5462998 ], [ 13.3994325, 52.5463166 ], [ 13.3995228, 52.546328 ], [ 13.4003719, 52.5464056 ], [ 13.4006006, 52.5464317 ], [ 13.4005831, 52.5465002 ], [ 13.400565, 52.546501 ], [ 13.4004495, 52.5466788 ], [ 13.4002963, 52.5466615 ], [ 13.4002585, 52.5467544 ], [ 13.4000242, 52.5473304 ], [ 13.4007866, 52.5474008 ], [ 13.4008028, 52.547353 ], [ 13.4010122, 52.5467366 ], [ 13.4004949, 52.5466861 ], [ 13.4005885, 52.546521 ], [ 13.4006096, 52.5465075 ], [ 13.4006284, 52.5464808 ], [ 13.4006443, 52.5464366 ], [ 13.4011815, 52.5464485 ], [ 13.4014025, 52.5464678 ] ] ] } },
{ "type": "Feature", "properties": { "element": "way", "id": 234871603, "name": "Gutzmann Autowerkstatt", "shop": "car_repair", "amenity": null, "office": null, "tourism": null, "leisure": null, "building": "yes", "opening_hours": "Mo-Fr 08:00-18:00", "poi_typ": "shop", "dienstag_vormittag": true }, "geometry": { "type": "Polygon", "coordinates": [ [ [ 13.4285038, 52.5885933 ], [ 13.4286225, 52.5885099 ], [ 13.4284234, 52.5884055 ], [ 13.4285207, 52.5883373 ], [ 13.4284011, 52.5882763 ], [ 13.4281881, 52.5884271 ], [ 13.4285038, 52.5885933 ] ] ] } },
{ "type": "Feature", "properties": { "element": "way", "id": 234982864, "name": "Brotschmiede", "shop": "bakery", "amenity": null, "office": null, "tourism": null, "leisure": null, "building": "commercial", "opening_hours": "Mo-Fr 07:00-18:00; Sa 07:00-11:00", "poi_typ": "shop", "dienstag_vormittag": true }, "geometry": { "type": "Polygon", "coordinates": [ [ [ 13.437756, 52.5727728 ], [ 13.4377604, 52.5727331 ], [ 13.4378371, 52.5727362 ], [ 13.4378328, 52.5727759 ], [ 13.437756, 52.5727728 ] ] ] } },
{ "type": "Feature", "properties": { "element": "way", "id": 238609832, "name": "Kindergarten Schützenstraße", "shop": null, "amenity": "kindergarten", "office": null, "tourism": null, "leisure": null, "building": null, "opening_hours": "Mo-Fr 06:00-17:30", "poi_typ": "amenity", "dienstag_vormittag": true }, "geometry": { "type": "Polygon", "coordinates": [ [ [ 13.4253376, 52.612026 ], [ 13.4250704, 52.6121552 ], [ 13.4250513, 52.6121644 ], [ 13.4252856, 52.6127081 ], [ 13.4258627, 52.6124269 ], [ 13.4253376, 52.612026 ] ] ] } },
{ "type": "Feature", "properties": { "element": "way", "id": 239488674, "name": "Tierkrematorium Portaleum", "shop": null, "amenity": "crematorium", "office": null, "tourism": null, "leisure": null, "building": "commercial", "opening_hours": "Mo-Fr 08:00-19:00", "poi_typ": "amenity", "dienstag_vormittag": true }, "geometry": { "type": "Polygon", "coordinates": [ [ [ 13.4386033, 52.6354235 ], [ 13.438488, 52.6352907 ], [ 13.438775, 52.6351979 ], [ 13.4388221, 52.6352536 ], [ 13.4389021, 52.6352236 ], [ 13.4389921, 52.6353278 ], [ 13.4386974, 52.6354206 ], [ 13.4386841, 52.6354002 ], [ 13.4386033, 52.6354235 ] ] ] } },
{ "type": "Feature", "properties": { "element": "way", "id": 243113963, "name": "Shell", "shop": null, "amenity": "fuel", "office": null, "tourism": null, "leisure": null, "building": "yes", "opening_hours": "24/7", "poi_typ": "amenity", "dienstag_vormittag": true }, "geometry": { "type": "Polygon", "coordinates": [ [ [ 13.4208156, 52.5728531 ], [ 13.4209653, 52.5728813 ], [ 13.4209842, 52.5728851 ], [ 13.4210385, 52.5727797 ], [ 13.4210732, 52.5727118 ], [ 13.4209535, 52.5726881 ], [ 13.4209208, 52.5727619 ], [ 13.4208533, 52.572751 ], [ 13.4208156, 52.5728531 ] ] ] } },
{ "type": "Feature", "properties": { "element": "way", "id": 247398123, "name": null, "shop": null, "amenity": "parking", "office": null, "tourism": null, "leisure": null, "building": null, "opening_hours": "Mo-Fr 08:00-18:00; Sa 09:00-12:00", "poi_typ": "amenity", "dienstag_vormittag": true }, "geometry": { "type": "Polygon", "coordinates": [ [ [ 13.4122292, 52.5690096 ], [ 13.4121066, 52.5692445 ], [ 13.4120886, 52.5692775 ], [ 13.4119559, 52.5695215 ], [ 13.4116213, 52.5694566 ], [ 13.4117593, 52.5691824 ], [ 13.4118791, 52.5689444 ], [ 13.4122292, 52.5690096 ] ] ] } },
{ "type": "Feature", "properties": { "element": "way", "id": 247520613, "name": "Warenschleuder", "shop": "department_store", "amenity": null, "office": null, "tourism": null, "leisure": null, "building": "retail", "opening_hours": "Mo-Fr 09:00-18:00; Sa 09:00-16:00; PH,Su off", "poi_typ": "shop", "dienstag_vormittag": true }, "geometry": { "type": "Polygon", "coordinates": [ [ [ 13.4636427, 52.5984236 ], [ 13.4638648, 52.598399 ], [ 13.4640826, 52.5983748 ], [ 13.464055, 52.5982855 ], [ 13.4639163, 52.5978371 ], [ 13.4634818, 52.5978795 ], [ 13.4636427, 52.5984236 ] ] ] } },
{ "type": "Feature", "properties": { "element": "way", "id": 251599204, "name": "HEM", "shop": null, "amenity": "fuel", "office": null, "tourism": null, "leisure": null, "building": "commercial", "opening_hours": "Mo-Su,PH 05:00-23:00", "poi_typ": "amenity", "dienstag_vormittag": true }, "geometry": { "type": "Polygon", "coordinates": [ [ [ 13.4490705, 52.5648732 ], [ 13.448791, 52.5649083 ], [ 13.4487372, 52.5649151 ], [ 13.4487162, 52.5648513 ], [ 13.4486452, 52.5648599 ], [ 13.4486989, 52.5650206 ], [ 13.4488386, 52.5650022 ], [ 13.4488482, 52.5650336 ], [ 13.448973, 52.5650191 ], [ 13.4489638, 52.5649869 ], [ 13.4490331, 52.5649782 ], [ 13.4490227, 52.5649458 ], [ 13.4490917, 52.5649384 ], [ 13.4490705, 52.5648732 ] ] ] } },
{ "type": "Feature", "properties": { "element": "way", "id": 251599207, "name": "pitstop", "shop": "car_repair", "amenity": null, "office": null, "tourism": null, "leisure": null, "building": "industrial", "opening_hours": "Mo-Fr 08:00-17:00; Sa 08:00-13:00", "poi_typ": "shop", "dienstag_vormittag": true }, "geometry": { "type": "Polygon", "coordinates": [ [ [ 13.4480544, 52.5649449 ], [ 13.4483616, 52.5649053 ], [ 13.4483274, 52.5648094 ], [ 13.4480125, 52.5648512 ], [ 13.4479441, 52.5649578 ], [ 13.4480693, 52.5649888 ], [ 13.4480544, 52.5649449 ] ] ] } },
{ "type": "Feature", "properties": { "element": "way", "id": 251630438, "name": "McFit", "shop": null, "amenity": null, "office": null, "tourism": null, "leisure": "fitness_centre", "building": "commercial", "opening_hours": "Mo-Su,PH 00:00-24:00,00:00-24:00+", "poi_typ": "leisure", "dienstag_vormittag": true }, "geometry": { "type": "Polygon", "coordinates": [ [ [ 13.4439147, 52.5656735 ], [ 13.4439017, 52.5655946 ], [ 13.4437532, 52.5656155 ], [ 13.443693, 52.565457 ], [ 13.4443, 52.565371 ], [ 13.4443547, 52.5655119 ], [ 13.4443577, 52.5655116 ], [ 13.4443822, 52.5657435 ], [ 13.4441227, 52.5657544 ], [ 13.4440995, 52.5655484 ], [ 13.4440302, 52.5655581 ], [ 13.4440479, 52.5656648 ], [ 13.4439147, 52.5656735 ] ] ] } },
{ "type": "Feature", "properties": { "element": "way", "id": 251691357, "name": "Blumen am Segensfriedhof", "shop": "florist", "amenity": null, "office": null, "tourism": null, "leisure": null, "building": "retail", "opening_hours": "Mo-Fr 08:00-17:00; Sa,Su 09:00-15:00", "poi_typ": "shop", "dienstag_vormittag": true }, "geometry": { "type": "Polygon", "coordinates": [ [ [ 13.4500633, 52.5602056 ], [ 13.4500867, 52.5601856 ], [ 13.4501066, 52.5601688 ], [ 13.4502471, 52.5602308 ], [ 13.4502041, 52.5602669 ], [ 13.4500633, 52.5602056 ] ] ] } },
{ "type": "Feature", "properties": { "element": "way", "id": 252249609, "name": "Bear-Lock", "shop": "security", "amenity": null, "office": null, "tourism": null, "leisure": null, "building": "retail", "opening_hours": "Mo-Fr 08:00-16:00", "poi_typ": "shop", "dienstag_vormittag": true }, "geometry": { "type": "Polygon", "coordinates": [ [ [ 13.4403998, 52.5680182 ], [ 13.4404204, 52.5679892 ], [ 13.4403785, 52.5679781 ], [ 13.4404588, 52.5678664 ], [ 13.4403386, 52.5678277 ], [ 13.4403762, 52.5677843 ], [ 13.4404071, 52.5677485 ], [ 13.4405178, 52.5677841 ], [ 13.4405422, 52.5677562 ], [ 13.4406533, 52.5677919 ], [ 13.4405602, 52.5678997 ], [ 13.4404632, 52.5680348 ], [ 13.4403998, 52.5680182 ] ] ] } },
{ "type": "Feature", "properties": { "element": "way", "id": 252359526, "name": "Takko Fashion", "shop": "clothes", "amenity": null, "office": null, "tourism": null, "leisure": null, "building": "retail", "opening_hours": "Mo-Fr 09:00-20:00; Sa 09:00-18:00", "poi_typ": "shop", "dienstag_vormittag": true }, "geometry": { "type": "Polygon", "coordinates": [ [ [ 13.4429354, 52.5641043 ], [ 13.4433836, 52.564123 ], [ 13.4433663, 52.5642698 ], [ 13.4433633, 52.5642985 ], [ 13.4429153, 52.5642796 ], [ 13.4429354, 52.5641043 ] ] ] } },
{ "type": "Feature", "properties": { "element": "way", "id": 252359528, "name": "Siemes Schuhcenter", "shop": "shoes", "amenity": null, "office": null, "tourism": null, "leisure": null, "building": "retail", "opening_hours": "Mo-Fr 09:00-20:00; Sa 09:00-18:00", "poi_typ": "shop", "dienstag_vormittag": true }, "geometry": { "type": "Polygon", "coordinates": [ [ [ 13.4428213, 52.5651027 ], [ 13.4429459, 52.5651081 ], [ 13.4432687, 52.5651221 ], [ 13.4432971, 52.564883 ], [ 13.4433164, 52.5647093 ], [ 13.4428684, 52.5646904 ], [ 13.4428213, 52.5651027 ] ] ] } },
{ "type": "Feature", "properties": { "element": "way", "id": 252360338, "name": "TEDi", "shop": "variety_store", "amenity": null, "office": null, "tourism": null, "leisure": null, "building": "retail", "opening_hours": "Mo-Fr 09:00-20:00; Sa 09:00-18:00", "poi_typ": "shop", "dienstag_vormittag": true }, "geometry": { "type": "Polygon", "coordinates": [ [ [ 13.443532, 52.5641294 ], [ 13.4435561, 52.5639185 ], [ 13.4438007, 52.5639288 ], [ 13.4437766, 52.5641398 ], [ 13.4436917, 52.5641364 ], [ 13.443532, 52.5641294 ] ] ] } },
{ "type": "Feature", "properties": { "element": "way", "id": 252360340, "name": "Fressnapf", "shop": "pet", "amenity": null, "office": null, "tourism": null, "leisure": null, "building": "retail", "opening_hours": "Mo-Fr 09:00-20:00; Sa 09:00-18:00", "poi_typ": "shop", "dienstag_vormittag": true }, "geometry": { "type": "Polygon", "coordinates": [ [ [ 13.4429354, 52.5641043 ], [ 13.4433836, 52.564123 ], [ 13.443532, 52.5641294 ], [ 13.4435561, 52.5639185 ], [ 13.4430921, 52.5638989 ], [ 13.443097, 52.5638561 ], [ 13.4430326, 52.5638533 ], [ 13.4430278, 52.5638958 ], [ 13.4429595, 52.5638929 ], [ 13.4429354, 52.5641043 ] ] ] } },
{ "type": "Feature", "properties": { "element": "way", "id": 257171321, "name": "Renault", "shop": "car", "amenity": null, "office": null, "tourism": null, "leisure": null, "building": "industrial", "opening_hours": "Mo-Fr 07:00-19:00; Sa 09:00-14:00", "poi_typ": "shop", "dienstag_vormittag": true }, "geometry": { "type": "Polygon", "coordinates": [ [ [ 13.4181692, 52.5849158 ], [ 13.4187098, 52.5850809 ], [ 13.4188456, 52.5849154 ], [ 13.4189761, 52.5849553 ], [ 13.4190483, 52.584867 ], [ 13.4189167, 52.5848271 ], [ 13.4190126, 52.5847104 ], [ 13.4189808, 52.5846459 ], [ 13.4185773, 52.5845235 ], [ 13.4184746, 52.5845448 ], [ 13.4181692, 52.5849158 ] ] ] } },
{ "type": "Feature", "properties": { "element": "way", "id": 259589153, "name": "G. Appetit Deutsch und Asia", "shop": null, "amenity": "fast_food", "office": null, "tourism": null, "leisure": null, "building": "yes", "opening_hours": "Sa,Su 11:00-21:30; Mo-Fr 09:30-21:30", "poi_typ": "amenity", "dienstag_vormittag": true }, "geometry": { "type": "Polygon", "coordinates": [ [ [ 13.4465843, 52.5651103 ], [ 13.4467468, 52.565088 ], [ 13.4467553, 52.5650868 ], [ 13.4467274, 52.5650095 ], [ 13.4465564, 52.5650345 ], [ 13.4465843, 52.5651103 ] ] ] } },
{ "type": "Feature", "properties": { "element": "way", "id": 288125111, "name": "Hornbach", "shop": "doityourself", "amenity": null, "office": null, "tourism": null, "leisure": null, "building": null, "opening_hours": "Mo-Fr 07:00-20:00; Sa 08:00-20:00", "poi_typ": "shop", "dienstag_vormittag": true }, "geometry": { "type": "Polygon", "coordinates": [ [ [ 13.4762043, 52.5657999 ], [ 13.4762905, 52.566112 ], [ 13.4755391, 52.5661934 ], [ 13.4755544, 52.566237 ], [ 13.4731229, 52.5664838 ], [ 13.4723724, 52.5661833 ], [ 13.472317, 52.5659366 ], [ 13.4723956, 52.5658683 ], [ 13.4754924, 52.5655476 ], [ 13.4755696, 52.5658584 ], [ 13.4762043, 52.5657999 ] ] ] } },
{ "type": "Feature", "properties": { "element": "way", "id": 288280972, "name": "XXXL Die Schmiede", "shop": null, "amenity": null, "office": null, "tourism": null, "leisure": "sports_centre", "building": "commercial", "opening_hours": "Mo-Fr 09:00-22:00; Sa 09:00-17:00", "poi_typ": "leisure", "dienstag_vormittag": true }, "geometry": { "type": "Polygon", "coordinates": [ [ [ 13.4435134, 52.5507406 ], [ 13.4434639, 52.5506821 ], [ 13.4436639, 52.550619 ], [ 13.4437133, 52.5506774 ], [ 13.4435134, 52.5507406 ] ] ] } },
{ "type": "Feature", "properties": { "element": "way", "id": 289896587, "name": "Autowäsche", "shop": null, "amenity": "car_wash", "office": null, "tourism": null, "leisure": null, "building": "yes", "opening_hours": "PH,Mo-Su 00:00-24:00+", "poi_typ": "amenity", "dienstag_vormittag": true }, "geometry": { "type": "Polygon", "coordinates": [ [ [ 13.4425371, 52.5714499 ], [ 13.4424722, 52.5713477 ], [ 13.4425192, 52.5713367 ], [ 13.4425704, 52.5713247 ], [ 13.4426353, 52.5714268 ], [ 13.4425841, 52.5714388 ], [ 13.4425371, 52.5714499 ] ] ] } },
{ "type": "Feature", "properties": { "element": "way", "id": 292798269, "name": "Nexterio Outlet", "shop": "doityourself", "amenity": null, "office": null, "tourism": null, "leisure": null, "building": "retail", "opening_hours": "Mo-Fr 07:00-19:00; Sa 09:00-14:00", "poi_typ": "shop", "dienstag_vormittag": true }, "geometry": { "type": "Polygon", "coordinates": [ [ [ 13.4292028, 52.5895603 ], [ 13.4295487, 52.589174 ], [ 13.4297442, 52.5892398 ], [ 13.4298701, 52.5892822 ], [ 13.4295285, 52.5896677 ], [ 13.4292028, 52.5895603 ] ] ] } },
{ "type": "Feature", "properties": { "element": "way", "id": 292808836, "name": "Blumenhaus Nordend Vergissmeinnicht", "shop": "florist", "amenity": null, "office": null, "tourism": null, "leisure": null, "building": "retail", "opening_hours": "Mo-Fr 08:00-18:00; Sa 08:00-13:00", "poi_typ": "shop", "dienstag_vormittag": true }, "geometry": { "type": "Polygon", "coordinates": [ [ [ 13.4028308, 52.5924716 ], [ 13.4030287, 52.5925091 ], [ 13.4029979, 52.5925689 ], [ 13.4027979, 52.5925295 ], [ 13.4028308, 52.5924716 ] ] ] } },
{ "type": "Feature", "properties": { "element": "way", "id": 293432733, "name": "Berliner Toilette", "shop": null, "amenity": "toilets", "office": null, "tourism": null, "leisure": null, "building": "yes", "opening_hours": "24/7", "poi_typ": "amenity", "dienstag_vormittag": true }, "geometry": { "type": "Polygon", "coordinates": [ [ [ 13.4273098, 52.545885 ], [ 13.4273656, 52.5458604 ], [ 13.427355, 52.5458516 ], [ 13.4273448, 52.5458429 ], [ 13.427289, 52.5458676 ], [ 13.4272995, 52.5458764 ], [ 13.4273098, 52.545885 ] ] ] } },
{ "type": "Feature", "properties": { "element": "way", "id": 303606476, "name": "Fitness Galerie Karow", "shop": null, "amenity": null, "office": null, "tourism": null, "leisure": "fitness_centre", "building": "yes", "opening_hours": "Mo-Fr 08:00-24:00; Sa,Su,PH 08:00-12:00,16:00-20:00", "poi_typ": "leisure", "dienstag_vormittag": true }, "geometry": { "type": "Polygon", "coordinates": [ [ [ 13.474176, 52.6182324 ], [ 13.4741298, 52.6181884 ], [ 13.4740997, 52.6182001 ], [ 13.4740592, 52.6181642 ], [ 13.4739826, 52.6181535 ], [ 13.473915, 52.6181819 ], [ 13.4738575, 52.6181272 ], [ 13.4739718, 52.6180829 ], [ 13.4738638, 52.6179802 ], [ 13.4737134, 52.6180385 ], [ 13.4737678, 52.6180903 ], [ 13.4737047, 52.6181148 ], [ 13.4736397, 52.6180531 ], [ 13.4734929, 52.61811 ], [ 13.4736052, 52.6182168 ], [ 13.473752, 52.6181598 ], [ 13.473741, 52.6181493 ], [ 13.4738004, 52.6181263 ], [ 13.4738599, 52.6181828 ], [ 13.4737215, 52.6182365 ], [ 13.4737633, 52.6182762 ], [ 13.4737261, 52.6182906 ], [ 13.4737918, 52.6183531 ], [ 13.4738985, 52.6183117 ], [ 13.4739636, 52.6183736 ], [ 13.4741444, 52.6183046 ], [ 13.4741575, 52.6182621 ], [ 13.4741405, 52.6182481 ], [ 13.474176, 52.6182324 ] ] ] } },
{ "type": "Feature", "properties": { "element": "way", "id": 306713740, "name": "Villa Seegarten", "shop": null, "amenity": "kindergarten", "office": null, "tourism": null, "leisure": null, "building": null, "opening_hours": "Mo-Fr 06:30-17:30", "poi_typ": "amenity", "dienstag_vormittag": true }, "geometry": { "type": "Polygon", "coordinates": [ [ [ 13.4646018, 52.5569647 ], [ 13.4649791, 52.55697 ], [ 13.4650647, 52.5569703 ], [ 13.4650797, 52.5566313 ], [ 13.4650854, 52.556504 ], [ 13.4650862, 52.5564473 ], [ 13.4649614, 52.5560187 ], [ 13.4646433, 52.5560308 ], [ 13.4646174, 52.5565847 ], [ 13.464616, 52.5566195 ], [ 13.4646018, 52.5569647 ] ] ] } },
{ "type": "Feature", "properties": { "element": "way", "id": 331866637, "name": "Kita am Schlosspark", "shop": null, "amenity": "kindergarten", "office": null, "tourism": null, "leisure": null, "building": null, "opening_hours": "Mo-Fr 06:00-18:00", "poi_typ": "amenity", "dienstag_vormittag": true }, "geometry": { "type": "Polygon", "coordinates": [ [ [ 13.400803, 52.5774135 ], [ 13.4005619, 52.5783882 ], [ 13.4015411, 52.5784789 ], [ 13.4019207, 52.5776384 ], [ 13.4013872, 52.5775311 ], [ 13.4008953, 52.5774321 ], [ 13.400803, 52.5774135 ] ] ] } },
{ "type": "Feature", "properties": { "element": "way", "id": 353507348, "name": "Berliner Toilette", "shop": null, "amenity": "toilets", "office": null, "tourism": null, "leisure": null, "building": "toilets", "opening_hours": "24/7", "poi_typ": "amenity", "dienstag_vormittag": true }, "geometry": { "type": "Polygon", "coordinates": [ [ [ 13.4072916, 52.5702897 ], [ 13.407379, 52.5703109 ], [ 13.4073946, 52.5702871 ], [ 13.4073073, 52.5702659 ], [ 13.4072916, 52.5702897 ] ] ] } },
{ "type": "Feature", "properties": { "element": "way", "id": 354862925, "name": "Lara Kita", "shop": null, "amenity": "kindergarten", "office": null, "tourism": null, "leisure": null, "building": null, "opening_hours": "Mo-Fr 07:30-17:00", "poi_typ": "amenity", "dienstag_vormittag": true }, "geometry": { "type": "Polygon", "coordinates": [ [ [ 13.4101544, 52.5690913 ], [ 13.4104033, 52.5691396 ], [ 13.410502, 52.5691588 ], [ 13.4108654, 52.5684716 ], [ 13.4107401, 52.5684448 ], [ 13.4105177, 52.5684024 ], [ 13.4103426, 52.5687225 ], [ 13.4101544, 52.5690913 ] ] ] } },
{ "type": "Feature", "properties": { "element": "way", "id": 362324520, "name": "Berlin Kids international Kita", "shop": null, "amenity": "kindergarten", "office": null, "tourism": null, "leisure": null, "building": null, "opening_hours": "Mo-Fr 06:30-17:00", "poi_typ": "amenity", "dienstag_vormittag": true }, "geometry": { "type": "Polygon", "coordinates": [ [ [ 13.4217572, 52.548085 ], [ 13.4226561, 52.5476958 ], [ 13.4219448, 52.547085 ], [ 13.421209, 52.5474761 ], [ 13.4212783, 52.5475406 ], [ 13.4211848, 52.5475865 ], [ 13.421263, 52.5476608 ], [ 13.4217572, 52.548085 ] ] ] } },
{ "type": "Feature", "properties": { "element": "way", "id": 362324521, "name": "Humanistische Kindertagesstätte Prenzlzwerge", "shop": null, "amenity": "kindergarten", "office": null, "tourism": null, "leisure": null, "building": null, "opening_hours": "Mo-Fr 06:00-18:00", "poi_typ": "amenity", "dienstag_vormittag": true }, "geometry": { "type": "Polygon", "coordinates": [ [ [ 13.4206285, 52.5489482 ], [ 13.4211846, 52.5494621 ], [ 13.4211061, 52.5494914 ], [ 13.4210671, 52.5494597 ], [ 13.4206068, 52.5496252 ], [ 13.4205236, 52.5495431 ], [ 13.4205455, 52.5495 ], [ 13.4203889, 52.5493147 ], [ 13.4202018, 52.5493777 ], [ 13.420004, 52.5491551 ], [ 13.4200296, 52.5491466 ], [ 13.4205917, 52.5489604 ], [ 13.4206285, 52.5489482 ] ] ] } },
{ "type": "Feature", "properties": { "element": "way", "id": 367960527, "name": "Kita Pfiffikus", "shop": null, "amenity": "kindergarten", "office": null, "tourism": null, "leisure": null, "building": null, "opening_hours": "Mo-Fr 06:00-18:00", "poi_typ": "amenity", "dienstag_vormittag": true }, "geometry": { "type": "Polygon", "coordinates": [ [ [ 13.3595533, 52.5891679 ], [ 13.359533, 52.5897068 ], [ 13.3596179, 52.5897105 ], [ 13.3601057, 52.5897365 ], [ 13.3604186, 52.5897532 ], [ 13.3608933, 52.5897784 ], [ 13.36098, 52.58969 ], [ 13.3605529, 52.5892732 ], [ 13.3604639, 52.5891858 ], [ 13.3595533, 52.5891679 ] ] ] } },
{ "type": "Feature", "properties": { "element": "way", "id": 369586594, "name": "Kita Prenzlauer Berg", "shop": null, "amenity": "kindergarten", "office": null, "tourism": null, "leisure": null, "building": null, "opening_hours": "Mo-Fr 06:30-17:30", "poi_typ": "amenity", "dienstag_vormittag": true }, "geometry": { "type": "Polygon", "coordinates": [ [ [ 13.4210632, 52.528168 ], [ 13.4210444, 52.5281771 ], [ 13.4212554, 52.5283684 ], [ 13.4212797, 52.5283673 ], [ 13.4213214, 52.528355 ], [ 13.4213478, 52.5283213 ], [ 13.4213733, 52.528303 ], [ 13.4214039, 52.5282865 ], [ 13.4220775, 52.5279422 ], [ 13.4221083, 52.527905 ], [ 13.42211, 52.5278593 ], [ 13.422069, 52.5278064 ], [ 13.4211702, 52.5271562 ], [ 13.42085, 52.5272928 ], [ 13.4208463, 52.5273284 ], [ 13.4209002, 52.5273783 ], [ 13.4204588, 52.5275598 ], [ 13.4204673, 52.5275649 ], [ 13.4204502, 52.527572 ], [ 13.4210632, 52.528168 ] ] ] } },
{ "type": "Feature", "properties": { "element": "way", "id": 380356153, "name": "Susanne-und-Kurt-Crohn-Platz", "shop": null, "amenity": null, "office": null, "tourism": null, "leisure": "park", "building": null, "opening_hours": "24/7", "poi_typ": "leisure", "dienstag_vormittag": true }, "geometry": { "type": "Polygon", "coordinates": [ [ [ 13.4209705, 52.5539036 ], [ 13.4219648, 52.5538121 ], [ 13.4220019, 52.5537833 ], [ 13.4219841, 52.5532424 ], [ 13.4219738, 52.5531787 ], [ 13.4209349, 52.5532904 ], [ 13.4209355, 52.5533344 ], [ 13.4209341, 52.5533952 ], [ 13.4209296, 52.5535847 ], [ 13.4209315, 52.5536207 ], [ 13.4209267, 52.5538745 ], [ 13.4209705, 52.5539036 ] ] ] } },
{ "type": "Feature", "properties": { "element": "way", "id": 386141103, "name": "Damwildgehege", "shop": null, "amenity": null, "office": null, "tourism": "zoo", "leisure": null, "building": null, "opening_hours": "24/7", "poi_typ": "tourism", "dienstag_vormittag": true }, "geometry": { "type": "Polygon", "coordinates": [ [ [ 13.3952739, 52.6064559 ], [ 13.3949279, 52.6070337 ], [ 13.3955069, 52.6071542 ], [ 13.3981134, 52.6076868 ], [ 13.3984173, 52.6072067 ], [ 13.3983211, 52.6071853 ], [ 13.398276, 52.6071572 ], [ 13.3983165, 52.6070973 ], [ 13.3983011, 52.6070941 ], [ 13.3975116, 52.606928 ], [ 13.3973637, 52.6068969 ], [ 13.3972905, 52.6069411 ], [ 13.3952739, 52.6064559 ] ] ] } },
{ "type": "Feature", "properties": { "element": "way", "id": 389153117, "name": "Kita An den Pappeln", "shop": null, "amenity": "kindergarten", "office": null, "tourism": null, "leisure": null, "building": null, "opening_hours": "Mo-Fr 06:00-18:00; Sa,Su,PH off", "poi_typ": "amenity", "dienstag_vormittag": true }, "geometry": { "type": "Polygon", "coordinates": [ [ [ 13.4732854, 52.5516884 ], [ 13.4738197, 52.55164 ], [ 13.4739855, 52.5517644 ], [ 13.4740415, 52.551988 ], [ 13.4743911, 52.5519569 ], [ 13.4747722, 52.551923 ], [ 13.4747221, 52.5516736 ], [ 13.4746015, 52.5512293 ], [ 13.4740069, 52.5512843 ], [ 13.4739627, 52.5511269 ], [ 13.4731857, 52.5511975 ], [ 13.4732276, 52.5513684 ], [ 13.4732854, 52.5516884 ] ] ] } },
{ "type": "Feature", "properties": { "element": "way", "id": 392579384, "name": "KulturMarktHalle", "shop": null, "amenity": "community_centre", "office": null, "tourism": null, "leisure": null, "building": "retail", "opening_hours": "Mo-Fr 10:00-18:00", "poi_typ": "amenity", "dienstag_vormittag": true }, "geometry": { "type": "Polygon", "coordinates": [ [ [ 13.4523387, 52.5399764 ], [ 13.4526912, 52.539845 ], [ 13.4523838, 52.5395429 ], [ 13.4521802, 52.5396221 ], [ 13.452208, 52.5396526 ], [ 13.4520675, 52.539709 ], [ 13.4523387, 52.5399764 ] ] ] } },
{ "type": "Feature", "properties": { "element": "way", "id": 393236338, "name": "Le Crobag", "shop": "bakery", "amenity": null, "office": null, "tourism": null, "leisure": null, "building": null, "opening_hours": "Mo-Fr 04:00-20:00; Sa 05:00-18:00; Su,PH 06:00-18:00", "poi_typ": "shop", "dienstag_vormittag": true }, "geometry": { "type": "Polygon", "coordinates": [ [ [ 13.426264, 52.5446955 ], [ 13.4262357, 52.5446685 ], [ 13.4261908, 52.5446858 ], [ 13.4262191, 52.5447129 ], [ 13.426264, 52.5446955 ] ] ] } },
{ "type": "Feature", "properties": { "element": "way", "id": 430210745, "name": "MyPlace-SelfStorage", "shop": "storage_rental", "amenity": null, "office": null, "tourism": null, "leisure": null, "building": "yes", "opening_hours": "Mo-Su 06:00-22:00", "poi_typ": "shop", "dienstag_vormittag": true }, "geometry": { "type": "Polygon", "coordinates": [ [ [ 13.4293982, 52.5572519 ], [ 13.4294109, 52.5572026 ], [ 13.4294205, 52.5572035 ], [ 13.429496, 52.5569113 ], [ 13.4297214, 52.5569328 ], [ 13.4297043, 52.556999 ], [ 13.4299253, 52.5570201 ], [ 13.4299082, 52.5570861 ], [ 13.430016, 52.5570963 ], [ 13.4301238, 52.5571066 ], [ 13.4300712, 52.5573101 ], [ 13.4299621, 52.5572997 ], [ 13.4294792, 52.5572535 ], [ 13.4294776, 52.5572595 ], [ 13.4293982, 52.5572519 ] ] ] } },
{ "type": "Feature", "properties": { "element": "way", "id": 457034447, "name": "Berliner Toilette", "shop": null, "amenity": "toilets", "office": null, "tourism": null, "leisure": null, "building": "yes", "opening_hours": "24/7", "poi_typ": "amenity", "dienstag_vormittag": true }, "geometry": { "type": "Polygon", "coordinates": [ [ [ 13.4208052, 52.5486777 ], [ 13.4207822, 52.548658 ], [ 13.4208308, 52.5486369 ], [ 13.4208538, 52.5486566 ], [ 13.4208052, 52.5486777 ] ] ] } },
{ "type": "Feature", "properties": { "element": "way", "id": 476994604, "name": null, "shop": null, "amenity": "toilets", "office": null, "tourism": null, "leisure": null, "building": "toilets", "opening_hours": "24/7", "poi_typ": "amenity", "dienstag_vormittag": true }, "geometry": { "type": "Polygon", "coordinates": [ [ [ 13.4170192, 52.5356197 ], [ 13.4169806, 52.5356204 ], [ 13.4169821, 52.5356505 ], [ 13.4170207, 52.5356498 ], [ 13.4170192, 52.5356197 ] ] ] } },
{ "type": "Feature", "properties": { "element": "way", "id": 494766521, "name": "Kita am Zauberberg", "shop": null, "amenity": "kindergarten", "office": null, "tourism": null, "leisure": null, "building": null, "opening_hours": "Mo-Fr 06:00-18:00", "poi_typ": "amenity", "dienstag_vormittag": true }, "geometry": { "type": "Polygon", "coordinates": [ [ [ 13.4491553, 52.5412904 ], [ 13.4490859, 52.541221 ], [ 13.4490496, 52.5412353 ], [ 13.4489576, 52.5411461 ], [ 13.4489932, 52.5411335 ], [ 13.4489, 52.5410435 ], [ 13.4488688, 52.5410098 ], [ 13.4497508, 52.5406723 ], [ 13.4499798, 52.540898 ], [ 13.4494194, 52.5411028 ], [ 13.4494533, 52.5411367 ], [ 13.449286, 52.5412032 ], [ 13.4493165, 52.5412324 ], [ 13.4491553, 52.5412904 ] ] ] } },
{ "type": "Feature", "properties": { "element": "way", "id": 501153783, "name": null, "shop": null, "amenity": "parking", "office": null, "tourism": null, "leisure": null, "building": null, "opening_hours": "24/7", "poi_typ": "amenity", "dienstag_vormittag": true }, "geometry": { "type": "Polygon", "coordinates": [ [ [ 13.4162264, 52.5280208 ], [ 13.4160395, 52.5280773 ], [ 13.4159741, 52.5280973 ], [ 13.4156799, 52.5281805 ], [ 13.4156265, 52.5281119 ], [ 13.4159845, 52.5280108 ], [ 13.4161701, 52.5279552 ], [ 13.4162264, 52.5280208 ] ] ] } },
{ "type": "Feature", "properties": { "element": "way", "id": 508242793, "name": "Kindertagesstätte Sankt Georg", "shop": null, "amenity": "kindergarten", "office": null, "tourism": null, "leisure": null, "building": null, "opening_hours": "Mo-Fr 07:00-17:00", "poi_typ": "amenity", "dienstag_vormittag": true }, "geometry": { "type": "Polygon", "coordinates": [ [ [ 13.4126071, 52.5715687 ], [ 13.4128814, 52.5713507 ], [ 13.4132022, 52.5710866 ], [ 13.4126883, 52.5708771 ], [ 13.4125752, 52.5710117 ], [ 13.4125621, 52.5710079 ], [ 13.4125599, 52.5710106 ], [ 13.4124777, 52.5709863 ], [ 13.4124225, 52.5710553 ], [ 13.4124054, 52.5710502 ], [ 13.4122971, 52.5711856 ], [ 13.412305, 52.5711879 ], [ 13.4122709, 52.5712303 ], [ 13.4122662, 52.571229 ], [ 13.4122587, 52.5712384 ], [ 13.4122082, 52.5712217 ], [ 13.4120454, 52.5714129 ], [ 13.4126071, 52.5715687 ] ] ] } },
{ "type": "Feature", "properties": { "element": "way", "id": 562321757, "name": "Sonnenkäfer", "shop": null, "amenity": "kindergarten", "office": null, "tourism": null, "leisure": null, "building": null, "opening_hours": "Mo-Fr 06:30-17:30", "poi_typ": "amenity", "dienstag_vormittag": true }, "geometry": { "type": "Polygon", "coordinates": [ [ [ 13.4078727, 52.5627473 ], [ 13.4079246, 52.562766 ], [ 13.4083408, 52.5627667 ], [ 13.4088542, 52.5627675 ], [ 13.4091395, 52.5626689 ], [ 13.4091593, 52.5626474 ], [ 13.4091668, 52.5624521 ], [ 13.4089252, 52.562454 ], [ 13.4089196, 52.5623088 ], [ 13.4084438, 52.5623125 ], [ 13.4084461, 52.5622854 ], [ 13.4084751, 52.5618817 ], [ 13.4079996, 52.5618844 ], [ 13.4079981, 52.5620905 ], [ 13.4079365, 52.5620985 ], [ 13.4079441, 52.5622455 ], [ 13.4078965, 52.5622881 ], [ 13.4078972, 52.5623151 ], [ 13.4075301, 52.5623196 ], [ 13.4075325, 52.5623956 ], [ 13.4075333, 52.5624216 ], [ 13.4076708, 52.5624223 ], [ 13.4077966, 52.5624749 ], [ 13.4078265, 52.5625147 ], [ 13.4078323, 52.5626842 ], [ 13.4078727, 52.5627473 ] ] ] } },
{ "type": "Feature", "properties": { "element": "way", "id": 604022612, "name": "Berliner Toilette", "shop": null, "amenity": "toilets", "office": null, "tourism": null, "leisure": null, "building": "yes", "opening_hours": "24/7", "poi_typ": "amenity", "dienstag_vormittag": true }, "geometry": { "type": "Polygon", "coordinates": [ [ [ 13.4945889, 52.6356669 ], [ 13.4945611, 52.6356409 ], [ 13.4945956, 52.6356272 ], [ 13.4946235, 52.6356532 ], [ 13.4945889, 52.6356669 ] ] ] } },
{ "type": "Feature", "properties": { "element": "way", "id": 625911627, "name": null, "shop": null, "amenity": null, "office": null, "tourism": null, "leisure": "pitch", "building": null, "opening_hours": "24/7", "poi_typ": "leisure", "dienstag_vormittag": true }, "geometry": { "type": "Polygon", "coordinates": [ [ [ 13.3895476, 52.5699526 ], [ 13.3896579, 52.5698885 ], [ 13.3900106, 52.5701127 ], [ 13.3899004, 52.5701767 ], [ 13.3895476, 52.5699526 ] ] ] } },
{ "type": "Feature", "properties": { "element": "way", "id": 631192984, "name": "Fahrradhof Buch", "shop": "bicycle", "amenity": null, "office": null, "tourism": null, "leisure": null, "building": null, "opening_hours": "Mo-Fr 10:00-18:00", "poi_typ": "shop", "dienstag_vormittag": true }, "geometry": { "type": "Polygon", "coordinates": [ [ [ 13.5025552, 52.6278356 ], [ 13.5026244, 52.6279344 ], [ 13.5027289, 52.6279072 ], [ 13.5026582, 52.6278088 ], [ 13.5025552, 52.6278356 ] ] ] } },
{ "type": "Feature", "properties": { "element": "way", "id": 669182678, "name": "Textilhafen", "shop": "charity", "amenity": null, "office": null, "tourism": null, "leisure": null, "building": "yes", "opening_hours": "Mo-Fr 09:00-16:00; Sa 10:00-15:00", "poi_typ": "shop", "dienstag_vormittag": true }, "geometry": { "type": "Polygon", "coordinates": [ [ [ 13.4543401, 52.5329019 ], [ 13.4544452, 52.5329408 ], [ 13.4544616, 52.5329243 ], [ 13.4545432, 52.5329545 ], [ 13.4545169, 52.5329809 ], [ 13.4545925, 52.5330088 ], [ 13.4546188, 52.5329824 ], [ 13.4549157, 52.5330921 ], [ 13.454965, 52.5331097 ], [ 13.4550162, 52.5330582 ], [ 13.4549674, 52.5330402 ], [ 13.4550142, 52.5329933 ], [ 13.4546362, 52.5328537 ], [ 13.4545914, 52.5328372 ], [ 13.4545601, 52.5328256 ], [ 13.4545734, 52.5328123 ], [ 13.4544682, 52.5327735 ], [ 13.4543401, 52.5329019 ] ] ] } },
{ "type": "Feature", "properties": { "element": "way", "id": 680456099, "name": "Berta Block", "shop": null, "amenity": null, "office": null, "tourism": null, "leisure": "sports_centre", "building": null, "opening_hours": "Mo-Fr 09:00-23:00; Sa-Su 10:00-22:00; PH Mo-Fr 09:00-23:00; PH Sa-Su 10:00-22:00", "poi_typ": "leisure", "dienstag_vormittag": true }, "geometry": { "type": "Polygon", "coordinates": [ [ [ 13.4095159, 52.5635512 ], [ 13.4094447, 52.5635162 ], [ 13.4096824, 52.5633778 ], [ 13.4099521, 52.5635258 ], [ 13.4107781, 52.5639891 ], [ 13.4108091, 52.5637899 ], [ 13.4111713, 52.5637909 ], [ 13.411133, 52.5641221 ], [ 13.4111106, 52.5642271 ], [ 13.4110899, 52.5643751 ], [ 13.4110505, 52.5643733 ], [ 13.4108056, 52.5643615 ], [ 13.4107793, 52.5643252 ], [ 13.4107047, 52.5642229 ], [ 13.4105727, 52.5641483 ], [ 13.4095159, 52.5635512 ] ] ] } },
{ "type": "Feature", "properties": { "element": "way", "id": 696328503, "name": "Charlottes Spatzenkinder", "shop": null, "amenity": "kindergarten", "office": null, "tourism": null, "leisure": null, "building": null, "opening_hours": "Mo-Fr 06:30-17:30", "poi_typ": "amenity", "dienstag_vormittag": true }, "geometry": { "type": "Polygon", "coordinates": [ [ [ 13.4515595, 52.5513656 ], [ 13.4518176, 52.5512888 ], [ 13.4519776, 52.5512443 ], [ 13.4514943, 52.5506452 ], [ 13.4511221, 52.5507545 ], [ 13.4512628, 52.5509416 ], [ 13.4514831, 52.5508812 ], [ 13.4516036, 52.5510512 ], [ 13.4513677, 52.5511208 ], [ 13.4515595, 52.5513656 ] ] ] } },
{ "type": "Feature", "properties": { "element": "way", "id": 722405698, "name": "Ramona's Imbiss", "shop": null, "amenity": "fast_food", "office": null, "tourism": null, "leisure": null, "building": "commercial", "opening_hours": "Mo-Fr 06:00-14:00", "poi_typ": "amenity", "dienstag_vormittag": true }, "geometry": { "type": "Polygon", "coordinates": [ [ [ 13.4608278, 52.5632405 ], [ 13.4608814, 52.5632436 ], [ 13.4608978, 52.5631409 ], [ 13.4608441, 52.5631378 ], [ 13.4608278, 52.5632405 ] ] ] } },
{ "type": "Feature", "properties": { "element": "way", "id": 745641706, "name": "Landsberger Allee/Petersburger Straße", "shop": null, "amenity": "mobility_hub", "office": null, "tourism": null, "leisure": null, "building": null, "opening_hours": "24/7", "poi_typ": "amenity", "dienstag_vormittag": true }, "geometry": { "type": "Polygon", "coordinates": [ [ [ 13.4493045, 52.5273641 ], [ 13.4493499, 52.5273044 ], [ 13.4493978, 52.5272413 ], [ 13.4494856, 52.5271334 ], [ 13.4494545, 52.5271249 ], [ 13.4493915, 52.5271083 ], [ 13.4493322, 52.5270928 ], [ 13.4492948, 52.5270828 ], [ 13.4492245, 52.5271829 ], [ 13.4491569, 52.5272769 ], [ 13.4491302, 52.5273148 ], [ 13.4491808, 52.5273291 ], [ 13.449224, 52.5273413 ], [ 13.4493045, 52.5273641 ] ] ] } },
{ "type": "Feature", "properties": { "element": "way", "id": 760138880, "name": null, "shop": null, "amenity": null, "office": null, "tourism": null, "leisure": "fitness_station", "building": null, "opening_hours": "24/7", "poi_typ": "leisure", "dienstag_vormittag": true }, "geometry": { "type": "Polygon", "coordinates": [ [ [ 13.4612373, 52.5561693 ], [ 13.4612392, 52.5560966 ], [ 13.4612453, 52.5558674 ], [ 13.4614968, 52.5558724 ], [ 13.4612373, 52.5561693 ] ] ] } },
{ "type": "Feature", "properties": { "element": "way", "id": 936571632, "name": null, "shop": null, "amenity": "parking", "office": null, "tourism": null, "leisure": null, "building": null, "opening_hours": "24/7", "poi_typ": "amenity", "dienstag_vormittag": true }, "geometry": { "type": "Polygon", "coordinates": [ [ [ 13.4263391, 52.5432709 ], [ 13.4263889, 52.5432594 ], [ 13.4264354, 52.5433338 ], [ 13.4263855, 52.5433453 ], [ 13.4263391, 52.5432709 ] ] ] } },
{ "type": "Feature", "properties": { "element": "way", "id": 936571633, "name": null, "shop": null, "amenity": "parking", "office": null, "tourism": null, "leisure": null, "building": null, "opening_hours": "24/7", "poi_typ": "amenity", "dienstag_vormittag": true }, "geometry": { "type": "Polygon", "coordinates": [ [ [ 13.4265482, 52.54364 ], [ 13.4265246, 52.5435986 ], [ 13.426588, 52.5435852 ], [ 13.4266117, 52.5436266 ], [ 13.4265482, 52.54364 ] ] ] } },
{ "type": "Feature", "properties": { "element": "way", "id": 939319087, "name": null, "shop": null, "amenity": "parking", "office": null, "tourism": null, "leisure": null, "building": null, "opening_hours": "24/7", "poi_typ": "amenity", "dienstag_vormittag": true }, "geometry": { "type": "Polygon", "coordinates": [ [ [ 13.4259837, 52.5426852 ], [ 13.4259583, 52.542643 ], [ 13.4260217, 52.5426289 ], [ 13.4260471, 52.5426711 ], [ 13.4259837, 52.5426852 ] ] ] } },
{ "type": "Feature", "properties": { "element": "way", "id": 949069061, "name": "Berliner Toilette", "shop": null, "amenity": "toilets", "office": null, "tourism": null, "leisure": null, "building": "toilets", "opening_hours": "24/7", "poi_typ": "amenity", "dienstag_vormittag": true }, "geometry": { "type": "Polygon", "coordinates": [ [ [ 13.4658111, 52.5572197 ], [ 13.4657883, 52.557197 ], [ 13.4658463, 52.5571754 ], [ 13.4658691, 52.5571981 ], [ 13.4658111, 52.5572197 ] ] ] } },
{ "type": "Feature", "properties": { "element": "way", "id": 951764576, "name": "Autowiese", "shop": "car", "amenity": null, "office": null, "tourism": null, "leisure": null, "building": "office", "opening_hours": "Mo-Fr 10:00-18:00, Sa 10:30-16:00", "poi_typ": "shop", "dienstag_vormittag": true }, "geometry": { "type": "Polygon", "coordinates": [ [ [ 13.4330193, 52.5915626 ], [ 13.4329105, 52.591482 ], [ 13.4330574, 52.5914088 ], [ 13.4331662, 52.5914894 ], [ 13.4330193, 52.5915626 ] ] ] } },
{ "type": "Feature", "properties": { "element": "way", "id": 958027001, "name": "Kiez Kaffee Kraft", "shop": null, "amenity": "cafe", "office": null, "tourism": null, "leisure": null, "building": "commercial", "opening_hours": "Mo-Fr 08:30-18:00; Sa,Su 10:00-18:00", "poi_typ": "amenity", "dienstag_vormittag": true }, "geometry": { "type": "Polygon", "coordinates": [ [ [ 13.4075912, 52.5698584 ], [ 13.4076382, 52.5698707 ], [ 13.4077697, 52.5699052 ], [ 13.4078319, 52.5699215 ], [ 13.4077926, 52.5699768 ], [ 13.4077339, 52.5699614 ], [ 13.4075586, 52.5699154 ], [ 13.407552, 52.5699137 ], [ 13.4075912, 52.5698584 ] ] ] } },
{ "type": "Feature", "properties": { "element": "way", "id": 1050818163, "name": null, "shop": null, "amenity": "recycling", "office": null, "tourism": null, "leisure": null, "building": null, "opening_hours": "24/7", "poi_typ": "amenity", "dienstag_vormittag": true }, "geometry": { "type": "Polygon", "coordinates": [ [ [ 13.4088483, 52.5634686 ], [ 13.4089062, 52.563432 ], [ 13.4089391, 52.5634492 ], [ 13.4088782, 52.5634848 ], [ 13.4088483, 52.5634686 ] ] ] } },
{ "type": "Feature", "properties": { "element": "way", "id": 1050818164, "name": null, "shop": null, "amenity": "recycling", "office": null, "tourism": null, "leisure": null, "building": null, "opening_hours": "24/7", "poi_typ": "amenity", "dienstag_vormittag": true }, "geometry": { "type": "Polygon", "coordinates": [ [ [ 13.4102523, 52.562186 ], [ 13.4102849, 52.5621951 ], [ 13.4103194, 52.5621503 ], [ 13.4102868, 52.5621432 ], [ 13.4102523, 52.562186 ] ] ] } },
{ "type": "Feature", "properties": { "element": "way", "id": 1055261957, "name": "Berliner Toilette", "shop": null, "amenity": "toilets", "office": null, "tourism": null, "leisure": null, "building": "yes", "opening_hours": "24/7", "poi_typ": "amenity", "dienstag_vormittag": true }, "geometry": { "type": "Polygon", "coordinates": [ [ [ 13.4589111, 52.555556 ], [ 13.4588954, 52.5555367 ], [ 13.4588294, 52.5555565 ], [ 13.458845, 52.5555758 ], [ 13.4589111, 52.555556 ] ] ] } },
{ "type": "Feature", "properties": { "element": "way", "id": 1069081166, "name": "Berliner Toilette", "shop": null, "amenity": "toilets", "office": null, "tourism": null, "leisure": null, "building": "toilets", "opening_hours": "24/7", "poi_typ": "amenity", "dienstag_vormittag": true }, "geometry": { "type": "Polygon", "coordinates": [ [ [ 13.4512126, 52.5481799 ], [ 13.4512443, 52.5481893 ], [ 13.4512667, 52.5481615 ], [ 13.451235, 52.5481521 ], [ 13.4512126, 52.5481799 ] ] ] } },
{ "type": "Feature", "properties": { "element": "way", "id": 1128197394, "name": "Berliner Toilette", "shop": null, "amenity": "toilets", "office": null, "tourism": null, "leisure": null, "building": "yes", "opening_hours": "24/7", "poi_typ": "amenity", "dienstag_vormittag": true }, "geometry": { "type": "Polygon", "coordinates": [ [ [ 13.4371001, 52.5336133 ], [ 13.4371284, 52.5335994 ], [ 13.437085, 52.5335667 ], [ 13.4370567, 52.5335805 ], [ 13.4371001, 52.5336133 ] ] ] } },
{ "type": "Feature", "properties": { "element": "way", "id": 1133554487, "name": "Berliner Toilette", "shop": null, "amenity": "toilets", "office": null, "tourism": null, "leisure": null, "building": "yes", "opening_hours": "24/7", "poi_typ": "amenity", "dienstag_vormittag": true }, "geometry": { "type": "Polygon", "coordinates": [ [ [ 13.4205584, 52.607164 ], [ 13.4205255, 52.6071401 ], [ 13.4205528, 52.6071262 ], [ 13.4205857, 52.6071502 ], [ 13.4205584, 52.607164 ] ] ] } },
{ "type": "Feature", "properties": { "element": "way", "id": 1135608299, "name": "Berliner Toilette", "shop": null, "amenity": "toilets", "office": null, "tourism": null, "leisure": null, "building": "toilets", "opening_hours": "24/7", "poi_typ": "amenity", "dienstag_vormittag": true }, "geometry": { "type": "Polygon", "coordinates": [ [ [ 13.4053364, 52.5467497 ], [ 13.4053527, 52.5467072 ], [ 13.405387, 52.5467121 ], [ 13.4053707, 52.5467546 ], [ 13.4053364, 52.5467497 ] ] ] } },
{ "type": "Feature", "properties": { "element": "way", "id": 1136469435, "name": "Berliner Toilette", "shop": null, "amenity": "toilets", "office": null, "tourism": null, "leisure": null, "building": "yes", "opening_hours": "24/7", "poi_typ": "amenity", "dienstag_vormittag": true }, "geometry": { "type": "Polygon", "coordinates": [ [ [ 13.438206, 52.5415173 ], [ 13.4381898, 52.5415011 ], [ 13.4382297, 52.5414863 ], [ 13.438246, 52.5415026 ], [ 13.438206, 52.5415173 ] ] ] } },
{ "type": "Feature", "properties": { "element": "way", "id": 1138190255, "name": "Berliner Toilette", "shop": null, "amenity": "toilets", "office": null, "tourism": null, "leisure": null, "building": "toilets", "opening_hours": "24/7", "poi_typ": "amenity", "dienstag_vormittag": true }, "geometry": { "type": "Polygon", "coordinates": [ [ [ 13.4133729, 52.5506862 ], [ 13.4133697, 52.550669 ], [ 13.4134121, 52.5506661 ], [ 13.4134153, 52.5506833 ], [ 13.4133729, 52.5506862 ] ] ] } },
{ "type": "Feature", "properties": { "element": "way", "id": 1138190268, "name": "Berliner Toilette", "shop": null, "amenity": "toilets", "office": null, "tourism": null, "leisure": null, "building": "toilets", "opening_hours": "24/7", "poi_typ": "amenity", "dienstag_vormittag": true }, "geometry": { "type": "Polygon", "coordinates": [ [ [ 13.411898, 52.543072 ], [ 13.4119347, 52.5430721 ], [ 13.411935, 52.5430266 ], [ 13.4118984, 52.5430265 ], [ 13.411898, 52.543072 ] ] ] } },
{ "type": "Feature", "properties": { "element": "way", "id": 1138324769, "name": "Berliner Toilette", "shop": null, "amenity": "toilets", "office": null, "tourism": null, "leisure": null, "building": "toilets", "opening_hours": "24/7", "poi_typ": "amenity", "dienstag_vormittag": true }, "geometry": { "type": "Polygon", "coordinates": [ [ [ 13.4187152, 52.5429356 ], [ 13.4187475, 52.5429235 ], [ 13.4187103, 52.5428867 ], [ 13.418678, 52.5428988 ], [ 13.4187152, 52.5429356 ] ] ] } },
{ "type": "Feature", "properties": { "element": "way", "id": 1138603724, "name": "Jugendverkehrsschule", "shop": null, "amenity": "traffic_park", "office": null, "tourism": null, "leisure": null, "building": null, "opening_hours": "Mo-Fr 14:00-18:00; Sa 10:00-14:00", "poi_typ": "amenity", "dienstag_vormittag": true }, "geometry": { "type": "Polygon", "coordinates": [ [ [ 13.4499927, 52.5409107 ], [ 13.4499798, 52.540898 ], [ 13.4494194, 52.5411028 ], [ 13.4494533, 52.5411367 ], [ 13.449286, 52.5412032 ], [ 13.4493165, 52.5412324 ], [ 13.4491553, 52.5412904 ], [ 13.4490942, 52.5413136 ], [ 13.4494461, 52.5416553 ], [ 13.4495083, 52.5416322 ], [ 13.4503864, 52.5412988 ], [ 13.4499927, 52.5409107 ] ] ] } },
{ "type": "Feature", "properties": { "element": "way", "id": 1139400304, "name": null, "shop": null, "amenity": "parking", "office": null, "tourism": null, "leisure": null, "building": null, "opening_hours": "24/7", "poi_typ": "amenity", "dienstag_vormittag": true }, "geometry": { "type": "Polygon", "coordinates": [ [ [ 13.4166227, 52.5322973 ], [ 13.4166469, 52.5322863 ], [ 13.4165453, 52.5322035 ], [ 13.4165211, 52.5322144 ], [ 13.4166227, 52.5322973 ] ] ] } },
{ "type": "Feature", "properties": { "element": "way", "id": 1151953653, "name": "Berliner Toilette", "shop": null, "amenity": "toilets", "office": null, "tourism": null, "leisure": null, "building": "yes", "opening_hours": "24/7", "poi_typ": "amenity", "dienstag_vormittag": true }, "geometry": { "type": "Polygon", "coordinates": [ [ [ 13.4662371, 52.5526298 ], [ 13.466266, 52.5526153 ], [ 13.4662209, 52.5525821 ], [ 13.4661921, 52.5525965 ], [ 13.4662371, 52.5526298 ] ] ] } },
{ "type": "Feature", "properties": { "element": "way", "id": 1155729654, "name": "AWO Refugium Buch", "shop": null, "amenity": "social_facility", "office": null, "tourism": null, "leisure": null, "building": null, "opening_hours": "24/7", "poi_typ": "amenity", "dienstag_vormittag": true }, "geometry": { "type": "Polygon", "coordinates": [ [ [ 13.4984726, 52.6325328 ], [ 13.4985112, 52.6325254 ], [ 13.4999284, 52.6322525 ], [ 13.4994711, 52.6313537 ], [ 13.4993219, 52.6312033 ], [ 13.4991579, 52.6308399 ], [ 13.4991672, 52.6307384 ], [ 13.4976998, 52.6310185 ], [ 13.4983895, 52.632394 ], [ 13.4984726, 52.6325328 ] ] ] } },
{ "type": "Feature", "properties": { "element": "way", "id": 1183945004, "name": "Berliner Toilette", "shop": null, "amenity": "toilets", "office": null, "tourism": null, "leisure": null, "building": "yes", "opening_hours": "24/7", "poi_typ": "amenity", "dienstag_vormittag": true }, "geometry": { "type": "Polygon", "coordinates": [ [ [ 13.3889156, 52.5695474 ], [ 13.3888685, 52.5695142 ], [ 13.3888434, 52.5695274 ], [ 13.3888905, 52.5695606 ], [ 13.3889156, 52.5695474 ] ] ] } },
{ "type": "Feature", "properties": { "element": "way", "id": 1184892350, "name": "La Vita Pizzeria", "shop": null, "amenity": "restaurant", "office": null, "tourism": null, "leisure": null, "building": "yes", "opening_hours": "Mo-Su 11:00-22:00", "poi_typ": "amenity", "dienstag_vormittag": true }, "geometry": { "type": "Polygon", "coordinates": [ [ [ 13.492576, 52.6370367 ], [ 13.492679, 52.6369666 ], [ 13.4926214, 52.6369354 ], [ 13.4925183, 52.6370054 ], [ 13.492576, 52.6370367 ] ] ] } },
{ "type": "Feature", "properties": { "element": "way", "id": 1189485063, "name": null, "shop": null, "amenity": "parking", "office": null, "tourism": null, "leisure": null, "building": null, "opening_hours": "Mo-Fr 06:00-21:00", "poi_typ": "amenity", "dienstag_vormittag": true }, "geometry": { "type": "Polygon", "coordinates": [ [ [ 13.4930379, 52.6355485 ], [ 13.4930855, 52.6355773 ], [ 13.4931396, 52.6356111 ], [ 13.4931539, 52.6355996 ], [ 13.493498, 52.635811 ], [ 13.4941154, 52.6354416 ], [ 13.4936245, 52.6351364 ], [ 13.493456, 52.6352381 ], [ 13.4935023, 52.6352693 ], [ 13.4930379, 52.6355485 ] ] ] } },
{ "type": "Feature", "properties": { "element": "way", "id": 1189485064, "name": "Jelbi S Buch/Moorwiese", "shop": null, "amenity": "mobility_hub", "office": null, "tourism": null, "leisure": null, "building": null, "opening_hours": "24/7", "poi_typ": "amenity", "dienstag_vormittag": true }, "geometry": { "type": "Polygon", "coordinates": [ [ [ 13.4914351, 52.6361681 ], [ 13.4913331, 52.6363136 ], [ 13.4913458, 52.6363169 ], [ 13.4914242, 52.6363378 ], [ 13.4914838, 52.6362558 ], [ 13.4915292, 52.6361934 ], [ 13.4914494, 52.6361719 ], [ 13.4914351, 52.6361681 ] ] ] } },
{ "type": "Feature", "properties": { "element": "way", "id": 1190610632, "name": "Jelbi S Buch/P+R Parkplatz", "shop": null, "amenity": "mobility_hub", "office": null, "tourism": null, "leisure": null, "building": null, "opening_hours": "24/7", "poi_typ": "amenity", "dienstag_vormittag": true }, "geometry": { "type": "Polygon", "coordinates": [ [ [ 13.4928039, 52.6346727 ], [ 13.492851, 52.6346364 ], [ 13.4925418, 52.634488 ], [ 13.4924948, 52.6345243 ], [ 13.4928039, 52.6346727 ] ] ] } },
{ "type": "Feature", "properties": { "element": "way", "id": 1191223206, "name": "Jelbi Campus Buch", "shop": null, "amenity": "mobility_hub", "office": null, "tourism": null, "leisure": null, "building": null, "opening_hours": "24/7", "poi_typ": "amenity", "dienstag_vormittag": true }, "geometry": { "type": "Polygon", "coordinates": [ [ [ 13.5031422, 52.6243284 ], [ 13.5031788, 52.6243135 ], [ 13.5031215, 52.6242616 ], [ 13.503085, 52.6242765 ], [ 13.5031422, 52.6243284 ] ] ] } },
{ "type": "Feature", "properties": { "element": "way", "id": 1191223218, "name": "Jelbi Campus Buch", "shop": null, "amenity": "mobility_hub", "office": null, "tourism": null, "leisure": null, "building": null, "opening_hours": "24/7", "poi_typ": "amenity", "dienstag_vormittag": true }, "geometry": { "type": "Polygon", "coordinates": [ [ [ 13.5017198, 52.6256761 ], [ 13.501749, 52.6256644 ], [ 13.5016854, 52.6256062 ], [ 13.5016057, 52.6255334 ], [ 13.5015765, 52.6255451 ], [ 13.5016562, 52.625618 ], [ 13.5017198, 52.6256761 ] ] ] } },
{ "type": "Feature", "properties": { "element": "way", "id": 1191223228, "name": "Jelbi Campus Buch", "shop": null, "amenity": "mobility_hub", "office": null, "tourism": null, "leisure": null, "building": null, "opening_hours": "24/7", "poi_typ": "amenity", "dienstag_vormittag": true }, "geometry": { "type": "Polygon", "coordinates": [ [ [ 13.4993128, 52.6249205 ], [ 13.4992093, 52.6249628 ], [ 13.4992455, 52.6249955 ], [ 13.499349, 52.6249531 ], [ 13.4993128, 52.6249205 ] ] ] } },
{ "type": "Feature", "properties": { "element": "way", "id": 1205121851, "name": null, "shop": null, "amenity": null, "office": null, "tourism": null, "leisure": "playground", "building": null, "opening_hours": "24/7", "poi_typ": "leisure", "dienstag_vormittag": true }, "geometry": { "type": "Polygon", "coordinates": [ [ [ 13.4091548, 52.5798763 ], [ 13.4091997, 52.5798954 ], [ 13.4092446, 52.5798914 ], [ 13.4092755, 52.5798702 ], [ 13.4093177, 52.5798143 ], [ 13.4093083, 52.5797642 ], [ 13.4092681, 52.5797043 ], [ 13.4092279, 52.5796962 ], [ 13.4091843, 52.5796986 ], [ 13.4091675, 52.5797015 ], [ 13.4091575, 52.5797597 ], [ 13.4091488, 52.5798147 ], [ 13.4091548, 52.5798763 ] ] ] } },
{ "type": "Feature", "properties": { "element": "way", "id": 1212489236, "name": "Berliner Toilette", "shop": null, "amenity": "toilets", "office": null, "tourism": null, "leisure": null, "building": "toilets", "opening_hours": "24/7", "poi_typ": "amenity", "dienstag_vormittag": true }, "geometry": { "type": "Polygon", "coordinates": [ [ [ 13.4132688, 52.5537409 ], [ 13.4133202, 52.5537382 ], [ 13.4133233, 52.5537594 ], [ 13.4132719, 52.5537622 ], [ 13.4132688, 52.5537409 ] ] ] } },
{ "type": "Feature", "properties": { "element": "way", "id": 1226646967, "name": "Berliner Toilette", "shop": null, "amenity": "toilets", "office": null, "tourism": null, "leisure": null, "building": "yes", "opening_hours": "24/7", "poi_typ": "amenity", "dienstag_vormittag": true }, "geometry": { "type": "Polygon", "coordinates": [ [ [ 13.4885064, 52.6176626 ], [ 13.4884859, 52.6176452 ], [ 13.4885305, 52.6176258 ], [ 13.488551, 52.6176432 ], [ 13.4885064, 52.6176626 ] ] ] } },
{ "type": "Feature", "properties": { "element": "way", "id": 1230156784, "name": "Kita Schillerwiese", "shop": null, "amenity": "kindergarten", "office": null, "tourism": null, "leisure": null, "building": null, "opening_hours": "Mo-Fr 06:00-18:00", "poi_typ": "amenity", "dienstag_vormittag": true }, "geometry": { "type": "Polygon", "coordinates": [ [ [ 13.4075496, 52.5894451 ], [ 13.4078851, 52.589493 ], [ 13.407856, 52.5895726 ], [ 13.4078466, 52.5896182 ], [ 13.4078643, 52.5896611 ], [ 13.407893, 52.5896852 ], [ 13.4079405, 52.5897127 ], [ 13.4079802, 52.5897181 ], [ 13.4080166, 52.589708 ], [ 13.4080575, 52.5896752 ], [ 13.408084, 52.5896504 ], [ 13.4081204, 52.589594 ], [ 13.4081579, 52.5895015 ], [ 13.4081745, 52.5895035 ], [ 13.4082852, 52.5892007 ], [ 13.407924, 52.589151 ], [ 13.407788, 52.5890955 ], [ 13.4076946, 52.5890825 ], [ 13.4076946, 52.5891154 ], [ 13.4077141, 52.5891171 ], [ 13.407681, 52.5892003 ], [ 13.4076689, 52.5892157 ], [ 13.4076534, 52.5892291 ], [ 13.4076291, 52.5892412 ], [ 13.4075496, 52.5894451 ] ] ] } },
{ "type": "Feature", "properties": { "element": "way", "id": 1256013070, "name": "Druckerei Rohloff", "shop": "yes", "amenity": null, "office": null, "tourism": null, "leisure": null, "building": "yes", "opening_hours": "Mo-Fr 08:00-16:00", "poi_typ": "shop", "dienstag_vormittag": true }, "geometry": { "type": "Polygon", "coordinates": [ [ [ 13.4458563, 52.5652101 ], [ 13.4460023, 52.56519 ], [ 13.4459748, 52.5651182 ], [ 13.4458294, 52.5651381 ], [ 13.4458563, 52.5652101 ] ] ] } },
{ "type": "Feature", "properties": { "element": "way", "id": 1256013071, "name": "Sonnenstudio & Fitnessshop Sunnymaxx", "shop": "yes", "amenity": null, "office": null, "tourism": null, "leisure": null, "building": "yes", "opening_hours": "Mo-Su 09:00-21:00", "poi_typ": "shop", "dienstag_vormittag": true }, "geometry": { "type": "Polygon", "coordinates": [ [ [ 13.4460023, 52.56519 ], [ 13.4461247, 52.5651733 ], [ 13.4460968, 52.5651011 ], [ 13.4459748, 52.5651182 ], [ 13.4460023, 52.56519 ] ] ] } },
{ "type": "Feature", "properties": { "element": "way", "id": 1294889664, "name": "Berliner Toilette", "shop": null, "amenity": "toilets", "office": null, "tourism": null, "leisure": null, "building": "yes", "opening_hours": "24/7", "poi_typ": "amenity", "dienstag_vormittag": true }, "geometry": { "type": "Polygon", "coordinates": [ [ [ 13.4711924, 52.6156606 ], [ 13.4712222, 52.6156476 ], [ 13.4711812, 52.615613 ], [ 13.4711514, 52.6156261 ], [ 13.4711924, 52.6156606 ] ] ] } },
{ "type": "Feature", "properties": { "element": "way", "id": 1315799592, "name": "Parktoilette", "shop": null, "amenity": "toilets", "office": null, "tourism": null, "leisure": null, "building": null, "opening_hours": "24/7", "poi_typ": "amenity", "dienstag_vormittag": true }, "geometry": { "type": "Polygon", "coordinates": [ [ [ 13.4623502, 52.5527599 ], [ 13.4624093, 52.5527352 ], [ 13.4624288, 52.5527524 ], [ 13.4623696, 52.5527771 ], [ 13.4623502, 52.5527599 ] ] ] } },
{ "type": "Feature", "properties": { "element": "way", "id": 1329644964, "name": "Sprint", "shop": null, "amenity": "fuel", "office": null, "tourism": null, "leisure": null, "building": "retail", "opening_hours": "Mo-Su,PH 00:00-24:00", "poi_typ": "amenity", "dienstag_vormittag": true }, "geometry": { "type": "Polygon", "coordinates": [ [ [ 13.444935, 52.5337492 ], [ 13.445028, 52.5336936 ], [ 13.4452311, 52.5338193 ], [ 13.4451399, 52.5338738 ], [ 13.444935, 52.5337492 ] ] ] } },
{ "type": "Feature", "properties": { "element": "way", "id": 1386036066, "name": "Aktivplatz", "shop": null, "amenity": null, "office": null, "tourism": null, "leisure": "fitness_station", "building": null, "opening_hours": "24/7", "poi_typ": "leisure", "dienstag_vormittag": true }, "geometry": { "type": "Polygon", "coordinates": [ [ [ 13.389181, 52.5694361 ], [ 13.3894812, 52.5696258 ], [ 13.3892954, 52.5697345 ], [ 13.3889951, 52.5695448 ], [ 13.389181, 52.5694361 ] ] ] } },
{ "type": "Feature", "properties": { "element": "way", "id": 1388200659, "name": null, "shop": null, "amenity": "parcel_locker", "office": null, "tourism": null, "leisure": null, "building": null, "opening_hours": "24/7", "poi_typ": "amenity", "dienstag_vormittag": true }, "geometry": { "type": "Polygon", "coordinates": [ [ [ 13.4442488, 52.5330022 ], [ 13.4442647, 52.5329861 ], [ 13.4443492, 52.5330171 ], [ 13.4443332, 52.5330332 ], [ 13.4442488, 52.5330022 ] ] ] } },
{ "type": "Feature", "properties": { "element": "way", "id": 1388468335, "name": "EnBW Charging Station", "shop": null, "amenity": "charging_station", "office": null, "tourism": null, "leisure": null, "building": null, "opening_hours": "24/7", "poi_typ": "amenity", "dienstag_vormittag": true }, "geometry": { "type": "Polygon", "coordinates": [ [ [ 13.4585915, 52.5294519 ], [ 13.458704, 52.5294746 ], [ 13.4587253, 52.529435 ], [ 13.4586128, 52.5294122 ], [ 13.4585915, 52.5294519 ] ] ] } },
{ "type": "Feature", "properties": { "element": "way", "id": 1388655169, "name": "Qwello Chargig Station", "shop": null, "amenity": "parking", "office": null, "tourism": null, "leisure": null, "building": null, "opening_hours": "24/7", "poi_typ": "amenity", "dienstag_vormittag": true }, "geometry": { "type": "Polygon", "coordinates": [ [ [ 13.4177576, 52.554332 ], [ 13.4176007, 52.5543464 ], [ 13.4176001, 52.5543442 ], [ 13.4175948, 52.5543229 ], [ 13.4176769, 52.5543153 ], [ 13.4177517, 52.5543084 ], [ 13.417757, 52.5543295 ], [ 13.4177576, 52.554332 ] ] ] } },
{ "type": "Feature", "properties": { "element": "way", "id": 1511731199, "name": null, "shop": null, "amenity": "toilets", "office": null, "tourism": null, "leisure": null, "building": "toilets", "opening_hours": "24/7", "poi_typ": "amenity", "dienstag_vormittag": true }, "geometry": { "type": "Polygon", "coordinates": [ [ [ 13.41289, 52.5324417 ], [ 13.4128712, 52.5324476 ], [ 13.41287, 52.5324583 ], [ 13.4128796, 52.532468 ], [ 13.412898, 52.5324692 ], [ 13.4129105, 52.5324634 ], [ 13.4129131, 52.5324542 ], [ 13.4129051, 52.5324451 ], [ 13.41289, 52.5324417 ] ] ] } }
]
}
